censor,platform,source,metric,value,window,note
CN,github.io,GFWatch,gfw_rows,456,2020-03-20..2024-09-06,
CN,github.io,GFWatch,gfw_tenants,259,2020-03-20..2024-09-06,
CN,github.io,GFWatch,gfw_rules,230,2020-03-20..2024-09-06,
CN,github.io,GFWatch,gfw_suffix_rule,False,2020-03-20..2024-09-06,
CN,github.io,GFWatch,gfw_suffix_onset,,2020-03-20..2024-09-06,
CN,github.io,GFWatch,gfw_suffix_onset_source,,2020-03-20..2024-09-06,
CN,github.io,GFWatch,gfw_tenant_first,2020-03-20,2020-03-20..2024-09-06,
CN,github.io,GFWatch,gfw_tenants_pre,257,2020-03-20..2024-09-06,
CN,github.io,GFWatch,gfw_tenant_rule_rows,452,2020-03-20..2024-09-06,
CN,github.io,GFWatch,gfw_rows_in_tranco,4,2020-03-20..2024-09-06,
CN,github.io,GFWatch,gfw_first_any,2020-03-20,2020-03-20..2024-09-06,
CN,github.io,GFWatch,gfw_lc_max,2024-09-06,2020-03-20..2024-09-06,
CN,github.io,GFWatch,gfw_class,tenant,2020-03-20..2024-09-06,
CN,github.io,GFWatch,gfw_pre_rows_tenant_rule,452.0,2020-03-20..2024-09-06,
CN,github.io,GFWatch,gfw_onset_left_censored,False,2020-03-20..2024-09-06,
CN,github.io,GFWatch,gfw_tenants_blocked_last30d,192.0,2020-03-20..2024-09-06,
CN,pages.dev,GFWatch,gfw_rows,12,2020-03-20..2024-09-06,
CN,pages.dev,GFWatch,gfw_tenants,6,2020-03-20..2024-09-06,
CN,pages.dev,GFWatch,gfw_rules,6,2020-03-20..2024-09-06,
CN,pages.dev,GFWatch,gfw_suffix_rule,False,2020-03-20..2024-09-06,
CN,pages.dev,GFWatch,gfw_suffix_onset,,2020-03-20..2024-09-06,
CN,pages.dev,GFWatch,gfw_suffix_onset_source,,2020-03-20..2024-09-06,
CN,pages.dev,GFWatch,gfw_tenant_first,2022-05-02,2020-03-20..2024-09-06,
CN,pages.dev,GFWatch,gfw_tenants_pre,6,2020-03-20..2024-09-06,
CN,pages.dev,GFWatch,gfw_tenant_rule_rows,12,2020-03-20..2024-09-06,
CN,pages.dev,GFWatch,gfw_rows_in_tranco,0,2020-03-20..2024-09-06,
CN,pages.dev,GFWatch,gfw_first_any,2022-05-02,2020-03-20..2024-09-06,
CN,pages.dev,GFWatch,gfw_lc_max,2024-09-06,2020-03-20..2024-09-06,
CN,pages.dev,GFWatch,gfw_class,tenant,2020-03-20..2024-09-06,
CN,pages.dev,GFWatch,gfw_pre_rows_tenant_rule,12.0,2020-03-20..2024-09-06,
CN,pages.dev,GFWatch,gfw_onset_left_censored,False,2020-03-20..2024-09-06,
CN,pages.dev,GFWatch,gfw_tenants_blocked_last30d,4.0,2020-03-20..2024-09-06,
CN,workers.dev,GFWatch,gfw_rows,26353,2020-03-20..2024-09-06,
CN,workers.dev,GFWatch,gfw_tenants,7339,2020-03-20..2024-09-06,
CN,workers.dev,GFWatch,gfw_rules,12,2020-03-20..2024-09-06,
CN,workers.dev,GFWatch,gfw_suffix_rule,True,2020-03-20..2024-09-06,
CN,workers.dev,GFWatch,gfw_suffix_onset,2022-04-30,2020-03-20..2024-09-06,
CN,workers.dev,GFWatch,gfw_suffix_onset_source,"first_checked of the bare suffix (zone-file SLD, tested daily)",2020-03-20..2024-09-06,
CN,workers.dev,GFWatch,gfw_tenant_first,2021-03-21,2020-03-20..2024-09-06,
CN,workers.dev,GFWatch,gfw_tenants_pre,5,2020-03-20..2024-09-06,
CN,workers.dev,GFWatch,gfw_tenant_rule_rows,10,2020-03-20..2024-09-06,
CN,workers.dev,GFWatch,gfw_rows_in_tranco,353,2020-03-20..2024-09-06,
CN,workers.dev,GFWatch,gfw_first_any,2021-03-21,2020-03-20..2024-09-06,
CN,workers.dev,GFWatch,gfw_lc_max,2024-09-06,2020-03-20..2024-09-06,
CN,workers.dev,GFWatch,gfw_class,mixed,2020-03-20..2024-09-06,
CN,workers.dev,GFWatch,gfw_pre_rows_tenant_rule,3.0,2020-03-20..2024-09-06,
CN,workers.dev,GFWatch,gfw_onset_left_censored,False,2020-03-20..2024-09-06,
CN,workers.dev,GFWatch,gfw_tenants_blocked_last30d,225.0,2020-03-20..2024-09-06,
CN,vercel.app,GFWatch,gfw_rows,124254,2020-03-20..2024-09-06,
CN,vercel.app,GFWatch,gfw_tenants,63265,2020-03-20..2024-09-06,
CN,vercel.app,GFWatch,gfw_rules,2,2020-03-20..2024-09-06,
CN,vercel.app,GFWatch,gfw_suffix_rule,True,2020-03-20..2024-09-06,
CN,vercel.app,GFWatch,gfw_suffix_onset,2022-08-26,2020-03-20..2024-09-06,
CN,vercel.app,GFWatch,gfw_suffix_onset_source,"first_checked of the bare suffix (zone-file SLD, tested daily)",2020-03-20..2024-09-06,
CN,vercel.app,GFWatch,gfw_tenant_first,2022-07-15,2020-03-20..2024-09-06,
CN,vercel.app,GFWatch,gfw_tenants_pre,1,2020-03-20..2024-09-06,
CN,vercel.app,GFWatch,gfw_tenant_rule_rows,1,2020-03-20..2024-09-06,
CN,vercel.app,GFWatch,gfw_rows_in_tranco,137,2020-03-20..2024-09-06,
CN,vercel.app,GFWatch,gfw_first_any,2022-07-15,2020-03-20..2024-09-06,
CN,vercel.app,GFWatch,gfw_lc_max,2024-09-06,2020-03-20..2024-09-06,
CN,vercel.app,GFWatch,gfw_class,mixed,2020-03-20..2024-09-06,
CN,vercel.app,GFWatch,gfw_pre_rows_tenant_rule,1.0,2020-03-20..2024-09-06,
CN,vercel.app,GFWatch,gfw_onset_left_censored,False,2020-03-20..2024-09-06,
CN,vercel.app,GFWatch,gfw_tenants_blocked_last30d,811.0,2020-03-20..2024-09-06,
CN,netlify.app,GFWatch,gfw_rows,16,2020-03-20..2024-09-06,
CN,netlify.app,GFWatch,gfw_tenants,8,2020-03-20..2024-09-06,
CN,netlify.app,GFWatch,gfw_rules,8,2020-03-20..2024-09-06,
CN,netlify.app,GFWatch,gfw_suffix_rule,False,2020-03-20..2024-09-06,
CN,netlify.app,GFWatch,gfw_suffix_onset,,2020-03-20..2024-09-06,
CN,netlify.app,GFWatch,gfw_suffix_onset_source,,2020-03-20..2024-09-06,
CN,netlify.app,GFWatch,gfw_tenant_first,2022-05-02,2020-03-20..2024-09-06,
CN,netlify.app,GFWatch,gfw_tenants_pre,8,2020-03-20..2024-09-06,
CN,netlify.app,GFWatch,gfw_tenant_rule_rows,16,2020-03-20..2024-09-06,
CN,netlify.app,GFWatch,gfw_rows_in_tranco,0,2020-03-20..2024-09-06,
CN,netlify.app,GFWatch,gfw_first_any,2022-05-02,2020-03-20..2024-09-06,
CN,netlify.app,GFWatch,gfw_lc_max,2024-09-06,2020-03-20..2024-09-06,
CN,netlify.app,GFWatch,gfw_class,tenant,2020-03-20..2024-09-06,
CN,netlify.app,GFWatch,gfw_pre_rows_tenant_rule,16.0,2020-03-20..2024-09-06,
CN,netlify.app,GFWatch,gfw_onset_left_censored,False,2020-03-20..2024-09-06,
CN,netlify.app,GFWatch,gfw_tenants_blocked_last30d,8.0,2020-03-20..2024-09-06,
CN,herokuapp.com,GFWatch,gfw_rows,143792,2020-03-20..2024-09-06,
CN,herokuapp.com,GFWatch,gfw_tenants,72261,2020-03-20..2024-09-06,
CN,herokuapp.com,GFWatch,gfw_rules,22,2020-03-20..2024-09-06,
CN,herokuapp.com,GFWatch,gfw_suffix_rule,True,2020-03-20..2024-09-06,
CN,herokuapp.com,GFWatch,gfw_suffix_onset,2022-10-11,2020-03-20..2024-09-06,
CN,herokuapp.com,GFWatch,gfw_suffix_onset_source,"first_checked of the bare suffix (zone-file SLD, tested daily)",2020-03-20..2024-09-06,
CN,herokuapp.com,GFWatch,gfw_tenant_first,2020-08-31,2020-03-20..2024-09-06,
CN,herokuapp.com,GFWatch,gfw_tenants_pre,54,2020-03-20..2024-09-06,
CN,herokuapp.com,GFWatch,gfw_tenant_rule_rows,32,2020-03-20..2024-09-06,
CN,herokuapp.com,GFWatch,gfw_rows_in_tranco,814,2020-03-20..2024-09-06,
CN,herokuapp.com,GFWatch,gfw_first_any,2020-08-31,2020-03-20..2024-09-06,
CN,herokuapp.com,GFWatch,gfw_lc_max,2024-09-06,2020-03-20..2024-09-06,
CN,herokuapp.com,GFWatch,gfw_class,mixed,2020-03-20..2024-09-06,
CN,herokuapp.com,GFWatch,gfw_pre_rows_tenant_rule,29.0,2020-03-20..2024-09-06,
CN,herokuapp.com,GFWatch,gfw_onset_left_censored,False,2020-03-20..2024-09-06,
CN,herokuapp.com,GFWatch,gfw_tenants_blocked_last30d,892.0,2020-03-20..2024-09-06,
CN,appspot.com,GFWatch,gfw_rows,76491,2020-03-20..2024-09-06,
CN,appspot.com,GFWatch,gfw_tenants,42001,2020-03-20..2024-09-06,
CN,appspot.com,GFWatch,gfw_rules,3,2020-03-20..2024-09-06,
CN,appspot.com,GFWatch,gfw_suffix_rule,True,2020-03-20..2024-09-06,
CN,appspot.com,GFWatch,gfw_suffix_onset,2020-03-20,2020-03-20..2024-09-06,
CN,appspot.com,GFWatch,gfw_suffix_onset_source,"first_checked of the bare suffix (zone-file SLD, tested daily)",2020-03-20..2024-09-06,
CN,appspot.com,GFWatch,gfw_tenant_first,,2020-03-20..2024-09-06,
CN,appspot.com,GFWatch,gfw_tenants_pre,0,2020-03-20..2024-09-06,
CN,appspot.com,GFWatch,gfw_tenant_rule_rows,0,2020-03-20..2024-09-06,
CN,appspot.com,GFWatch,gfw_rows_in_tranco,1149,2020-03-20..2024-09-06,
CN,appspot.com,GFWatch,gfw_first_any,2020-03-20,2020-03-20..2024-09-06,
CN,appspot.com,GFWatch,gfw_lc_max,2024-09-06,2020-03-20..2024-09-06,
CN,appspot.com,GFWatch,gfw_class,suffix,2020-03-20..2024-09-06,
CN,appspot.com,GFWatch,gfw_pre_rows_tenant_rule,0.0,2020-03-20..2024-09-06,
CN,appspot.com,GFWatch,gfw_onset_left_censored,True,2020-03-20..2024-09-06,
CN,appspot.com,GFWatch,gfw_tenants_blocked_last30d,2652.0,2020-03-20..2024-09-06,
CN,web.app,GFWatch,gfw_rows,4,2020-03-20..2024-09-06,
CN,web.app,GFWatch,gfw_tenants,3,2020-03-20..2024-09-06,
CN,web.app,GFWatch,gfw_rules,3,2020-03-20..2024-09-06,
CN,web.app,GFWatch,gfw_suffix_rule,False,2020-03-20..2024-09-06,
CN,web.app,GFWatch,gfw_suffix_onset,,2020-03-20..2024-09-06,
CN,web.app,GFWatch,gfw_suffix_onset_source,,2020-03-20..2024-09-06,
CN,web.app,GFWatch,gfw_tenant_first,2021-03-21,2020-03-20..2024-09-06,
CN,web.app,GFWatch,gfw_tenants_pre,3,2020-03-20..2024-09-06,
CN,web.app,GFWatch,gfw_tenant_rule_rows,4,2020-03-20..2024-09-06,
CN,web.app,GFWatch,gfw_rows_in_tranco,0,2020-03-20..2024-09-06,
CN,web.app,GFWatch,gfw_first_any,2021-03-21,2020-03-20..2024-09-06,
CN,web.app,GFWatch,gfw_lc_max,2024-09-06,2020-03-20..2024-09-06,
CN,web.app,GFWatch,gfw_class,tenant,2020-03-20..2024-09-06,
CN,web.app,GFWatch,gfw_pre_rows_tenant_rule,4.0,2020-03-20..2024-09-06,
CN,web.app,GFWatch,gfw_onset_left_censored,False,2020-03-20..2024-09-06,
CN,web.app,GFWatch,gfw_tenants_blocked_last30d,1.0,2020-03-20..2024-09-06,
CN,firebaseapp.com,GFWatch,gfw_rows,7,2020-03-20..2024-09-06,
CN,firebaseapp.com,GFWatch,gfw_tenants,4,2020-03-20..2024-09-06,
CN,firebaseapp.com,GFWatch,gfw_rules,4,2020-03-20..2024-09-06,
CN,firebaseapp.com,GFWatch,gfw_suffix_rule,False,2020-03-20..2024-09-06,
CN,firebaseapp.com,GFWatch,gfw_suffix_onset,,2020-03-20..2024-09-06,
CN,firebaseapp.com,GFWatch,gfw_suffix_onset_source,,2020-03-20..2024-09-06,
CN,firebaseapp.com,GFWatch,gfw_tenant_first,2020-09-24,2020-03-20..2024-09-06,
CN,firebaseapp.com,GFWatch,gfw_tenants_pre,4,2020-03-20..2024-09-06,
CN,firebaseapp.com,GFWatch,gfw_tenant_rule_rows,7,2020-03-20..2024-09-06,
CN,firebaseapp.com,GFWatch,gfw_rows_in_tranco,0,2020-03-20..2024-09-06,
CN,firebaseapp.com,GFWatch,gfw_first_any,2020-09-24,2020-03-20..2024-09-06,
CN,firebaseapp.com,GFWatch,gfw_lc_max,2024-09-06,2020-03-20..2024-09-06,
CN,firebaseapp.com,GFWatch,gfw_class,tenant,2020-03-20..2024-09-06,
CN,firebaseapp.com,GFWatch,gfw_pre_rows_tenant_rule,7.0,2020-03-20..2024-09-06,
CN,firebaseapp.com,GFWatch,gfw_onset_left_censored,False,2020-03-20..2024-09-06,
CN,firebaseapp.com,GFWatch,gfw_tenants_blocked_last30d,2.0,2020-03-20..2024-09-06,
CN,cloudfront.net,GFWatch,gfw_rows,186,2020-03-20..2024-09-06,
CN,cloudfront.net,GFWatch,gfw_tenants,126,2020-03-20..2024-09-06,
CN,cloudfront.net,GFWatch,gfw_rules,156,2020-03-20..2024-09-06,
CN,cloudfront.net,GFWatch,gfw_suffix_rule,False,2020-03-20..2024-09-06,
CN,cloudfront.net,GFWatch,gfw_suffix_onset,,2020-03-20..2024-09-06,
CN,cloudfront.net,GFWatch,gfw_suffix_onset_source,,2020-03-20..2024-09-06,
CN,cloudfront.net,GFWatch,gfw_tenant_first,2020-03-20,2020-03-20..2024-09-06,
CN,cloudfront.net,GFWatch,gfw_tenants_pre,126,2020-03-20..2024-09-06,
CN,cloudfront.net,GFWatch,gfw_tenant_rule_rows,183,2020-03-20..2024-09-06,
CN,cloudfront.net,GFWatch,gfw_rows_in_tranco,0,2020-03-20..2024-09-06,
CN,cloudfront.net,GFWatch,gfw_first_any,2020-03-20,2020-03-20..2024-09-06,
CN,cloudfront.net,GFWatch,gfw_lc_max,2024-09-06,2020-03-20..2024-09-06,
CN,cloudfront.net,GFWatch,gfw_class,tenant,2020-03-20..2024-09-06,
CN,cloudfront.net,GFWatch,gfw_pre_rows_tenant_rule,183.0,2020-03-20..2024-09-06,
CN,cloudfront.net,GFWatch,gfw_onset_left_censored,False,2020-03-20..2024-09-06,
CN,cloudfront.net,GFWatch,gfw_tenants_blocked_last30d,102.0,2020-03-20..2024-09-06,
CN,azurewebsites.net,GFWatch,gfw_rows,46,2020-03-20..2024-09-06,
CN,azurewebsites.net,GFWatch,gfw_tenants,28,2020-03-20..2024-09-06,
CN,azurewebsites.net,GFWatch,gfw_rules,32,2020-03-20..2024-09-06,
CN,azurewebsites.net,GFWatch,gfw_suffix_rule,False,2020-03-20..2024-09-06,
CN,azurewebsites.net,GFWatch,gfw_suffix_onset,,2020-03-20..2024-09-06,
CN,azurewebsites.net,GFWatch,gfw_suffix_onset_source,,2020-03-20..2024-09-06,
CN,azurewebsites.net,GFWatch,gfw_tenant_first,2020-03-20,2020-03-20..2024-09-06,
CN,azurewebsites.net,GFWatch,gfw_tenants_pre,28,2020-03-20..2024-09-06,
CN,azurewebsites.net,GFWatch,gfw_tenant_rule_rows,46,2020-03-20..2024-09-06,
CN,azurewebsites.net,GFWatch,gfw_rows_in_tranco,4,2020-03-20..2024-09-06,
CN,azurewebsites.net,GFWatch,gfw_first_any,2020-03-20,2020-03-20..2024-09-06,
CN,azurewebsites.net,GFWatch,gfw_lc_max,2024-09-06,2020-03-20..2024-09-06,
CN,azurewebsites.net,GFWatch,gfw_class,tenant,2020-03-20..2024-09-06,
CN,azurewebsites.net,GFWatch,gfw_pre_rows_tenant_rule,46.0,2020-03-20..2024-09-06,
CN,azurewebsites.net,GFWatch,gfw_onset_left_censored,False,2020-03-20..2024-09-06,
CN,azurewebsites.net,GFWatch,gfw_tenants_blocked_last30d,25.0,2020-03-20..2024-09-06,
CN,azurefd.net,GFWatch,gfw_rows,3,2020-03-20..2024-09-06,
CN,azurefd.net,GFWatch,gfw_tenants,2,2020-03-20..2024-09-06,
CN,azurefd.net,GFWatch,gfw_rules,3,2020-03-20..2024-09-06,
CN,azurefd.net,GFWatch,gfw_suffix_rule,False,2020-03-20..2024-09-06,
CN,azurefd.net,GFWatch,gfw_suffix_onset,,2020-03-20..2024-09-06,
CN,azurefd.net,GFWatch,gfw_suffix_onset_source,,2020-03-20..2024-09-06,
CN,azurefd.net,GFWatch,gfw_tenant_first,2024-01-29,2020-03-20..2024-09-06,
CN,azurefd.net,GFWatch,gfw_tenants_pre,2,2020-03-20..2024-09-06,
CN,azurefd.net,GFWatch,gfw_tenant_rule_rows,3,2020-03-20..2024-09-06,
CN,azurefd.net,GFWatch,gfw_rows_in_tranco,0,2020-03-20..2024-09-06,
CN,azurefd.net,GFWatch,gfw_first_any,2024-01-29,2020-03-20..2024-09-06,
CN,azurefd.net,GFWatch,gfw_lc_max,2024-06-02,2020-03-20..2024-09-06,
CN,azurefd.net,GFWatch,gfw_class,tenant,2020-03-20..2024-09-06,
CN,azurefd.net,GFWatch,gfw_pre_rows_tenant_rule,3.0,2020-03-20..2024-09-06,
CN,azurefd.net,GFWatch,gfw_onset_left_censored,False,2020-03-20..2024-09-06,
CN,azurefd.net,GFWatch,gfw_tenants_blocked_last30d,0.0,2020-03-20..2024-09-06,
CN,run.app,GFWatch,gfw_rows,0,2020-03-20..2024-09-06,
CN,run.app,GFWatch,gfw_tenants,0,2020-03-20..2024-09-06,
CN,run.app,GFWatch,gfw_rules,0,2020-03-20..2024-09-06,
CN,run.app,GFWatch,gfw_suffix_rule,False,2020-03-20..2024-09-06,
CN,run.app,GFWatch,gfw_suffix_onset,,2020-03-20..2024-09-06,
CN,run.app,GFWatch,gfw_suffix_onset_source,,2020-03-20..2024-09-06,
CN,run.app,GFWatch,gfw_tenant_first,,2020-03-20..2024-09-06,
CN,run.app,GFWatch,gfw_tenants_pre,0,2020-03-20..2024-09-06,
CN,run.app,GFWatch,gfw_tenant_rule_rows,0,2020-03-20..2024-09-06,
CN,run.app,GFWatch,gfw_rows_in_tranco,0,2020-03-20..2024-09-06,
CN,run.app,GFWatch,gfw_first_any,,2020-03-20..2024-09-06,
CN,run.app,GFWatch,gfw_lc_max,,2020-03-20..2024-09-06,
CN,run.app,GFWatch,gfw_class,none,2020-03-20..2024-09-06,
CN,run.app,GFWatch,gfw_pre_rows_tenant_rule,,2020-03-20..2024-09-06,
CN,run.app,GFWatch,gfw_onset_left_censored,,2020-03-20..2024-09-06,
CN,run.app,GFWatch,gfw_tenants_blocked_last30d,,2020-03-20..2024-09-06,
CN,on.aws,GFWatch,gfw_rows,0,2020-03-20..2024-09-06,
CN,on.aws,GFWatch,gfw_tenants,0,2020-03-20..2024-09-06,
CN,on.aws,GFWatch,gfw_rules,0,2020-03-20..2024-09-06,
CN,on.aws,GFWatch,gfw_suffix_rule,False,2020-03-20..2024-09-06,
CN,on.aws,GFWatch,gfw_suffix_onset,,2020-03-20..2024-09-06,
CN,on.aws,GFWatch,gfw_suffix_onset_source,,2020-03-20..2024-09-06,
CN,on.aws,GFWatch,gfw_tenant_first,,2020-03-20..2024-09-06,
CN,on.aws,GFWatch,gfw_tenants_pre,0,2020-03-20..2024-09-06,
CN,on.aws,GFWatch,gfw_tenant_rule_rows,0,2020-03-20..2024-09-06,
CN,on.aws,GFWatch,gfw_rows_in_tranco,0,2020-03-20..2024-09-06,
CN,on.aws,GFWatch,gfw_first_any,,2020-03-20..2024-09-06,
CN,on.aws,GFWatch,gfw_lc_max,,2020-03-20..2024-09-06,
CN,on.aws,GFWatch,gfw_class,none,2020-03-20..2024-09-06,
CN,on.aws,GFWatch,gfw_pre_rows_tenant_rule,,2020-03-20..2024-09-06,
CN,on.aws,GFWatch,gfw_onset_left_censored,,2020-03-20..2024-09-06,
CN,on.aws,GFWatch,gfw_tenants_blocked_last30d,,2020-03-20..2024-09-06,
CN,deno.dev,GFWatch,gfw_rows,2,2020-03-20..2024-09-06,
CN,deno.dev,GFWatch,gfw_tenants,1,2020-03-20..2024-09-06,
CN,deno.dev,GFWatch,gfw_rules,1,2020-03-20..2024-09-06,
CN,deno.dev,GFWatch,gfw_suffix_rule,False,2020-03-20..2024-09-06,
CN,deno.dev,GFWatch,gfw_suffix_onset,,2020-03-20..2024-09-06,
CN,deno.dev,GFWatch,gfw_suffix_onset_source,,2020-03-20..2024-09-06,
CN,deno.dev,GFWatch,gfw_tenant_first,2022-10-11,2020-03-20..2024-09-06,
CN,deno.dev,GFWatch,gfw_tenants_pre,1,2020-03-20..2024-09-06,
CN,deno.dev,GFWatch,gfw_tenant_rule_rows,2,2020-03-20..2024-09-06,
CN,deno.dev,GFWatch,gfw_rows_in_tranco,0,2020-03-20..2024-09-06,
CN,deno.dev,GFWatch,gfw_first_any,2022-10-11,2020-03-20..2024-09-06,
CN,deno.dev,GFWatch,gfw_lc_max,2024-09-06,2020-03-20..2024-09-06,
CN,deno.dev,GFWatch,gfw_class,tenant,2020-03-20..2024-09-06,
CN,deno.dev,GFWatch,gfw_pre_rows_tenant_rule,2.0,2020-03-20..2024-09-06,
CN,deno.dev,GFWatch,gfw_onset_left_censored,False,2020-03-20..2024-09-06,
CN,deno.dev,GFWatch,gfw_tenants_blocked_last30d,1.0,2020-03-20..2024-09-06,
CN,fly.dev,GFWatch,gfw_rows,6,2020-03-20..2024-09-06,
CN,fly.dev,GFWatch,gfw_tenants,3,2020-03-20..2024-09-06,
CN,fly.dev,GFWatch,gfw_rules,3,2020-03-20..2024-09-06,
CN,fly.dev,GFWatch,gfw_suffix_rule,False,2020-03-20..2024-09-06,
CN,fly.dev,GFWatch,gfw_suffix_onset,,2020-03-20..2024-09-06,
CN,fly.dev,GFWatch,gfw_suffix_onset_source,,2020-03-20..2024-09-06,
CN,fly.dev,GFWatch,gfw_tenant_first,2022-02-16,2020-03-20..2024-09-06,
CN,fly.dev,GFWatch,gfw_tenants_pre,3,2020-03-20..2024-09-06,
CN,fly.dev,GFWatch,gfw_tenant_rule_rows,6,2020-03-20..2024-09-06,
CN,fly.dev,GFWatch,gfw_rows_in_tranco,0,2020-03-20..2024-09-06,
CN,fly.dev,GFWatch,gfw_first_any,2022-02-16,2020-03-20..2024-09-06,
CN,fly.dev,GFWatch,gfw_lc_max,2024-09-06,2020-03-20..2024-09-06,
CN,fly.dev,GFWatch,gfw_class,tenant,2020-03-20..2024-09-06,
CN,fly.dev,GFWatch,gfw_pre_rows_tenant_rule,6.0,2020-03-20..2024-09-06,
CN,fly.dev,GFWatch,gfw_onset_left_censored,False,2020-03-20..2024-09-06,
CN,fly.dev,GFWatch,gfw_tenants_blocked_last30d,3.0,2020-03-20..2024-09-06,
CN,onrender.com,GFWatch,gfw_rows,4,2020-03-20..2024-09-06,
CN,onrender.com,GFWatch,gfw_tenants,2,2020-03-20..2024-09-06,
CN,onrender.com,GFWatch,gfw_rules,2,2020-03-20..2024-09-06,
CN,onrender.com,GFWatch,gfw_suffix_rule,False,2020-03-20..2024-09-06,
CN,onrender.com,GFWatch,gfw_suffix_onset,,2020-03-20..2024-09-06,
CN,onrender.com,GFWatch,gfw_suffix_onset_source,,2020-03-20..2024-09-06,
CN,onrender.com,GFWatch,gfw_tenant_first,2022-10-02,2020-03-20..2024-09-06,
CN,onrender.com,GFWatch,gfw_tenants_pre,2,2020-03-20..2024-09-06,
CN,onrender.com,GFWatch,gfw_tenant_rule_rows,4,2020-03-20..2024-09-06,
CN,onrender.com,GFWatch,gfw_rows_in_tranco,0,2020-03-20..2024-09-06,
CN,onrender.com,GFWatch,gfw_first_any,2022-10-02,2020-03-20..2024-09-06,
CN,onrender.com,GFWatch,gfw_lc_max,2024-09-06,2020-03-20..2024-09-06,
CN,onrender.com,GFWatch,gfw_class,tenant,2020-03-20..2024-09-06,
CN,onrender.com,GFWatch,gfw_pre_rows_tenant_rule,4.0,2020-03-20..2024-09-06,
CN,onrender.com,GFWatch,gfw_onset_left_censored,False,2020-03-20..2024-09-06,
CN,onrender.com,GFWatch,gfw_tenants_blocked_last30d,2.0,2020-03-20..2024-09-06,
CN,trycloudflare.com,GFWatch,gfw_rows,0,2020-03-20..2024-09-06,
CN,trycloudflare.com,GFWatch,gfw_tenants,0,2020-03-20..2024-09-06,
CN,trycloudflare.com,GFWatch,gfw_rules,0,2020-03-20..2024-09-06,
CN,trycloudflare.com,GFWatch,gfw_suffix_rule,False,2020-03-20..2024-09-06,
CN,trycloudflare.com,GFWatch,gfw_suffix_onset,,2020-03-20..2024-09-06,
CN,trycloudflare.com,GFWatch,gfw_suffix_onset_source,,2020-03-20..2024-09-06,
CN,trycloudflare.com,GFWatch,gfw_tenant_first,,2020-03-20..2024-09-06,
CN,trycloudflare.com,GFWatch,gfw_tenants_pre,0,2020-03-20..2024-09-06,
CN,trycloudflare.com,GFWatch,gfw_tenant_rule_rows,0,2020-03-20..2024-09-06,
CN,trycloudflare.com,GFWatch,gfw_rows_in_tranco,0,2020-03-20..2024-09-06,
CN,trycloudflare.com,GFWatch,gfw_first_any,,2020-03-20..2024-09-06,
CN,trycloudflare.com,GFWatch,gfw_lc_max,,2020-03-20..2024-09-06,
CN,trycloudflare.com,GFWatch,gfw_class,none,2020-03-20..2024-09-06,
CN,trycloudflare.com,GFWatch,gfw_pre_rows_tenant_rule,,2020-03-20..2024-09-06,
CN,trycloudflare.com,GFWatch,gfw_onset_left_censored,,2020-03-20..2024-09-06,
CN,trycloudflare.com,GFWatch,gfw_tenants_blocked_last30d,,2020-03-20..2024-09-06,
CN,r2.dev,GFWatch,gfw_rows,0,2020-03-20..2024-09-06,
CN,r2.dev,GFWatch,gfw_tenants,0,2020-03-20..2024-09-06,
CN,r2.dev,GFWatch,gfw_rules,0,2020-03-20..2024-09-06,
CN,r2.dev,GFWatch,gfw_suffix_rule,False,2020-03-20..2024-09-06,
CN,r2.dev,GFWatch,gfw_suffix_onset,,2020-03-20..2024-09-06,
CN,r2.dev,GFWatch,gfw_suffix_onset_source,,2020-03-20..2024-09-06,
CN,r2.dev,GFWatch,gfw_tenant_first,,2020-03-20..2024-09-06,
CN,r2.dev,GFWatch,gfw_tenants_pre,0,2020-03-20..2024-09-06,
CN,r2.dev,GFWatch,gfw_tenant_rule_rows,0,2020-03-20..2024-09-06,
CN,r2.dev,GFWatch,gfw_rows_in_tranco,0,2020-03-20..2024-09-06,
CN,r2.dev,GFWatch,gfw_first_any,,2020-03-20..2024-09-06,
CN,r2.dev,GFWatch,gfw_lc_max,,2020-03-20..2024-09-06,
CN,r2.dev,GFWatch,gfw_class,none,2020-03-20..2024-09-06,
CN,r2.dev,GFWatch,gfw_pre_rows_tenant_rule,,2020-03-20..2024-09-06,
CN,r2.dev,GFWatch,gfw_onset_left_censored,,2020-03-20..2024-09-06,
CN,r2.dev,GFWatch,gfw_tenants_blocked_last30d,,2020-03-20..2024-09-06,
CN,github.io,gfwlist,gfwlist_suffix_rule_first,2016-09-04,2009-02..2026-10-02,community proxy list
CN,github.io,gfwlist,gfwlist_suffix_rule_current_since,2020-07-17,2009-02..2026-10-02,community proxy list
CN,github.io,gfwlist,gfwlist_suffix_rule_at_head,True,2009-02..2026-10-02,community proxy list
CN,github.io,gfwlist,gfwlist_suffix_rule_runs,2,2009-02..2026-10-02,community proxy list
CN,github.io,gfwlist,gfwlist_tenant_rule_first,2015-03-03,2009-02..2026-10-02,community proxy list
CN,github.io,gfwlist,gfwlist_tenant_lines_at_head,0,2009-02..2026-10-02,community proxy list
CN,github.io,gfwlist,gfwlist_tenant_lines_max,11,2009-02..2026-10-02,community proxy list
CN,pages.dev,gfwlist,gfwlist_suffix_rule_first,2022-03-12,2009-02..2026-10-02,community proxy list
CN,pages.dev,gfwlist,gfwlist_suffix_rule_current_since,,2009-02..2026-10-02,community proxy list
CN,pages.dev,gfwlist,gfwlist_suffix_rule_at_head,False,2009-02..2026-10-02,community proxy list
CN,pages.dev,gfwlist,gfwlist_suffix_rule_runs,2,2009-02..2026-10-02,community proxy list
CN,pages.dev,gfwlist,gfwlist_tenant_rule_first,,2009-02..2026-10-02,community proxy list
CN,pages.dev,gfwlist,gfwlist_tenant_lines_at_head,0,2009-02..2026-10-02,community proxy list
CN,pages.dev,gfwlist,gfwlist_tenant_lines_max,0,2009-02..2026-10-02,community proxy list
CN,workers.dev,gfwlist,gfwlist_suffix_rule_first,2022-05-22,2009-02..2026-10-02,community proxy list
CN,workers.dev,gfwlist,gfwlist_suffix_rule_current_since,2022-05-22,2009-02..2026-10-02,community proxy list
CN,workers.dev,gfwlist,gfwlist_suffix_rule_at_head,True,2009-02..2026-10-02,community proxy list
CN,workers.dev,gfwlist,gfwlist_suffix_rule_runs,1,2009-02..2026-10-02,community proxy list
CN,workers.dev,gfwlist,gfwlist_tenant_rule_first,,2009-02..2026-10-02,community proxy list
CN,workers.dev,gfwlist,gfwlist_tenant_lines_at_head,0,2009-02..2026-10-02,community proxy list
CN,workers.dev,gfwlist,gfwlist_tenant_lines_max,0,2009-02..2026-10-02,community proxy list
CN,vercel.app,gfwlist,gfwlist_suffix_rule_first,2022-09-26,2009-02..2026-10-02,community proxy list
CN,vercel.app,gfwlist,gfwlist_suffix_rule_current_since,2022-09-26,2009-02..2026-10-02,community proxy list
CN,vercel.app,gfwlist,gfwlist_suffix_rule_at_head,True,2009-02..2026-10-02,community proxy list
CN,vercel.app,gfwlist,gfwlist_suffix_rule_runs,1,2009-02..2026-10-02,community proxy list
CN,vercel.app,gfwlist,gfwlist_tenant_rule_first,,2009-02..2026-10-02,community proxy list
CN,vercel.app,gfwlist,gfwlist_tenant_lines_at_head,0,2009-02..2026-10-02,community proxy list
CN,vercel.app,gfwlist,gfwlist_tenant_lines_max,0,2009-02..2026-10-02,community proxy list
CN,netlify.app,gfwlist,gfwlist_suffix_rule_first,2025-03-13,2009-02..2026-10-02,community proxy list
CN,netlify.app,gfwlist,gfwlist_suffix_rule_current_since,2025-03-13,2009-02..2026-10-02,community proxy list
CN,netlify.app,gfwlist,gfwlist_suffix_rule_at_head,True,2009-02..2026-10-02,community proxy list
CN,netlify.app,gfwlist,gfwlist_suffix_rule_runs,1,2009-02..2026-10-02,community proxy list
CN,netlify.app,gfwlist,gfwlist_tenant_rule_first,,2009-02..2026-10-02,community proxy list
CN,netlify.app,gfwlist,gfwlist_tenant_lines_at_head,0,2009-02..2026-10-02,community proxy list
CN,netlify.app,gfwlist,gfwlist_tenant_lines_max,0,2009-02..2026-10-02,community proxy list
CN,herokuapp.com,gfwlist,gfwlist_suffix_rule_first,2024-12-31,2009-02..2026-10-02,community proxy list
CN,herokuapp.com,gfwlist,gfwlist_suffix_rule_current_since,2024-12-31,2009-02..2026-10-02,community proxy list
CN,herokuapp.com,gfwlist,gfwlist_suffix_rule_at_head,True,2009-02..2026-10-02,community proxy list
CN,herokuapp.com,gfwlist,gfwlist_suffix_rule_runs,1,2009-02..2026-10-02,community proxy list
CN,herokuapp.com,gfwlist,gfwlist_tenant_rule_first,,2009-02..2026-10-02,community proxy list
CN,herokuapp.com,gfwlist,gfwlist_tenant_lines_at_head,0,2009-02..2026-10-02,community proxy list
CN,herokuapp.com,gfwlist,gfwlist_tenant_lines_max,0,2009-02..2026-10-02,community proxy list
CN,appspot.com,gfwlist,gfwlist_suffix_rule_first,2009-10-01,2009-02..2026-10-02,community proxy list
CN,appspot.com,gfwlist,gfwlist_suffix_rule_current_since,2010-08-26,2009-02..2026-10-02,community proxy list
CN,appspot.com,gfwlist,gfwlist_suffix_rule_at_head,True,2009-02..2026-10-02,community proxy list
CN,appspot.com,gfwlist,gfwlist_suffix_rule_runs,3,2009-02..2026-10-02,community proxy list
CN,appspot.com,gfwlist,gfwlist_tenant_rule_first,2009-03-05,2009-02..2026-10-02,community proxy list
CN,appspot.com,gfwlist,gfwlist_tenant_lines_at_head,0,2009-02..2026-10-02,community proxy list
CN,appspot.com,gfwlist,gfwlist_tenant_lines_max,11,2009-02..2026-10-02,community proxy list
CN,web.app,gfwlist,gfwlist_suffix_rule_first,,2009-02..2026-10-02,community proxy list
CN,web.app,gfwlist,gfwlist_suffix_rule_current_since,,2009-02..2026-10-02,community proxy list
CN,web.app,gfwlist,gfwlist_suffix_rule_at_head,False,2009-02..2026-10-02,community proxy list
CN,web.app,gfwlist,gfwlist_suffix_rule_runs,0,2009-02..2026-10-02,community proxy list
CN,web.app,gfwlist,gfwlist_tenant_rule_first,,2009-02..2026-10-02,community proxy list
CN,web.app,gfwlist,gfwlist_tenant_lines_at_head,0,2009-02..2026-10-02,community proxy list
CN,web.app,gfwlist,gfwlist_tenant_lines_max,0,2009-02..2026-10-02,community proxy list
CN,firebaseapp.com,gfwlist,gfwlist_suffix_rule_first,,2009-02..2026-10-02,community proxy list
CN,firebaseapp.com,gfwlist,gfwlist_suffix_rule_current_since,,2009-02..2026-10-02,community proxy list
CN,firebaseapp.com,gfwlist,gfwlist_suffix_rule_at_head,False,2009-02..2026-10-02,community proxy list
CN,firebaseapp.com,gfwlist,gfwlist_suffix_rule_runs,0,2009-02..2026-10-02,community proxy list
CN,firebaseapp.com,gfwlist,gfwlist_tenant_rule_first,,2009-02..2026-10-02,community proxy list
CN,firebaseapp.com,gfwlist,gfwlist_tenant_lines_at_head,0,2009-02..2026-10-02,community proxy list
CN,firebaseapp.com,gfwlist,gfwlist_tenant_lines_max,0,2009-02..2026-10-02,community proxy list
CN,cloudfront.net,gfwlist,gfwlist_suffix_rule_first,2025-03-04,2009-02..2026-10-02,community proxy list
CN,cloudfront.net,gfwlist,gfwlist_suffix_rule_current_since,,2009-02..2026-10-02,community proxy list
CN,cloudfront.net,gfwlist,gfwlist_suffix_rule_at_head,False,2009-02..2026-10-02,community proxy list
CN,cloudfront.net,gfwlist,gfwlist_suffix_rule_runs,2,2009-02..2026-10-02,community proxy list
CN,cloudfront.net,gfwlist,gfwlist_tenant_rule_first,2016-06-16,2009-02..2026-10-02,community proxy list
CN,cloudfront.net,gfwlist,gfwlist_tenant_lines_at_head,0,2009-02..2026-10-02,community proxy list
CN,cloudfront.net,gfwlist,gfwlist_tenant_lines_max,7,2009-02..2026-10-02,community proxy list
CN,azurewebsites.net,gfwlist,gfwlist_suffix_rule_first,,2009-02..2026-10-02,community proxy list
CN,azurewebsites.net,gfwlist,gfwlist_suffix_rule_current_since,,2009-02..2026-10-02,community proxy list
CN,azurewebsites.net,gfwlist,gfwlist_suffix_rule_at_head,False,2009-02..2026-10-02,community proxy list
CN,azurewebsites.net,gfwlist,gfwlist_suffix_rule_runs,0,2009-02..2026-10-02,community proxy list
CN,azurewebsites.net,gfwlist,gfwlist_tenant_rule_first,2016-01-25,2009-02..2026-10-02,community proxy list
CN,azurewebsites.net,gfwlist,gfwlist_tenant_lines_at_head,1,2009-02..2026-10-02,community proxy list
CN,azurewebsites.net,gfwlist,gfwlist_tenant_lines_max,2,2009-02..2026-10-02,community proxy list
CN,azurefd.net,gfwlist,gfwlist_suffix_rule_first,,2009-02..2026-10-02,community proxy list
CN,azurefd.net,gfwlist,gfwlist_suffix_rule_current_since,,2009-02..2026-10-02,community proxy list
CN,azurefd.net,gfwlist,gfwlist_suffix_rule_at_head,False,2009-02..2026-10-02,community proxy list
CN,azurefd.net,gfwlist,gfwlist_suffix_rule_runs,0,2009-02..2026-10-02,community proxy list
CN,azurefd.net,gfwlist,gfwlist_tenant_rule_first,,2009-02..2026-10-02,community proxy list
CN,azurefd.net,gfwlist,gfwlist_tenant_lines_at_head,0,2009-02..2026-10-02,community proxy list
CN,azurefd.net,gfwlist,gfwlist_tenant_lines_max,0,2009-02..2026-10-02,community proxy list
CN,run.app,gfwlist,gfwlist_suffix_rule_first,,2009-02..2026-10-02,community proxy list
CN,run.app,gfwlist,gfwlist_suffix_rule_current_since,,2009-02..2026-10-02,community proxy list
CN,run.app,gfwlist,gfwlist_suffix_rule_at_head,False,2009-02..2026-10-02,community proxy list
CN,run.app,gfwlist,gfwlist_suffix_rule_runs,0,2009-02..2026-10-02,community proxy list
CN,run.app,gfwlist,gfwlist_tenant_rule_first,,2009-02..2026-10-02,community proxy list
CN,run.app,gfwlist,gfwlist_tenant_lines_at_head,0,2009-02..2026-10-02,community proxy list
CN,run.app,gfwlist,gfwlist_tenant_lines_max,0,2009-02..2026-10-02,community proxy list
CN,on.aws,gfwlist,gfwlist_suffix_rule_first,,2009-02..2026-10-02,community proxy list
CN,on.aws,gfwlist,gfwlist_suffix_rule_current_since,,2009-02..2026-10-02,community proxy list
CN,on.aws,gfwlist,gfwlist_suffix_rule_at_head,False,2009-02..2026-10-02,community proxy list
CN,on.aws,gfwlist,gfwlist_suffix_rule_runs,0,2009-02..2026-10-02,community proxy list
CN,on.aws,gfwlist,gfwlist_tenant_rule_first,,2009-02..2026-10-02,community proxy list
CN,on.aws,gfwlist,gfwlist_tenant_lines_at_head,0,2009-02..2026-10-02,community proxy list
CN,on.aws,gfwlist,gfwlist_tenant_lines_max,0,2009-02..2026-10-02,community proxy list
CN,deno.dev,gfwlist,gfwlist_suffix_rule_first,2025-08-18,2009-02..2026-10-02,community proxy list
CN,deno.dev,gfwlist,gfwlist_suffix_rule_current_since,,2009-02..2026-10-02,community proxy list
CN,deno.dev,gfwlist,gfwlist_suffix_rule_at_head,False,2009-02..2026-10-02,community proxy list
CN,deno.dev,gfwlist,gfwlist_suffix_rule_runs,1,2009-02..2026-10-02,community proxy list
CN,deno.dev,gfwlist,gfwlist_tenant_rule_first,,2009-02..2026-10-02,community proxy list
CN,deno.dev,gfwlist,gfwlist_tenant_lines_at_head,0,2009-02..2026-10-02,community proxy list
CN,deno.dev,gfwlist,gfwlist_tenant_lines_max,0,2009-02..2026-10-02,community proxy list
CN,fly.dev,gfwlist,gfwlist_suffix_rule_first,,2009-02..2026-10-02,community proxy list
CN,fly.dev,gfwlist,gfwlist_suffix_rule_current_since,,2009-02..2026-10-02,community proxy list
CN,fly.dev,gfwlist,gfwlist_suffix_rule_at_head,False,2009-02..2026-10-02,community proxy list
CN,fly.dev,gfwlist,gfwlist_suffix_rule_runs,0,2009-02..2026-10-02,community proxy list
CN,fly.dev,gfwlist,gfwlist_tenant_rule_first,,2009-02..2026-10-02,community proxy list
CN,fly.dev,gfwlist,gfwlist_tenant_lines_at_head,0,2009-02..2026-10-02,community proxy list
CN,fly.dev,gfwlist,gfwlist_tenant_lines_max,0,2009-02..2026-10-02,community proxy list
CN,onrender.com,gfwlist,gfwlist_suffix_rule_first,,2009-02..2026-10-02,community proxy list
CN,onrender.com,gfwlist,gfwlist_suffix_rule_current_since,,2009-02..2026-10-02,community proxy list
CN,onrender.com,gfwlist,gfwlist_suffix_rule_at_head,False,2009-02..2026-10-02,community proxy list
CN,onrender.com,gfwlist,gfwlist_suffix_rule_runs,0,2009-02..2026-10-02,community proxy list
CN,onrender.com,gfwlist,gfwlist_tenant_rule_first,,2009-02..2026-10-02,community proxy list
CN,onrender.com,gfwlist,gfwlist_tenant_lines_at_head,0,2009-02..2026-10-02,community proxy list
CN,onrender.com,gfwlist,gfwlist_tenant_lines_max,0,2009-02..2026-10-02,community proxy list
CN,trycloudflare.com,gfwlist,gfwlist_suffix_rule_first,,2009-02..2026-10-02,community proxy list
CN,trycloudflare.com,gfwlist,gfwlist_suffix_rule_current_since,,2009-02..2026-10-02,community proxy list
CN,trycloudflare.com,gfwlist,gfwlist_suffix_rule_at_head,False,2009-02..2026-10-02,community proxy list
CN,trycloudflare.com,gfwlist,gfwlist_suffix_rule_runs,0,2009-02..2026-10-02,community proxy list
CN,trycloudflare.com,gfwlist,gfwlist_tenant_rule_first,,2009-02..2026-10-02,community proxy list
CN,trycloudflare.com,gfwlist,gfwlist_tenant_lines_at_head,0,2009-02..2026-10-02,community proxy list
CN,trycloudflare.com,gfwlist,gfwlist_tenant_lines_max,0,2009-02..2026-10-02,community proxy list
CN,r2.dev,gfwlist,gfwlist_suffix_rule_first,,2009-02..2026-10-02,community proxy list
CN,r2.dev,gfwlist,gfwlist_suffix_rule_current_since,,2009-02..2026-10-02,community proxy list
CN,r2.dev,gfwlist,gfwlist_suffix_rule_at_head,False,2009-02..2026-10-02,community proxy list
CN,r2.dev,gfwlist,gfwlist_suffix_rule_runs,0,2009-02..2026-10-02,community proxy list
CN,r2.dev,gfwlist,gfwlist_tenant_rule_first,,2009-02..2026-10-02,community proxy list
CN,r2.dev,gfwlist,gfwlist_tenant_lines_at_head,0,2009-02..2026-10-02,community proxy list
CN,r2.dev,gfwlist,gfwlist_tenant_lines_max,0,2009-02..2026-10-02,community proxy list
CN,github.io,OONI,ooni_names_any,1067,2026-07-01..2026-10-01,
CN,github.io,OONI,ooni_tested,980,2026-07-01..2026-10-01,
CN,github.io,OONI,ooni_blocked,6,2026-07-01..2026-10-01,
CN,github.io,OONI,ooni_clear,936,2026-07-01..2026-10-01,
CN,github.io,OONI,ooni_mixed,38,2026-07-01..2026-10-01,
CN,github.io,OONI,ooni_tenants_tested,978,2026-07-01..2026-10-01,
CN,github.io,OONI,ooni_bare_meas,14,2026-07-01..2026-10-01,
CN,github.io,OONI,ooni_bare_share,0.2857142857142857,2026-07-01..2026-10-01,
CN,github.io,OONI,ooni_blocked_frac,0.006122448979591836,2026-07-01..2026-10-01,
CN,pages.dev,OONI,ooni_names_any,5,2026-07-01..2026-10-01,
CN,pages.dev,OONI,ooni_tested,4,2026-07-01..2026-10-01,
CN,pages.dev,OONI,ooni_blocked,4,2026-07-01..2026-10-01,
CN,pages.dev,OONI,ooni_clear,0,2026-07-01..2026-10-01,
CN,pages.dev,OONI,ooni_mixed,0,2026-07-01..2026-10-01,
CN,pages.dev,OONI,ooni_tenants_tested,4,2026-07-01..2026-10-01,
CN,pages.dev,OONI,ooni_bare_meas,0,2026-07-01..2026-10-01,
CN,pages.dev,OONI,ooni_bare_share,,2026-07-01..2026-10-01,
CN,pages.dev,OONI,ooni_blocked_frac,1.0,2026-07-01..2026-10-01,
CN,workers.dev,OONI,ooni_names_any,2325,2026-07-01..2026-10-01,
CN,workers.dev,OONI,ooni_tested,1100,2026-07-01..2026-10-01,
CN,workers.dev,OONI,ooni_blocked,984,2026-07-01..2026-10-01,
CN,workers.dev,OONI,ooni_clear,108,2026-07-01..2026-10-01,
CN,workers.dev,OONI,ooni_mixed,8,2026-07-01..2026-10-01,
CN,workers.dev,OONI,ooni_tenants_tested,741,2026-07-01..2026-10-01,
CN,workers.dev,OONI,ooni_bare_meas,15,2026-07-01..2026-10-01,
CN,workers.dev,OONI,ooni_bare_share,0.9333333333333333,2026-07-01..2026-10-01,
CN,workers.dev,OONI,ooni_blocked_frac,0.8945454545454545,2026-07-01..2026-10-01,
CN,vercel.app,OONI,ooni_names_any,1153,2026-07-01..2026-10-01,
CN,vercel.app,OONI,ooni_tested,1008,2026-07-01..2026-10-01,
CN,vercel.app,OONI,ooni_blocked,1008,2026-07-01..2026-10-01,
CN,vercel.app,OONI,ooni_clear,0,2026-07-01..2026-10-01,
CN,vercel.app,OONI,ooni_mixed,0,2026-07-01..2026-10-01,
CN,vercel.app,OONI,ooni_tenants_tested,1007,2026-07-01..2026-10-01,
CN,vercel.app,OONI,ooni_bare_meas,26,2026-07-01..2026-10-01,
CN,vercel.app,OONI,ooni_bare_share,1.0,2026-07-01..2026-10-01,
CN,vercel.app,OONI,ooni_blocked_frac,1.0,2026-07-01..2026-10-01,
CN,netlify.app,OONI,ooni_names_any,1,2026-07-01..2026-10-01,
CN,netlify.app,OONI,ooni_tested,1,2026-07-01..2026-10-01,
CN,netlify.app,OONI,ooni_blocked,1,2026-07-01..2026-10-01,
CN,netlify.app,OONI,ooni_clear,0,2026-07-01..2026-10-01,
CN,netlify.app,OONI,ooni_mixed,0,2026-07-01..2026-10-01,
CN,netlify.app,OONI,ooni_tenants_tested,1,2026-07-01..2026-10-01,
CN,netlify.app,OONI,ooni_bare_meas,0,2026-07-01..2026-10-01,
CN,netlify.app,OONI,ooni_bare_share,,2026-07-01..2026-10-01,
CN,netlify.app,OONI,ooni_blocked_frac,1.0,2026-07-01..2026-10-01,
CN,herokuapp.com,OONI,ooni_names_any,403,2026-07-01..2026-10-01,
CN,herokuapp.com,OONI,ooni_tested,376,2026-07-01..2026-10-01,
CN,herokuapp.com,OONI,ooni_blocked,357,2026-07-01..2026-10-01,
CN,herokuapp.com,OONI,ooni_clear,18,2026-07-01..2026-10-01,
CN,herokuapp.com,OONI,ooni_mixed,1,2026-07-01..2026-10-01,
CN,herokuapp.com,OONI,ooni_tenants_tested,368,2026-07-01..2026-10-01,
CN,herokuapp.com,OONI,ooni_bare_meas,17,2026-07-01..2026-10-01,
CN,herokuapp.com,OONI,ooni_bare_share,0.11764705882352941,2026-07-01..2026-10-01,
CN,herokuapp.com,OONI,ooni_blocked_frac,0.949468085106383,2026-07-01..2026-10-01,
CN,appspot.com,OONI,ooni_names_any,626,2026-07-01..2026-10-01,
CN,appspot.com,OONI,ooni_tested,597,2026-07-01..2026-10-01,
CN,appspot.com,OONI,ooni_blocked,597,2026-07-01..2026-10-01,
CN,appspot.com,OONI,ooni_clear,0,2026-07-01..2026-10-01,
CN,appspot.com,OONI,ooni_mixed,0,2026-07-01..2026-10-01,
CN,appspot.com,OONI,ooni_tenants_tested,537,2026-07-01..2026-10-01,
CN,appspot.com,OONI,ooni_bare_meas,22,2026-07-01..2026-10-01,
CN,appspot.com,OONI,ooni_bare_share,1.0,2026-07-01..2026-10-01,
CN,appspot.com,OONI,ooni_blocked_frac,1.0,2026-07-01..2026-10-01,
CN,web.app,OONI,ooni_names_any,413,2026-07-01..2026-10-01,
CN,web.app,OONI,ooni_tested,380,2026-07-01..2026-10-01,
CN,web.app,OONI,ooni_blocked,0,2026-07-01..2026-10-01,
CN,web.app,OONI,ooni_clear,372,2026-07-01..2026-10-01,
CN,web.app,OONI,ooni_mixed,8,2026-07-01..2026-10-01,
CN,web.app,OONI,ooni_tenants_tested,380,2026-07-01..2026-10-01,
CN,web.app,OONI,ooni_bare_meas,21,2026-07-01..2026-10-01,
CN,web.app,OONI,ooni_bare_share,1.0,2026-07-01..2026-10-01,
CN,web.app,OONI,ooni_blocked_frac,0.0,2026-07-01..2026-10-01,
CN,firebaseapp.com,OONI,ooni_names_any,0,2026-07-01..2026-10-01,
CN,firebaseapp.com,OONI,ooni_tested,0,2026-07-01..2026-10-01,
CN,firebaseapp.com,OONI,ooni_blocked,0,2026-07-01..2026-10-01,
CN,firebaseapp.com,OONI,ooni_clear,0,2026-07-01..2026-10-01,
CN,firebaseapp.com,OONI,ooni_mixed,0,2026-07-01..2026-10-01,
CN,firebaseapp.com,OONI,ooni_tenants_tested,0,2026-07-01..2026-10-01,
CN,firebaseapp.com,OONI,ooni_bare_meas,0,2026-07-01..2026-10-01,
CN,firebaseapp.com,OONI,ooni_bare_share,,2026-07-01..2026-10-01,
CN,firebaseapp.com,OONI,ooni_blocked_frac,,2026-07-01..2026-10-01,
CN,cloudfront.net,OONI,ooni_names_any,215,2026-07-01..2026-10-01,
CN,cloudfront.net,OONI,ooni_tested,78,2026-07-01..2026-10-01,
CN,cloudfront.net,OONI,ooni_blocked,26,2026-07-01..2026-10-01,
CN,cloudfront.net,OONI,ooni_clear,49,2026-07-01..2026-10-01,
CN,cloudfront.net,OONI,ooni_mixed,3,2026-07-01..2026-10-01,
CN,cloudfront.net,OONI,ooni_tenants_tested,78,2026-07-01..2026-10-01,
CN,cloudfront.net,OONI,ooni_bare_meas,0,2026-07-01..2026-10-01,
CN,cloudfront.net,OONI,ooni_bare_share,,2026-07-01..2026-10-01,
CN,cloudfront.net,OONI,ooni_blocked_frac,0.3333333333333333,2026-07-01..2026-10-01,
CN,azurewebsites.net,OONI,ooni_names_any,4,2026-07-01..2026-10-01,
CN,azurewebsites.net,OONI,ooni_tested,3,2026-07-01..2026-10-01,
CN,azurewebsites.net,OONI,ooni_blocked,2,2026-07-01..2026-10-01,
CN,azurewebsites.net,OONI,ooni_clear,1,2026-07-01..2026-10-01,
CN,azurewebsites.net,OONI,ooni_mixed,0,2026-07-01..2026-10-01,
CN,azurewebsites.net,OONI,ooni_tenants_tested,2,2026-07-01..2026-10-01,
CN,azurewebsites.net,OONI,ooni_bare_meas,0,2026-07-01..2026-10-01,
CN,azurewebsites.net,OONI,ooni_bare_share,,2026-07-01..2026-10-01,
CN,azurewebsites.net,OONI,ooni_blocked_frac,0.6666666666666666,2026-07-01..2026-10-01,
CN,azurefd.net,OONI,ooni_names_any,247,2026-07-01..2026-10-01,
CN,azurefd.net,OONI,ooni_tested,227,2026-07-01..2026-10-01,
CN,azurefd.net,OONI,ooni_blocked,149,2026-07-01..2026-10-01,
CN,azurefd.net,OONI,ooni_clear,14,2026-07-01..2026-10-01,
CN,azurefd.net,OONI,ooni_mixed,64,2026-07-01..2026-10-01,
CN,azurefd.net,OONI,ooni_tenants_tested,227,2026-07-01..2026-10-01,
CN,azurefd.net,OONI,ooni_bare_meas,0,2026-07-01..2026-10-01,
CN,azurefd.net,OONI,ooni_bare_share,,2026-07-01..2026-10-01,
CN,azurefd.net,OONI,ooni_blocked_frac,0.6563876651982379,2026-07-01..2026-10-01,
CN,run.app,OONI,ooni_names_any,0,2026-07-01..2026-10-01,
CN,run.app,OONI,ooni_tested,0,2026-07-01..2026-10-01,
CN,run.app,OONI,ooni_blocked,0,2026-07-01..2026-10-01,
CN,run.app,OONI,ooni_clear,0,2026-07-01..2026-10-01,
CN,run.app,OONI,ooni_mixed,0,2026-07-01..2026-10-01,
CN,run.app,OONI,ooni_tenants_tested,0,2026-07-01..2026-10-01,
CN,run.app,OONI,ooni_bare_meas,0,2026-07-01..2026-10-01,
CN,run.app,OONI,ooni_bare_share,,2026-07-01..2026-10-01,
CN,run.app,OONI,ooni_blocked_frac,,2026-07-01..2026-10-01,
CN,on.aws,OONI,ooni_names_any,0,2026-07-01..2026-10-01,
CN,on.aws,OONI,ooni_tested,0,2026-07-01..2026-10-01,
CN,on.aws,OONI,ooni_blocked,0,2026-07-01..2026-10-01,
CN,on.aws,OONI,ooni_clear,0,2026-07-01..2026-10-01,
CN,on.aws,OONI,ooni_mixed,0,2026-07-01..2026-10-01,
CN,on.aws,OONI,ooni_tenants_tested,0,2026-07-01..2026-10-01,
CN,on.aws,OONI,ooni_bare_meas,0,2026-07-01..2026-10-01,
CN,on.aws,OONI,ooni_bare_share,,2026-07-01..2026-10-01,
CN,on.aws,OONI,ooni_blocked_frac,,2026-07-01..2026-10-01,
CN,deno.dev,OONI,ooni_names_any,1,2026-07-01..2026-10-01,
CN,deno.dev,OONI,ooni_tested,1,2026-07-01..2026-10-01,
CN,deno.dev,OONI,ooni_blocked,0,2026-07-01..2026-10-01,
CN,deno.dev,OONI,ooni_clear,1,2026-07-01..2026-10-01,
CN,deno.dev,OONI,ooni_mixed,0,2026-07-01..2026-10-01,
CN,deno.dev,OONI,ooni_tenants_tested,1,2026-07-01..2026-10-01,
CN,deno.dev,OONI,ooni_bare_meas,0,2026-07-01..2026-10-01,
CN,deno.dev,OONI,ooni_bare_share,,2026-07-01..2026-10-01,
CN,deno.dev,OONI,ooni_blocked_frac,0.0,2026-07-01..2026-10-01,
CN,fly.dev,OONI,ooni_names_any,0,2026-07-01..2026-10-01,
CN,fly.dev,OONI,ooni_tested,0,2026-07-01..2026-10-01,
CN,fly.dev,OONI,ooni_blocked,0,2026-07-01..2026-10-01,
CN,fly.dev,OONI,ooni_clear,0,2026-07-01..2026-10-01,
CN,fly.dev,OONI,ooni_mixed,0,2026-07-01..2026-10-01,
CN,fly.dev,OONI,ooni_tenants_tested,0,2026-07-01..2026-10-01,
CN,fly.dev,OONI,ooni_bare_meas,0,2026-07-01..2026-10-01,
CN,fly.dev,OONI,ooni_bare_share,,2026-07-01..2026-10-01,
CN,fly.dev,OONI,ooni_blocked_frac,,2026-07-01..2026-10-01,
CN,onrender.com,OONI,ooni_names_any,0,2026-07-01..2026-10-01,
CN,onrender.com,OONI,ooni_tested,0,2026-07-01..2026-10-01,
CN,onrender.com,OONI,ooni_blocked,0,2026-07-01..2026-10-01,
CN,onrender.com,OONI,ooni_clear,0,2026-07-01..2026-10-01,
CN,onrender.com,OONI,ooni_mixed,0,2026-07-01..2026-10-01,
CN,onrender.com,OONI,ooni_tenants_tested,0,2026-07-01..2026-10-01,
CN,onrender.com,OONI,ooni_bare_meas,0,2026-07-01..2026-10-01,
CN,onrender.com,OONI,ooni_bare_share,,2026-07-01..2026-10-01,
CN,onrender.com,OONI,ooni_blocked_frac,,2026-07-01..2026-10-01,
CN,trycloudflare.com,OONI,ooni_names_any,0,2026-07-01..2026-10-01,
CN,trycloudflare.com,OONI,ooni_tested,0,2026-07-01..2026-10-01,
CN,trycloudflare.com,OONI,ooni_blocked,0,2026-07-01..2026-10-01,
CN,trycloudflare.com,OONI,ooni_clear,0,2026-07-01..2026-10-01,
CN,trycloudflare.com,OONI,ooni_mixed,0,2026-07-01..2026-10-01,
CN,trycloudflare.com,OONI,ooni_tenants_tested,0,2026-07-01..2026-10-01,
CN,trycloudflare.com,OONI,ooni_bare_meas,0,2026-07-01..2026-10-01,
CN,trycloudflare.com,OONI,ooni_bare_share,,2026-07-01..2026-10-01,
CN,trycloudflare.com,OONI,ooni_blocked_frac,,2026-07-01..2026-10-01,
CN,r2.dev,OONI,ooni_names_any,0,2026-07-01..2026-10-01,
CN,r2.dev,OONI,ooni_tested,0,2026-07-01..2026-10-01,
CN,r2.dev,OONI,ooni_blocked,0,2026-07-01..2026-10-01,
CN,r2.dev,OONI,ooni_clear,0,2026-07-01..2026-10-01,
CN,r2.dev,OONI,ooni_mixed,0,2026-07-01..2026-10-01,
CN,r2.dev,OONI,ooni_tenants_tested,0,2026-07-01..2026-10-01,
CN,r2.dev,OONI,ooni_bare_meas,0,2026-07-01..2026-10-01,
CN,r2.dev,OONI,ooni_bare_share,,2026-07-01..2026-10-01,
CN,r2.dev,OONI,ooni_blocked_frac,,2026-07-01..2026-10-01,
IR,github.io,OONI,ooni_names_any,7,2024-10-01..2026-10-01,
IR,github.io,OONI,ooni_tested,5,2024-10-01..2026-10-01,
IR,github.io,OONI,ooni_blocked,0,2024-10-01..2026-10-01,
IR,github.io,OONI,ooni_clear,5,2024-10-01..2026-10-01,
IR,github.io,OONI,ooni_mixed,0,2024-10-01..2026-10-01,
IR,github.io,OONI,ooni_tenants_tested,5,2024-10-01..2026-10-01,
IR,github.io,OONI,ooni_bare_meas,0,2024-10-01..2026-10-01,
IR,github.io,OONI,ooni_bare_share,,2024-10-01..2026-10-01,
IR,github.io,OONI,ooni_blocked_frac,0.0,2024-10-01..2026-10-01,
IR,pages.dev,OONI,ooni_names_any,0,2024-10-01..2026-10-01,
IR,pages.dev,OONI,ooni_tested,0,2024-10-01..2026-10-01,
IR,pages.dev,OONI,ooni_blocked,0,2024-10-01..2026-10-01,
IR,pages.dev,OONI,ooni_clear,0,2024-10-01..2026-10-01,
IR,pages.dev,OONI,ooni_mixed,0,2024-10-01..2026-10-01,
IR,pages.dev,OONI,ooni_tenants_tested,0,2024-10-01..2026-10-01,
IR,pages.dev,OONI,ooni_bare_meas,0,2024-10-01..2026-10-01,
IR,pages.dev,OONI,ooni_bare_share,,2024-10-01..2026-10-01,
IR,pages.dev,OONI,ooni_blocked_frac,,2024-10-01..2026-10-01,
IR,workers.dev,OONI,ooni_names_any,4,2024-10-01..2026-10-01,
IR,workers.dev,OONI,ooni_tested,0,2024-10-01..2026-10-01,
IR,workers.dev,OONI,ooni_blocked,0,2024-10-01..2026-10-01,
IR,workers.dev,OONI,ooni_clear,0,2024-10-01..2026-10-01,
IR,workers.dev,OONI,ooni_mixed,0,2024-10-01..2026-10-01,
IR,workers.dev,OONI,ooni_tenants_tested,0,2024-10-01..2026-10-01,
IR,workers.dev,OONI,ooni_bare_meas,0,2024-10-01..2026-10-01,
IR,workers.dev,OONI,ooni_bare_share,,2024-10-01..2026-10-01,
IR,workers.dev,OONI,ooni_blocked_frac,,2024-10-01..2026-10-01,
IR,vercel.app,OONI,ooni_names_any,0,2024-10-01..2026-10-01,
IR,vercel.app,OONI,ooni_tested,0,2024-10-01..2026-10-01,
IR,vercel.app,OONI,ooni_blocked,0,2024-10-01..2026-10-01,
IR,vercel.app,OONI,ooni_clear,0,2024-10-01..2026-10-01,
IR,vercel.app,OONI,ooni_mixed,0,2024-10-01..2026-10-01,
IR,vercel.app,OONI,ooni_tenants_tested,0,2024-10-01..2026-10-01,
IR,vercel.app,OONI,ooni_bare_meas,0,2024-10-01..2026-10-01,
IR,vercel.app,OONI,ooni_bare_share,,2024-10-01..2026-10-01,
IR,vercel.app,OONI,ooni_blocked_frac,,2024-10-01..2026-10-01,
IR,netlify.app,OONI,ooni_names_any,0,2024-10-01..2026-10-01,
IR,netlify.app,OONI,ooni_tested,0,2024-10-01..2026-10-01,
IR,netlify.app,OONI,ooni_blocked,0,2024-10-01..2026-10-01,
IR,netlify.app,OONI,ooni_clear,0,2024-10-01..2026-10-01,
IR,netlify.app,OONI,ooni_mixed,0,2024-10-01..2026-10-01,
IR,netlify.app,OONI,ooni_tenants_tested,0,2024-10-01..2026-10-01,
IR,netlify.app,OONI,ooni_bare_meas,0,2024-10-01..2026-10-01,
IR,netlify.app,OONI,ooni_bare_share,,2024-10-01..2026-10-01,
IR,netlify.app,OONI,ooni_blocked_frac,,2024-10-01..2026-10-01,
IR,herokuapp.com,OONI,ooni_names_any,0,2024-10-01..2026-10-01,
IR,herokuapp.com,OONI,ooni_tested,0,2024-10-01..2026-10-01,
IR,herokuapp.com,OONI,ooni_blocked,0,2024-10-01..2026-10-01,
IR,herokuapp.com,OONI,ooni_clear,0,2024-10-01..2026-10-01,
IR,herokuapp.com,OONI,ooni_mixed,0,2024-10-01..2026-10-01,
IR,herokuapp.com,OONI,ooni_tenants_tested,0,2024-10-01..2026-10-01,
IR,herokuapp.com,OONI,ooni_bare_meas,0,2024-10-01..2026-10-01,
IR,herokuapp.com,OONI,ooni_bare_share,,2024-10-01..2026-10-01,
IR,herokuapp.com,OONI,ooni_blocked_frac,,2024-10-01..2026-10-01,
IR,appspot.com,OONI,ooni_names_any,0,2024-10-01..2026-10-01,
IR,appspot.com,OONI,ooni_tested,0,2024-10-01..2026-10-01,
IR,appspot.com,OONI,ooni_blocked,0,2024-10-01..2026-10-01,
IR,appspot.com,OONI,ooni_clear,0,2024-10-01..2026-10-01,
IR,appspot.com,OONI,ooni_mixed,0,2024-10-01..2026-10-01,
IR,appspot.com,OONI,ooni_tenants_tested,0,2024-10-01..2026-10-01,
IR,appspot.com,OONI,ooni_bare_meas,0,2024-10-01..2026-10-01,
IR,appspot.com,OONI,ooni_bare_share,,2024-10-01..2026-10-01,
IR,appspot.com,OONI,ooni_blocked_frac,,2024-10-01..2026-10-01,
IR,web.app,OONI,ooni_names_any,0,2024-10-01..2026-10-01,
IR,web.app,OONI,ooni_tested,0,2024-10-01..2026-10-01,
IR,web.app,OONI,ooni_blocked,0,2024-10-01..2026-10-01,
IR,web.app,OONI,ooni_clear,0,2024-10-01..2026-10-01,
IR,web.app,OONI,ooni_mixed,0,2024-10-01..2026-10-01,
IR,web.app,OONI,ooni_tenants_tested,0,2024-10-01..2026-10-01,
IR,web.app,OONI,ooni_bare_meas,0,2024-10-01..2026-10-01,
IR,web.app,OONI,ooni_bare_share,,2024-10-01..2026-10-01,
IR,web.app,OONI,ooni_blocked_frac,,2024-10-01..2026-10-01,
IR,firebaseapp.com,OONI,ooni_names_any,0,2024-10-01..2026-10-01,
IR,firebaseapp.com,OONI,ooni_tested,0,2024-10-01..2026-10-01,
IR,firebaseapp.com,OONI,ooni_blocked,0,2024-10-01..2026-10-01,
IR,firebaseapp.com,OONI,ooni_clear,0,2024-10-01..2026-10-01,
IR,firebaseapp.com,OONI,ooni_mixed,0,2024-10-01..2026-10-01,
IR,firebaseapp.com,OONI,ooni_tenants_tested,0,2024-10-01..2026-10-01,
IR,firebaseapp.com,OONI,ooni_bare_meas,0,2024-10-01..2026-10-01,
IR,firebaseapp.com,OONI,ooni_bare_share,,2024-10-01..2026-10-01,
IR,firebaseapp.com,OONI,ooni_blocked_frac,,2024-10-01..2026-10-01,
IR,cloudfront.net,OONI,ooni_names_any,3,2024-10-01..2026-10-01,
IR,cloudfront.net,OONI,ooni_tested,1,2024-10-01..2026-10-01,
IR,cloudfront.net,OONI,ooni_blocked,1,2024-10-01..2026-10-01,
IR,cloudfront.net,OONI,ooni_clear,0,2024-10-01..2026-10-01,
IR,cloudfront.net,OONI,ooni_mixed,0,2024-10-01..2026-10-01,
IR,cloudfront.net,OONI,ooni_tenants_tested,1,2024-10-01..2026-10-01,
IR,cloudfront.net,OONI,ooni_bare_meas,0,2024-10-01..2026-10-01,
IR,cloudfront.net,OONI,ooni_bare_share,,2024-10-01..2026-10-01,
IR,cloudfront.net,OONI,ooni_blocked_frac,1.0,2024-10-01..2026-10-01,
IR,azurewebsites.net,OONI,ooni_names_any,0,2024-10-01..2026-10-01,
IR,azurewebsites.net,OONI,ooni_tested,0,2024-10-01..2026-10-01,
IR,azurewebsites.net,OONI,ooni_blocked,0,2024-10-01..2026-10-01,
IR,azurewebsites.net,OONI,ooni_clear,0,2024-10-01..2026-10-01,
IR,azurewebsites.net,OONI,ooni_mixed,0,2024-10-01..2026-10-01,
IR,azurewebsites.net,OONI,ooni_tenants_tested,0,2024-10-01..2026-10-01,
IR,azurewebsites.net,OONI,ooni_bare_meas,0,2024-10-01..2026-10-01,
IR,azurewebsites.net,OONI,ooni_bare_share,,2024-10-01..2026-10-01,
IR,azurewebsites.net,OONI,ooni_blocked_frac,,2024-10-01..2026-10-01,
IR,azurefd.net,OONI,ooni_names_any,0,2024-10-01..2026-10-01,
IR,azurefd.net,OONI,ooni_tested,0,2024-10-01..2026-10-01,
IR,azurefd.net,OONI,ooni_blocked,0,2024-10-01..2026-10-01,
IR,azurefd.net,OONI,ooni_clear,0,2024-10-01..2026-10-01,
IR,azurefd.net,OONI,ooni_mixed,0,2024-10-01..2026-10-01,
IR,azurefd.net,OONI,ooni_tenants_tested,0,2024-10-01..2026-10-01,
IR,azurefd.net,OONI,ooni_bare_meas,0,2024-10-01..2026-10-01,
IR,azurefd.net,OONI,ooni_bare_share,,2024-10-01..2026-10-01,
IR,azurefd.net,OONI,ooni_blocked_frac,,2024-10-01..2026-10-01,
IR,run.app,OONI,ooni_names_any,0,2024-10-01..2026-10-01,
IR,run.app,OONI,ooni_tested,0,2024-10-01..2026-10-01,
IR,run.app,OONI,ooni_blocked,0,2024-10-01..2026-10-01,
IR,run.app,OONI,ooni_clear,0,2024-10-01..2026-10-01,
IR,run.app,OONI,ooni_mixed,0,2024-10-01..2026-10-01,
IR,run.app,OONI,ooni_tenants_tested,0,2024-10-01..2026-10-01,
IR,run.app,OONI,ooni_bare_meas,0,2024-10-01..2026-10-01,
IR,run.app,OONI,ooni_bare_share,,2024-10-01..2026-10-01,
IR,run.app,OONI,ooni_blocked_frac,,2024-10-01..2026-10-01,
IR,on.aws,OONI,ooni_names_any,0,2024-10-01..2026-10-01,
IR,on.aws,OONI,ooni_tested,0,2024-10-01..2026-10-01,
IR,on.aws,OONI,ooni_blocked,0,2024-10-01..2026-10-01,
IR,on.aws,OONI,ooni_clear,0,2024-10-01..2026-10-01,
IR,on.aws,OONI,ooni_mixed,0,2024-10-01..2026-10-01,
IR,on.aws,OONI,ooni_tenants_tested,0,2024-10-01..2026-10-01,
IR,on.aws,OONI,ooni_bare_meas,0,2024-10-01..2026-10-01,
IR,on.aws,OONI,ooni_bare_share,,2024-10-01..2026-10-01,
IR,on.aws,OONI,ooni_blocked_frac,,2024-10-01..2026-10-01,
IR,deno.dev,OONI,ooni_names_any,0,2024-10-01..2026-10-01,
IR,deno.dev,OONI,ooni_tested,0,2024-10-01..2026-10-01,
IR,deno.dev,OONI,ooni_blocked,0,2024-10-01..2026-10-01,
IR,deno.dev,OONI,ooni_clear,0,2024-10-01..2026-10-01,
IR,deno.dev,OONI,ooni_mixed,0,2024-10-01..2026-10-01,
IR,deno.dev,OONI,ooni_tenants_tested,0,2024-10-01..2026-10-01,
IR,deno.dev,OONI,ooni_bare_meas,0,2024-10-01..2026-10-01,
IR,deno.dev,OONI,ooni_bare_share,,2024-10-01..2026-10-01,
IR,deno.dev,OONI,ooni_blocked_frac,,2024-10-01..2026-10-01,
IR,fly.dev,OONI,ooni_names_any,0,2024-10-01..2026-10-01,
IR,fly.dev,OONI,ooni_tested,0,2024-10-01..2026-10-01,
IR,fly.dev,OONI,ooni_blocked,0,2024-10-01..2026-10-01,
IR,fly.dev,OONI,ooni_clear,0,2024-10-01..2026-10-01,
IR,fly.dev,OONI,ooni_mixed,0,2024-10-01..2026-10-01,
IR,fly.dev,OONI,ooni_tenants_tested,0,2024-10-01..2026-10-01,
IR,fly.dev,OONI,ooni_bare_meas,0,2024-10-01..2026-10-01,
IR,fly.dev,OONI,ooni_bare_share,,2024-10-01..2026-10-01,
IR,fly.dev,OONI,ooni_blocked_frac,,2024-10-01..2026-10-01,
IR,onrender.com,OONI,ooni_names_any,0,2024-10-01..2026-10-01,
IR,onrender.com,OONI,ooni_tested,0,2024-10-01..2026-10-01,
IR,onrender.com,OONI,ooni_blocked,0,2024-10-01..2026-10-01,
IR,onrender.com,OONI,ooni_clear,0,2024-10-01..2026-10-01,
IR,onrender.com,OONI,ooni_mixed,0,2024-10-01..2026-10-01,
IR,onrender.com,OONI,ooni_tenants_tested,0,2024-10-01..2026-10-01,
IR,onrender.com,OONI,ooni_bare_meas,0,2024-10-01..2026-10-01,
IR,onrender.com,OONI,ooni_bare_share,,2024-10-01..2026-10-01,
IR,onrender.com,OONI,ooni_blocked_frac,,2024-10-01..2026-10-01,
IR,trycloudflare.com,OONI,ooni_names_any,0,2024-10-01..2026-10-01,
IR,trycloudflare.com,OONI,ooni_tested,0,2024-10-01..2026-10-01,
IR,trycloudflare.com,OONI,ooni_blocked,0,2024-10-01..2026-10-01,
IR,trycloudflare.com,OONI,ooni_clear,0,2024-10-01..2026-10-01,
IR,trycloudflare.com,OONI,ooni_mixed,0,2024-10-01..2026-10-01,
IR,trycloudflare.com,OONI,ooni_tenants_tested,0,2024-10-01..2026-10-01,
IR,trycloudflare.com,OONI,ooni_bare_meas,0,2024-10-01..2026-10-01,
IR,trycloudflare.com,OONI,ooni_bare_share,,2024-10-01..2026-10-01,
IR,trycloudflare.com,OONI,ooni_blocked_frac,,2024-10-01..2026-10-01,
IR,r2.dev,OONI,ooni_names_any,0,2024-10-01..2026-10-01,
IR,r2.dev,OONI,ooni_tested,0,2024-10-01..2026-10-01,
IR,r2.dev,OONI,ooni_blocked,0,2024-10-01..2026-10-01,
IR,r2.dev,OONI,ooni_clear,0,2024-10-01..2026-10-01,
IR,r2.dev,OONI,ooni_mixed,0,2024-10-01..2026-10-01,
IR,r2.dev,OONI,ooni_tenants_tested,0,2024-10-01..2026-10-01,
IR,r2.dev,OONI,ooni_bare_meas,0,2024-10-01..2026-10-01,
IR,r2.dev,OONI,ooni_bare_share,,2024-10-01..2026-10-01,
IR,r2.dev,OONI,ooni_blocked_frac,,2024-10-01..2026-10-01,
RU,github.io,OONI,ooni_names_any,41,2024-10-01..2026-10-01,
RU,github.io,OONI,ooni_tested,35,2024-10-01..2026-10-01,
RU,github.io,OONI,ooni_blocked,2,2024-10-01..2026-10-01,
RU,github.io,OONI,ooni_clear,32,2024-10-01..2026-10-01,
RU,github.io,OONI,ooni_mixed,1,2024-10-01..2026-10-01,
RU,github.io,OONI,ooni_tenants_tested,35,2024-10-01..2026-10-01,
RU,github.io,OONI,ooni_bare_meas,2,2024-10-01..2026-10-01,
RU,github.io,OONI,ooni_bare_share,0.0,2024-10-01..2026-10-01,
RU,github.io,OONI,ooni_blocked_frac,0.05714285714285714,2024-10-01..2026-10-01,
RU,pages.dev,OONI,ooni_names_any,14,2024-10-01..2026-10-01,
RU,pages.dev,OONI,ooni_tested,0,2024-10-01..2026-10-01,
RU,pages.dev,OONI,ooni_blocked,0,2024-10-01..2026-10-01,
RU,pages.dev,OONI,ooni_clear,0,2024-10-01..2026-10-01,
RU,pages.dev,OONI,ooni_mixed,0,2024-10-01..2026-10-01,
RU,pages.dev,OONI,ooni_tenants_tested,0,2024-10-01..2026-10-01,
RU,pages.dev,OONI,ooni_bare_meas,90,2024-10-01..2026-10-01,
RU,pages.dev,OONI,ooni_bare_share,0.0,2024-10-01..2026-10-01,
RU,pages.dev,OONI,ooni_blocked_frac,,2024-10-01..2026-10-01,
RU,workers.dev,OONI,ooni_names_any,0,2024-10-01..2026-10-01,
RU,workers.dev,OONI,ooni_tested,0,2024-10-01..2026-10-01,
RU,workers.dev,OONI,ooni_blocked,0,2024-10-01..2026-10-01,
RU,workers.dev,OONI,ooni_clear,0,2024-10-01..2026-10-01,
RU,workers.dev,OONI,ooni_mixed,0,2024-10-01..2026-10-01,
RU,workers.dev,OONI,ooni_tenants_tested,0,2024-10-01..2026-10-01,
RU,workers.dev,OONI,ooni_bare_meas,26,2024-10-01..2026-10-01,
RU,workers.dev,OONI,ooni_bare_share,0.15384615384615385,2024-10-01..2026-10-01,
RU,workers.dev,OONI,ooni_blocked_frac,,2024-10-01..2026-10-01,
RU,vercel.app,OONI,ooni_names_any,6,2024-10-01..2026-10-01,
RU,vercel.app,OONI,ooni_tested,0,2024-10-01..2026-10-01,
RU,vercel.app,OONI,ooni_blocked,0,2024-10-01..2026-10-01,
RU,vercel.app,OONI,ooni_clear,0,2024-10-01..2026-10-01,
RU,vercel.app,OONI,ooni_mixed,0,2024-10-01..2026-10-01,
RU,vercel.app,OONI,ooni_tenants_tested,0,2024-10-01..2026-10-01,
RU,vercel.app,OONI,ooni_bare_meas,0,2024-10-01..2026-10-01,
RU,vercel.app,OONI,ooni_bare_share,,2024-10-01..2026-10-01,
RU,vercel.app,OONI,ooni_blocked_frac,,2024-10-01..2026-10-01,
RU,netlify.app,OONI,ooni_names_any,2,2024-10-01..2026-10-01,
RU,netlify.app,OONI,ooni_tested,0,2024-10-01..2026-10-01,
RU,netlify.app,OONI,ooni_blocked,0,2024-10-01..2026-10-01,
RU,netlify.app,OONI,ooni_clear,0,2024-10-01..2026-10-01,
RU,netlify.app,OONI,ooni_mixed,0,2024-10-01..2026-10-01,
RU,netlify.app,OONI,ooni_tenants_tested,0,2024-10-01..2026-10-01,
RU,netlify.app,OONI,ooni_bare_meas,0,2024-10-01..2026-10-01,
RU,netlify.app,OONI,ooni_bare_share,,2024-10-01..2026-10-01,
RU,netlify.app,OONI,ooni_blocked_frac,,2024-10-01..2026-10-01,
RU,herokuapp.com,OONI,ooni_names_any,0,2024-10-01..2026-10-01,
RU,herokuapp.com,OONI,ooni_tested,0,2024-10-01..2026-10-01,
RU,herokuapp.com,OONI,ooni_blocked,0,2024-10-01..2026-10-01,
RU,herokuapp.com,OONI,ooni_clear,0,2024-10-01..2026-10-01,
RU,herokuapp.com,OONI,ooni_mixed,0,2024-10-01..2026-10-01,
RU,herokuapp.com,OONI,ooni_tenants_tested,0,2024-10-01..2026-10-01,
RU,herokuapp.com,OONI,ooni_bare_meas,0,2024-10-01..2026-10-01,
RU,herokuapp.com,OONI,ooni_bare_share,,2024-10-01..2026-10-01,
RU,herokuapp.com,OONI,ooni_blocked_frac,,2024-10-01..2026-10-01,
RU,appspot.com,OONI,ooni_names_any,31,2024-10-01..2026-10-01,
RU,appspot.com,OONI,ooni_tested,1,2024-10-01..2026-10-01,
RU,appspot.com,OONI,ooni_blocked,1,2024-10-01..2026-10-01,
RU,appspot.com,OONI,ooni_clear,0,2024-10-01..2026-10-01,
RU,appspot.com,OONI,ooni_mixed,0,2024-10-01..2026-10-01,
RU,appspot.com,OONI,ooni_tenants_tested,1,2024-10-01..2026-10-01,
RU,appspot.com,OONI,ooni_bare_meas,0,2024-10-01..2026-10-01,
RU,appspot.com,OONI,ooni_bare_share,,2024-10-01..2026-10-01,
RU,appspot.com,OONI,ooni_blocked_frac,1.0,2024-10-01..2026-10-01,
RU,web.app,OONI,ooni_names_any,16,2024-10-01..2026-10-01,
RU,web.app,OONI,ooni_tested,0,2024-10-01..2026-10-01,
RU,web.app,OONI,ooni_blocked,0,2024-10-01..2026-10-01,
RU,web.app,OONI,ooni_clear,0,2024-10-01..2026-10-01,
RU,web.app,OONI,ooni_mixed,0,2024-10-01..2026-10-01,
RU,web.app,OONI,ooni_tenants_tested,0,2024-10-01..2026-10-01,
RU,web.app,OONI,ooni_bare_meas,0,2024-10-01..2026-10-01,
RU,web.app,OONI,ooni_bare_share,,2024-10-01..2026-10-01,
RU,web.app,OONI,ooni_blocked_frac,,2024-10-01..2026-10-01,
RU,firebaseapp.com,OONI,ooni_names_any,3,2024-10-01..2026-10-01,
RU,firebaseapp.com,OONI,ooni_tested,0,2024-10-01..2026-10-01,
RU,firebaseapp.com,OONI,ooni_blocked,0,2024-10-01..2026-10-01,
RU,firebaseapp.com,OONI,ooni_clear,0,2024-10-01..2026-10-01,
RU,firebaseapp.com,OONI,ooni_mixed,0,2024-10-01..2026-10-01,
RU,firebaseapp.com,OONI,ooni_tenants_tested,0,2024-10-01..2026-10-01,
RU,firebaseapp.com,OONI,ooni_bare_meas,0,2024-10-01..2026-10-01,
RU,firebaseapp.com,OONI,ooni_bare_share,,2024-10-01..2026-10-01,
RU,firebaseapp.com,OONI,ooni_blocked_frac,,2024-10-01..2026-10-01,
RU,cloudfront.net,OONI,ooni_names_any,27,2024-10-01..2026-10-01,
RU,cloudfront.net,OONI,ooni_tested,1,2024-10-01..2026-10-01,
RU,cloudfront.net,OONI,ooni_blocked,1,2024-10-01..2026-10-01,
RU,cloudfront.net,OONI,ooni_clear,0,2024-10-01..2026-10-01,
RU,cloudfront.net,OONI,ooni_mixed,0,2024-10-01..2026-10-01,
RU,cloudfront.net,OONI,ooni_tenants_tested,1,2024-10-01..2026-10-01,
RU,cloudfront.net,OONI,ooni_bare_meas,2,2024-10-01..2026-10-01,
RU,cloudfront.net,OONI,ooni_bare_share,1.0,2024-10-01..2026-10-01,
RU,cloudfront.net,OONI,ooni_blocked_frac,1.0,2024-10-01..2026-10-01,
RU,azurewebsites.net,OONI,ooni_names_any,1,2024-10-01..2026-10-01,
RU,azurewebsites.net,OONI,ooni_tested,0,2024-10-01..2026-10-01,
RU,azurewebsites.net,OONI,ooni_blocked,0,2024-10-01..2026-10-01,
RU,azurewebsites.net,OONI,ooni_clear,0,2024-10-01..2026-10-01,
RU,azurewebsites.net,OONI,ooni_mixed,0,2024-10-01..2026-10-01,
RU,azurewebsites.net,OONI,ooni_tenants_tested,0,2024-10-01..2026-10-01,
RU,azurewebsites.net,OONI,ooni_bare_meas,0,2024-10-01..2026-10-01,
RU,azurewebsites.net,OONI,ooni_bare_share,,2024-10-01..2026-10-01,
RU,azurewebsites.net,OONI,ooni_blocked_frac,,2024-10-01..2026-10-01,
RU,azurefd.net,OONI,ooni_names_any,1,2024-10-01..2026-10-01,
RU,azurefd.net,OONI,ooni_tested,0,2024-10-01..2026-10-01,
RU,azurefd.net,OONI,ooni_blocked,0,2024-10-01..2026-10-01,
RU,azurefd.net,OONI,ooni_clear,0,2024-10-01..2026-10-01,
RU,azurefd.net,OONI,ooni_mixed,0,2024-10-01..2026-10-01,
RU,azurefd.net,OONI,ooni_tenants_tested,0,2024-10-01..2026-10-01,
RU,azurefd.net,OONI,ooni_bare_meas,0,2024-10-01..2026-10-01,
RU,azurefd.net,OONI,ooni_bare_share,,2024-10-01..2026-10-01,
RU,azurefd.net,OONI,ooni_blocked_frac,,2024-10-01..2026-10-01,
RU,run.app,OONI,ooni_names_any,48,2024-10-01..2026-10-01,
RU,run.app,OONI,ooni_tested,0,2024-10-01..2026-10-01,
RU,run.app,OONI,ooni_blocked,0,2024-10-01..2026-10-01,
RU,run.app,OONI,ooni_clear,0,2024-10-01..2026-10-01,
RU,run.app,OONI,ooni_mixed,0,2024-10-01..2026-10-01,
RU,run.app,OONI,ooni_tenants_tested,0,2024-10-01..2026-10-01,
RU,run.app,OONI,ooni_bare_meas,0,2024-10-01..2026-10-01,
RU,run.app,OONI,ooni_bare_share,,2024-10-01..2026-10-01,
RU,run.app,OONI,ooni_blocked_frac,,2024-10-01..2026-10-01,
RU,on.aws,OONI,ooni_names_any,0,2024-10-01..2026-10-01,
RU,on.aws,OONI,ooni_tested,0,2024-10-01..2026-10-01,
RU,on.aws,OONI,ooni_blocked,0,2024-10-01..2026-10-01,
RU,on.aws,OONI,ooni_clear,0,2024-10-01..2026-10-01,
RU,on.aws,OONI,ooni_mixed,0,2024-10-01..2026-10-01,
RU,on.aws,OONI,ooni_tenants_tested,0,2024-10-01..2026-10-01,
RU,on.aws,OONI,ooni_bare_meas,0,2024-10-01..2026-10-01,
RU,on.aws,OONI,ooni_bare_share,,2024-10-01..2026-10-01,
RU,on.aws,OONI,ooni_blocked_frac,,2024-10-01..2026-10-01,
RU,deno.dev,OONI,ooni_names_any,0,2024-10-01..2026-10-01,
RU,deno.dev,OONI,ooni_tested,0,2024-10-01..2026-10-01,
RU,deno.dev,OONI,ooni_blocked,0,2024-10-01..2026-10-01,
RU,deno.dev,OONI,ooni_clear,0,2024-10-01..2026-10-01,
RU,deno.dev,OONI,ooni_mixed,0,2024-10-01..2026-10-01,
RU,deno.dev,OONI,ooni_tenants_tested,0,2024-10-01..2026-10-01,
RU,deno.dev,OONI,ooni_bare_meas,0,2024-10-01..2026-10-01,
RU,deno.dev,OONI,ooni_bare_share,,2024-10-01..2026-10-01,
RU,deno.dev,OONI,ooni_blocked_frac,,2024-10-01..2026-10-01,
RU,fly.dev,OONI,ooni_names_any,0,2024-10-01..2026-10-01,
RU,fly.dev,OONI,ooni_tested,0,2024-10-01..2026-10-01,
RU,fly.dev,OONI,ooni_blocked,0,2024-10-01..2026-10-01,
RU,fly.dev,OONI,ooni_clear,0,2024-10-01..2026-10-01,
RU,fly.dev,OONI,ooni_mixed,0,2024-10-01..2026-10-01,
RU,fly.dev,OONI,ooni_tenants_tested,0,2024-10-01..2026-10-01,
RU,fly.dev,OONI,ooni_bare_meas,0,2024-10-01..2026-10-01,
RU,fly.dev,OONI,ooni_bare_share,,2024-10-01..2026-10-01,
RU,fly.dev,OONI,ooni_blocked_frac,,2024-10-01..2026-10-01,
RU,onrender.com,OONI,ooni_names_any,2,2024-10-01..2026-10-01,
RU,onrender.com,OONI,ooni_tested,0,2024-10-01..2026-10-01,
RU,onrender.com,OONI,ooni_blocked,0,2024-10-01..2026-10-01,
RU,onrender.com,OONI,ooni_clear,0,2024-10-01..2026-10-01,
RU,onrender.com,OONI,ooni_mixed,0,2024-10-01..2026-10-01,
RU,onrender.com,OONI,ooni_tenants_tested,0,2024-10-01..2026-10-01,
RU,onrender.com,OONI,ooni_bare_meas,0,2024-10-01..2026-10-01,
RU,onrender.com,OONI,ooni_bare_share,,2024-10-01..2026-10-01,
RU,onrender.com,OONI,ooni_blocked_frac,,2024-10-01..2026-10-01,
RU,trycloudflare.com,OONI,ooni_names_any,0,2024-10-01..2026-10-01,
RU,trycloudflare.com,OONI,ooni_tested,0,2024-10-01..2026-10-01,
RU,trycloudflare.com,OONI,ooni_blocked,0,2024-10-01..2026-10-01,
RU,trycloudflare.com,OONI,ooni_clear,0,2024-10-01..2026-10-01,
RU,trycloudflare.com,OONI,ooni_mixed,0,2024-10-01..2026-10-01,
RU,trycloudflare.com,OONI,ooni_tenants_tested,0,2024-10-01..2026-10-01,
RU,trycloudflare.com,OONI,ooni_bare_meas,0,2024-10-01..2026-10-01,
RU,trycloudflare.com,OONI,ooni_bare_share,,2024-10-01..2026-10-01,
RU,trycloudflare.com,OONI,ooni_blocked_frac,,2024-10-01..2026-10-01,
RU,r2.dev,OONI,ooni_names_any,0,2024-10-01..2026-10-01,
RU,r2.dev,OONI,ooni_tested,0,2024-10-01..2026-10-01,
RU,r2.dev,OONI,ooni_blocked,0,2024-10-01..2026-10-01,
RU,r2.dev,OONI,ooni_clear,0,2024-10-01..2026-10-01,
RU,r2.dev,OONI,ooni_mixed,0,2024-10-01..2026-10-01,
RU,r2.dev,OONI,ooni_tenants_tested,0,2024-10-01..2026-10-01,
RU,r2.dev,OONI,ooni_bare_meas,0,2024-10-01..2026-10-01,
RU,r2.dev,OONI,ooni_bare_share,,2024-10-01..2026-10-01,
RU,r2.dev,OONI,ooni_blocked_frac,,2024-10-01..2026-10-01,
CN,appspot.com,OONI monthly,tested_2026-07,466,2026-07,
CN,appspot.com,OONI monthly,blocked_2026-07,466,2026-07,
CN,azurefd.net,OONI monthly,tested_2026-07,172,2026-07,
CN,azurefd.net,OONI monthly,blocked_2026-07,159,2026-07,
CN,azurewebsites.net,OONI monthly,tested_2026-07,2,2026-07,
CN,azurewebsites.net,OONI monthly,blocked_2026-07,1,2026-07,
CN,cloudfront.net,OONI monthly,tested_2026-07,21,2026-07,
CN,cloudfront.net,OONI monthly,blocked_2026-07,16,2026-07,
CN,github.io,OONI monthly,tested_2026-07,926,2026-07,
CN,github.io,OONI monthly,blocked_2026-07,4,2026-07,
CN,herokuapp.com,OONI monthly,tested_2026-07,298,2026-07,
CN,herokuapp.com,OONI monthly,blocked_2026-07,279,2026-07,
CN,netlify.app,OONI monthly,tested_2026-07,1,2026-07,
CN,netlify.app,OONI monthly,blocked_2026-07,1,2026-07,
CN,pages.dev,OONI monthly,tested_2026-07,2,2026-07,
CN,pages.dev,OONI monthly,blocked_2026-07,2,2026-07,
CN,vercel.app,OONI monthly,tested_2026-07,537,2026-07,
CN,vercel.app,OONI monthly,blocked_2026-07,537,2026-07,
CN,web.app,OONI monthly,tested_2026-07,290,2026-07,
CN,web.app,OONI monthly,blocked_2026-07,0,2026-07,
CN,workers.dev,OONI monthly,tested_2026-07,683,2026-07,
CN,workers.dev,OONI monthly,blocked_2026-07,674,2026-07,
CN,appspot.com,OONI monthly,tested_2026-08,462,2026-08,
CN,appspot.com,OONI monthly,blocked_2026-08,462,2026-08,
CN,azurefd.net,OONI monthly,tested_2026-08,177,2026-08,
CN,azurefd.net,OONI monthly,blocked_2026-08,166,2026-08,
CN,azurewebsites.net,OONI monthly,tested_2026-08,2,2026-08,
CN,azurewebsites.net,OONI monthly,blocked_2026-08,1,2026-08,
CN,cloudfront.net,OONI monthly,tested_2026-08,50,2026-08,
CN,cloudfront.net,OONI monthly,blocked_2026-08,16,2026-08,
CN,github.io,OONI monthly,tested_2026-08,605,2026-08,
CN,github.io,OONI monthly,blocked_2026-08,5,2026-08,
CN,herokuapp.com,OONI monthly,tested_2026-08,296,2026-08,
CN,herokuapp.com,OONI monthly,blocked_2026-08,277,2026-08,
CN,netlify.app,OONI monthly,tested_2026-08,0,2026-08,
CN,netlify.app,OONI monthly,blocked_2026-08,0,2026-08,
CN,pages.dev,OONI monthly,tested_2026-08,1,2026-08,
CN,pages.dev,OONI monthly,blocked_2026-08,1,2026-08,
CN,vercel.app,OONI monthly,tested_2026-08,560,2026-08,
CN,vercel.app,OONI monthly,blocked_2026-08,560,2026-08,
CN,web.app,OONI monthly,tested_2026-08,298,2026-08,
CN,web.app,OONI monthly,blocked_2026-08,0,2026-08,
CN,workers.dev,OONI monthly,tested_2026-08,532,2026-08,
CN,workers.dev,OONI monthly,blocked_2026-08,505,2026-08,
CN,appspot.com,OONI monthly,tested_2026-09,390,2026-09,
CN,appspot.com,OONI monthly,blocked_2026-09,390,2026-09,
CN,azurefd.net,OONI monthly,tested_2026-09,166,2026-09,
CN,azurefd.net,OONI monthly,blocked_2026-09,6,2026-09,
CN,azurewebsites.net,OONI monthly,tested_2026-09,3,2026-09,
CN,azurewebsites.net,OONI monthly,blocked_2026-09,2,2026-09,
CN,cloudfront.net,OONI monthly,tested_2026-09,34,2026-09,
CN,cloudfront.net,OONI monthly,blocked_2026-09,18,2026-09,
CN,deno.dev,OONI monthly,tested_2026-09,1,2026-09,
CN,deno.dev,OONI monthly,blocked_2026-09,0,2026-09,
CN,github.io,OONI monthly,tested_2026-09,29,2026-09,
CN,github.io,OONI monthly,blocked_2026-09,3,2026-09,
CN,herokuapp.com,OONI monthly,tested_2026-09,286,2026-09,
CN,herokuapp.com,OONI monthly,blocked_2026-09,268,2026-09,
CN,pages.dev,OONI monthly,tested_2026-09,2,2026-09,
CN,pages.dev,OONI monthly,blocked_2026-09,2,2026-09,
CN,vercel.app,OONI monthly,tested_2026-09,609,2026-09,
CN,vercel.app,OONI monthly,blocked_2026-09,609,2026-09,
CN,web.app,OONI monthly,tested_2026-09,245,2026-09,
CN,web.app,OONI monthly,blocked_2026-09,1,2026-09,
CN,workers.dev,OONI monthly,tested_2026-09,564,2026-09,
CN,workers.dev,OONI monthly,blocked_2026-09,470,2026-09,
IR,github.io,IRBlock,irb_dns_fqdn_bare,False,2024-11..2025-01-15,
IR,github.io,IRBlock,irb_dns_fqdn_names,16,2024-11..2025-01-15,
IR,github.io,IRBlock,irb_dns_fqdn_tenants,16,2024-11..2025-01-15,
IR,github.io,IRBlock,irb_http_fqdn_bare,False,2024-11..2025-01-15,
IR,github.io,IRBlock,irb_http_fqdn_names,18,2024-11..2025-01-15,
IR,github.io,IRBlock,irb_http_fqdn_tenants,18,2024-11..2025-01-15,
IR,github.io,IRBlock,irb_bare_in_categorised_apexes,False,2024-11..2025-01-15,
IR,github.io,IRBlock,irb_any_names,27,2024-11..2025-01-15,
IR,github.io,IRBlock,irb_autogen_names,,2024-11..2025-01-15,
IR,github.io,IRBlock,irb_any_tenants,27,2024-11..2025-01-15,
IR,github.io,IRBlock,irb_bare_blocked,False,2024-11..2025-01-15,
IR,pages.dev,IRBlock,irb_dns_fqdn_bare,True,2024-11..2025-01-15,
IR,pages.dev,IRBlock,irb_dns_fqdn_names,496,2024-11..2025-01-15,
IR,pages.dev,IRBlock,irb_dns_fqdn_tenants,494,2024-11..2025-01-15,
IR,pages.dev,IRBlock,irb_http_fqdn_bare,False,2024-11..2025-01-15,
IR,pages.dev,IRBlock,irb_http_fqdn_names,0,2024-11..2025-01-15,
IR,pages.dev,IRBlock,irb_http_fqdn_tenants,0,2024-11..2025-01-15,
IR,pages.dev,IRBlock,irb_bare_in_categorised_apexes,True,2024-11..2025-01-15,
IR,pages.dev,IRBlock,irb_any_names,496,2024-11..2025-01-15,
IR,pages.dev,IRBlock,irb_autogen_names,15.0,2024-11..2025-01-15,
IR,pages.dev,IRBlock,irb_any_tenants,494,2024-11..2025-01-15,
IR,pages.dev,IRBlock,irb_bare_blocked,True,2024-11..2025-01-15,
IR,workers.dev,IRBlock,irb_dns_fqdn_bare,False,2024-11..2025-01-15,
IR,workers.dev,IRBlock,irb_dns_fqdn_names,0,2024-11..2025-01-15,
IR,workers.dev,IRBlock,irb_dns_fqdn_tenants,0,2024-11..2025-01-15,
IR,workers.dev,IRBlock,irb_http_fqdn_bare,False,2024-11..2025-01-15,
IR,workers.dev,IRBlock,irb_http_fqdn_names,0,2024-11..2025-01-15,
IR,workers.dev,IRBlock,irb_http_fqdn_tenants,0,2024-11..2025-01-15,
IR,workers.dev,IRBlock,irb_bare_in_categorised_apexes,False,2024-11..2025-01-15,
IR,workers.dev,IRBlock,irb_any_names,0,2024-11..2025-01-15,
IR,workers.dev,IRBlock,irb_autogen_names,,2024-11..2025-01-15,
IR,workers.dev,IRBlock,irb_any_tenants,0,2024-11..2025-01-15,
IR,workers.dev,IRBlock,irb_bare_blocked,False,2024-11..2025-01-15,
IR,vercel.app,IRBlock,irb_dns_fqdn_bare,False,2024-11..2025-01-15,
IR,vercel.app,IRBlock,irb_dns_fqdn_names,0,2024-11..2025-01-15,
IR,vercel.app,IRBlock,irb_dns_fqdn_tenants,0,2024-11..2025-01-15,
IR,vercel.app,IRBlock,irb_http_fqdn_bare,False,2024-11..2025-01-15,
IR,vercel.app,IRBlock,irb_http_fqdn_names,0,2024-11..2025-01-15,
IR,vercel.app,IRBlock,irb_http_fqdn_tenants,0,2024-11..2025-01-15,
IR,vercel.app,IRBlock,irb_bare_in_categorised_apexes,False,2024-11..2025-01-15,
IR,vercel.app,IRBlock,irb_any_names,0,2024-11..2025-01-15,
IR,vercel.app,IRBlock,irb_autogen_names,,2024-11..2025-01-15,
IR,vercel.app,IRBlock,irb_any_tenants,0,2024-11..2025-01-15,
IR,vercel.app,IRBlock,irb_bare_blocked,False,2024-11..2025-01-15,
IR,netlify.app,IRBlock,irb_dns_fqdn_bare,False,2024-11..2025-01-15,
IR,netlify.app,IRBlock,irb_dns_fqdn_names,1,2024-11..2025-01-15,
IR,netlify.app,IRBlock,irb_dns_fqdn_tenants,1,2024-11..2025-01-15,
IR,netlify.app,IRBlock,irb_http_fqdn_bare,False,2024-11..2025-01-15,
IR,netlify.app,IRBlock,irb_http_fqdn_names,1,2024-11..2025-01-15,
IR,netlify.app,IRBlock,irb_http_fqdn_tenants,1,2024-11..2025-01-15,
IR,netlify.app,IRBlock,irb_bare_in_categorised_apexes,False,2024-11..2025-01-15,
IR,netlify.app,IRBlock,irb_any_names,2,2024-11..2025-01-15,
IR,netlify.app,IRBlock,irb_autogen_names,,2024-11..2025-01-15,
IR,netlify.app,IRBlock,irb_any_tenants,2,2024-11..2025-01-15,
IR,netlify.app,IRBlock,irb_bare_blocked,False,2024-11..2025-01-15,
IR,herokuapp.com,IRBlock,irb_dns_fqdn_bare,True,2024-11..2025-01-15,
IR,herokuapp.com,IRBlock,irb_dns_fqdn_names,3590,2024-11..2025-01-15,
IR,herokuapp.com,IRBlock,irb_dns_fqdn_tenants,3587,2024-11..2025-01-15,
IR,herokuapp.com,IRBlock,irb_http_fqdn_bare,True,2024-11..2025-01-15,
IR,herokuapp.com,IRBlock,irb_http_fqdn_names,194,2024-11..2025-01-15,
IR,herokuapp.com,IRBlock,irb_http_fqdn_tenants,194,2024-11..2025-01-15,
IR,herokuapp.com,IRBlock,irb_bare_in_categorised_apexes,True,2024-11..2025-01-15,
IR,herokuapp.com,IRBlock,irb_any_names,3590,2024-11..2025-01-15,
IR,herokuapp.com,IRBlock,irb_autogen_names,1292.0,2024-11..2025-01-15,
IR,herokuapp.com,IRBlock,irb_any_tenants,3587,2024-11..2025-01-15,
IR,herokuapp.com,IRBlock,irb_bare_blocked,True,2024-11..2025-01-15,
IR,appspot.com,IRBlock,irb_dns_fqdn_bare,False,2024-11..2025-01-15,
IR,appspot.com,IRBlock,irb_dns_fqdn_names,0,2024-11..2025-01-15,
IR,appspot.com,IRBlock,irb_dns_fqdn_tenants,0,2024-11..2025-01-15,
IR,appspot.com,IRBlock,irb_http_fqdn_bare,False,2024-11..2025-01-15,
IR,appspot.com,IRBlock,irb_http_fqdn_names,0,2024-11..2025-01-15,
IR,appspot.com,IRBlock,irb_http_fqdn_tenants,0,2024-11..2025-01-15,
IR,appspot.com,IRBlock,irb_bare_in_categorised_apexes,False,2024-11..2025-01-15,
IR,appspot.com,IRBlock,irb_any_names,0,2024-11..2025-01-15,
IR,appspot.com,IRBlock,irb_autogen_names,,2024-11..2025-01-15,
IR,appspot.com,IRBlock,irb_any_tenants,0,2024-11..2025-01-15,
IR,appspot.com,IRBlock,irb_bare_blocked,False,2024-11..2025-01-15,
IR,web.app,IRBlock,irb_dns_fqdn_bare,False,2024-11..2025-01-15,
IR,web.app,IRBlock,irb_dns_fqdn_names,0,2024-11..2025-01-15,
IR,web.app,IRBlock,irb_dns_fqdn_tenants,0,2024-11..2025-01-15,
IR,web.app,IRBlock,irb_http_fqdn_bare,False,2024-11..2025-01-15,
IR,web.app,IRBlock,irb_http_fqdn_names,0,2024-11..2025-01-15,
IR,web.app,IRBlock,irb_http_fqdn_tenants,0,2024-11..2025-01-15,
IR,web.app,IRBlock,irb_bare_in_categorised_apexes,False,2024-11..2025-01-15,
IR,web.app,IRBlock,irb_any_names,0,2024-11..2025-01-15,
IR,web.app,IRBlock,irb_autogen_names,,2024-11..2025-01-15,
IR,web.app,IRBlock,irb_any_tenants,0,2024-11..2025-01-15,
IR,web.app,IRBlock,irb_bare_blocked,False,2024-11..2025-01-15,
IR,firebaseapp.com,IRBlock,irb_dns_fqdn_bare,False,2024-11..2025-01-15,
IR,firebaseapp.com,IRBlock,irb_dns_fqdn_names,0,2024-11..2025-01-15,
IR,firebaseapp.com,IRBlock,irb_dns_fqdn_tenants,0,2024-11..2025-01-15,
IR,firebaseapp.com,IRBlock,irb_http_fqdn_bare,False,2024-11..2025-01-15,
IR,firebaseapp.com,IRBlock,irb_http_fqdn_names,0,2024-11..2025-01-15,
IR,firebaseapp.com,IRBlock,irb_http_fqdn_tenants,0,2024-11..2025-01-15,
IR,firebaseapp.com,IRBlock,irb_bare_in_categorised_apexes,False,2024-11..2025-01-15,
IR,firebaseapp.com,IRBlock,irb_any_names,0,2024-11..2025-01-15,
IR,firebaseapp.com,IRBlock,irb_autogen_names,,2024-11..2025-01-15,
IR,firebaseapp.com,IRBlock,irb_any_tenants,0,2024-11..2025-01-15,
IR,firebaseapp.com,IRBlock,irb_bare_blocked,False,2024-11..2025-01-15,
IR,cloudfront.net,IRBlock,irb_dns_fqdn_bare,False,2024-11..2025-01-15,
IR,cloudfront.net,IRBlock,irb_dns_fqdn_names,4,2024-11..2025-01-15,
IR,cloudfront.net,IRBlock,irb_dns_fqdn_tenants,4,2024-11..2025-01-15,
IR,cloudfront.net,IRBlock,irb_http_fqdn_bare,False,2024-11..2025-01-15,
IR,cloudfront.net,IRBlock,irb_http_fqdn_names,0,2024-11..2025-01-15,
IR,cloudfront.net,IRBlock,irb_http_fqdn_tenants,0,2024-11..2025-01-15,
IR,cloudfront.net,IRBlock,irb_bare_in_categorised_apexes,False,2024-11..2025-01-15,
IR,cloudfront.net,IRBlock,irb_any_names,4,2024-11..2025-01-15,
IR,cloudfront.net,IRBlock,irb_autogen_names,,2024-11..2025-01-15,
IR,cloudfront.net,IRBlock,irb_any_tenants,4,2024-11..2025-01-15,
IR,cloudfront.net,IRBlock,irb_bare_blocked,False,2024-11..2025-01-15,
IR,azurewebsites.net,IRBlock,irb_dns_fqdn_bare,False,2024-11..2025-01-15,
IR,azurewebsites.net,IRBlock,irb_dns_fqdn_names,1,2024-11..2025-01-15,
IR,azurewebsites.net,IRBlock,irb_dns_fqdn_tenants,1,2024-11..2025-01-15,
IR,azurewebsites.net,IRBlock,irb_http_fqdn_bare,False,2024-11..2025-01-15,
IR,azurewebsites.net,IRBlock,irb_http_fqdn_names,0,2024-11..2025-01-15,
IR,azurewebsites.net,IRBlock,irb_http_fqdn_tenants,0,2024-11..2025-01-15,
IR,azurewebsites.net,IRBlock,irb_bare_in_categorised_apexes,False,2024-11..2025-01-15,
IR,azurewebsites.net,IRBlock,irb_any_names,1,2024-11..2025-01-15,
IR,azurewebsites.net,IRBlock,irb_autogen_names,,2024-11..2025-01-15,
IR,azurewebsites.net,IRBlock,irb_any_tenants,1,2024-11..2025-01-15,
IR,azurewebsites.net,IRBlock,irb_bare_blocked,False,2024-11..2025-01-15,
IR,azurefd.net,IRBlock,irb_dns_fqdn_bare,False,2024-11..2025-01-15,
IR,azurefd.net,IRBlock,irb_dns_fqdn_names,0,2024-11..2025-01-15,
IR,azurefd.net,IRBlock,irb_dns_fqdn_tenants,0,2024-11..2025-01-15,
IR,azurefd.net,IRBlock,irb_http_fqdn_bare,False,2024-11..2025-01-15,
IR,azurefd.net,IRBlock,irb_http_fqdn_names,0,2024-11..2025-01-15,
IR,azurefd.net,IRBlock,irb_http_fqdn_tenants,0,2024-11..2025-01-15,
IR,azurefd.net,IRBlock,irb_bare_in_categorised_apexes,False,2024-11..2025-01-15,
IR,azurefd.net,IRBlock,irb_any_names,0,2024-11..2025-01-15,
IR,azurefd.net,IRBlock,irb_autogen_names,,2024-11..2025-01-15,
IR,azurefd.net,IRBlock,irb_any_tenants,0,2024-11..2025-01-15,
IR,azurefd.net,IRBlock,irb_bare_blocked,False,2024-11..2025-01-15,
IR,run.app,IRBlock,irb_dns_fqdn_bare,False,2024-11..2025-01-15,
IR,run.app,IRBlock,irb_dns_fqdn_names,0,2024-11..2025-01-15,
IR,run.app,IRBlock,irb_dns_fqdn_tenants,0,2024-11..2025-01-15,
IR,run.app,IRBlock,irb_http_fqdn_bare,False,2024-11..2025-01-15,
IR,run.app,IRBlock,irb_http_fqdn_names,0,2024-11..2025-01-15,
IR,run.app,IRBlock,irb_http_fqdn_tenants,0,2024-11..2025-01-15,
IR,run.app,IRBlock,irb_bare_in_categorised_apexes,False,2024-11..2025-01-15,
IR,run.app,IRBlock,irb_any_names,0,2024-11..2025-01-15,
IR,run.app,IRBlock,irb_autogen_names,,2024-11..2025-01-15,
IR,run.app,IRBlock,irb_any_tenants,0,2024-11..2025-01-15,
IR,run.app,IRBlock,irb_bare_blocked,False,2024-11..2025-01-15,
IR,on.aws,IRBlock,irb_dns_fqdn_bare,False,2024-11..2025-01-15,
IR,on.aws,IRBlock,irb_dns_fqdn_names,0,2024-11..2025-01-15,
IR,on.aws,IRBlock,irb_dns_fqdn_tenants,0,2024-11..2025-01-15,
IR,on.aws,IRBlock,irb_http_fqdn_bare,False,2024-11..2025-01-15,
IR,on.aws,IRBlock,irb_http_fqdn_names,0,2024-11..2025-01-15,
IR,on.aws,IRBlock,irb_http_fqdn_tenants,0,2024-11..2025-01-15,
IR,on.aws,IRBlock,irb_bare_in_categorised_apexes,False,2024-11..2025-01-15,
IR,on.aws,IRBlock,irb_any_names,0,2024-11..2025-01-15,
IR,on.aws,IRBlock,irb_autogen_names,,2024-11..2025-01-15,
IR,on.aws,IRBlock,irb_any_tenants,0,2024-11..2025-01-15,
IR,on.aws,IRBlock,irb_bare_blocked,False,2024-11..2025-01-15,
IR,deno.dev,IRBlock,irb_dns_fqdn_bare,False,2024-11..2025-01-15,
IR,deno.dev,IRBlock,irb_dns_fqdn_names,0,2024-11..2025-01-15,
IR,deno.dev,IRBlock,irb_dns_fqdn_tenants,0,2024-11..2025-01-15,
IR,deno.dev,IRBlock,irb_http_fqdn_bare,False,2024-11..2025-01-15,
IR,deno.dev,IRBlock,irb_http_fqdn_names,0,2024-11..2025-01-15,
IR,deno.dev,IRBlock,irb_http_fqdn_tenants,0,2024-11..2025-01-15,
IR,deno.dev,IRBlock,irb_bare_in_categorised_apexes,False,2024-11..2025-01-15,
IR,deno.dev,IRBlock,irb_any_names,0,2024-11..2025-01-15,
IR,deno.dev,IRBlock,irb_autogen_names,,2024-11..2025-01-15,
IR,deno.dev,IRBlock,irb_any_tenants,0,2024-11..2025-01-15,
IR,deno.dev,IRBlock,irb_bare_blocked,False,2024-11..2025-01-15,
IR,fly.dev,IRBlock,irb_dns_fqdn_bare,False,2024-11..2025-01-15,
IR,fly.dev,IRBlock,irb_dns_fqdn_names,0,2024-11..2025-01-15,
IR,fly.dev,IRBlock,irb_dns_fqdn_tenants,0,2024-11..2025-01-15,
IR,fly.dev,IRBlock,irb_http_fqdn_bare,False,2024-11..2025-01-15,
IR,fly.dev,IRBlock,irb_http_fqdn_names,0,2024-11..2025-01-15,
IR,fly.dev,IRBlock,irb_http_fqdn_tenants,0,2024-11..2025-01-15,
IR,fly.dev,IRBlock,irb_bare_in_categorised_apexes,False,2024-11..2025-01-15,
IR,fly.dev,IRBlock,irb_any_names,0,2024-11..2025-01-15,
IR,fly.dev,IRBlock,irb_autogen_names,,2024-11..2025-01-15,
IR,fly.dev,IRBlock,irb_any_tenants,0,2024-11..2025-01-15,
IR,fly.dev,IRBlock,irb_bare_blocked,False,2024-11..2025-01-15,
IR,onrender.com,IRBlock,irb_dns_fqdn_bare,False,2024-11..2025-01-15,
IR,onrender.com,IRBlock,irb_dns_fqdn_names,0,2024-11..2025-01-15,
IR,onrender.com,IRBlock,irb_dns_fqdn_tenants,0,2024-11..2025-01-15,
IR,onrender.com,IRBlock,irb_http_fqdn_bare,False,2024-11..2025-01-15,
IR,onrender.com,IRBlock,irb_http_fqdn_names,0,2024-11..2025-01-15,
IR,onrender.com,IRBlock,irb_http_fqdn_tenants,0,2024-11..2025-01-15,
IR,onrender.com,IRBlock,irb_bare_in_categorised_apexes,False,2024-11..2025-01-15,
IR,onrender.com,IRBlock,irb_any_names,0,2024-11..2025-01-15,
IR,onrender.com,IRBlock,irb_autogen_names,,2024-11..2025-01-15,
IR,onrender.com,IRBlock,irb_any_tenants,0,2024-11..2025-01-15,
IR,onrender.com,IRBlock,irb_bare_blocked,False,2024-11..2025-01-15,
IR,trycloudflare.com,IRBlock,irb_dns_fqdn_bare,True,2024-11..2025-01-15,
IR,trycloudflare.com,IRBlock,irb_dns_fqdn_names,29,2024-11..2025-01-15,
IR,trycloudflare.com,IRBlock,irb_dns_fqdn_tenants,29,2024-11..2025-01-15,
IR,trycloudflare.com,IRBlock,irb_http_fqdn_bare,False,2024-11..2025-01-15,
IR,trycloudflare.com,IRBlock,irb_http_fqdn_names,0,2024-11..2025-01-15,
IR,trycloudflare.com,IRBlock,irb_http_fqdn_tenants,0,2024-11..2025-01-15,
IR,trycloudflare.com,IRBlock,irb_bare_in_categorised_apexes,True,2024-11..2025-01-15,
IR,trycloudflare.com,IRBlock,irb_any_names,29,2024-11..2025-01-15,
IR,trycloudflare.com,IRBlock,irb_autogen_names,28.0,2024-11..2025-01-15,
IR,trycloudflare.com,IRBlock,irb_any_tenants,29,2024-11..2025-01-15,
IR,trycloudflare.com,IRBlock,irb_bare_blocked,True,2024-11..2025-01-15,
IR,r2.dev,IRBlock,irb_dns_fqdn_bare,False,2024-11..2025-01-15,
IR,r2.dev,IRBlock,irb_dns_fqdn_names,0,2024-11..2025-01-15,
IR,r2.dev,IRBlock,irb_dns_fqdn_tenants,0,2024-11..2025-01-15,
IR,r2.dev,IRBlock,irb_http_fqdn_bare,False,2024-11..2025-01-15,
IR,r2.dev,IRBlock,irb_http_fqdn_names,0,2024-11..2025-01-15,
IR,r2.dev,IRBlock,irb_http_fqdn_tenants,0,2024-11..2025-01-15,
IR,r2.dev,IRBlock,irb_bare_in_categorised_apexes,False,2024-11..2025-01-15,
IR,r2.dev,IRBlock,irb_any_names,0,2024-11..2025-01-15,
IR,r2.dev,IRBlock,irb_autogen_names,,2024-11..2025-01-15,
IR,r2.dev,IRBlock,irb_any_tenants,0,2024-11..2025-01-15,
IR,r2.dev,IRBlock,irb_bare_blocked,False,2024-11..2025-01-15,
RU,github.io,RKN registry (z-i),reg_snapshot,2025-10-01,2021-12-31..2025-10-01,
RU,github.io,RKN registry (z-i),reg_host_entries,44,2021-12-31..2025-10-01,
RU,github.io,RKN registry (z-i),reg_tenant_masks,0,2021-12-31..2025-10-01,
RU,github.io,RKN registry (z-i),reg_url_hosts,17,2021-12-31..2025-10-01,
RU,github.io,RKN registry (z-i),reg_tenants,44,2021-12-31..2025-10-01,
RU,github.io,RKN registry (z-i),reg_suffix_entry,False,2021-12-31..2025-10-01,
RU,github.io,RKN registry (z-i),reg_suffix_decision_date,,2021-12-31..2025-10-01,
RU,github.io,RKN registry (z-i),reg_tenant_decision_min,2021-04-16,2021-12-31..2025-10-01,
RU,github.io,RKN registry (z-i),reg_tenant_decision_max,2025-09-26,2021-12-31..2025-10-01,
RU,github.io,RKN registry (z-i),reg_first_snapshot_tenant,2021-12-31,2021-12-31..2025-10-01,
RU,github.io,RKN registry (z-i),reg_first_snapshot_suffix,,2021-12-31..2025-10-01,
RU,github.io,RKN registry (z-i),reg_last_snapshot_without_suffix,,2021-12-31..2025-10-01,
RU,pages.dev,RKN registry (z-i),reg_snapshot,2025-10-01,2021-12-31..2025-10-01,
RU,pages.dev,RKN registry (z-i),reg_host_entries,44,2021-12-31..2025-10-01,
RU,pages.dev,RKN registry (z-i),reg_tenant_masks,0,2021-12-31..2025-10-01,
RU,pages.dev,RKN registry (z-i),reg_url_hosts,14,2021-12-31..2025-10-01,
RU,pages.dev,RKN registry (z-i),reg_tenants,40,2021-12-31..2025-10-01,
RU,pages.dev,RKN registry (z-i),reg_suffix_entry,True,2021-12-31..2025-10-01,
RU,pages.dev,RKN registry (z-i),reg_suffix_decision_date,2024-05-06,2021-12-31..2025-10-01,
RU,pages.dev,RKN registry (z-i),reg_tenant_decision_min,2017-05-18,2021-12-31..2025-10-01,
RU,pages.dev,RKN registry (z-i),reg_tenant_decision_max,2024-05-14,2021-12-31..2025-10-01,
RU,pages.dev,RKN registry (z-i),reg_first_snapshot_tenant,2022-12-31,2021-12-31..2025-10-01,
RU,pages.dev,RKN registry (z-i),reg_first_snapshot_suffix,2024-05-09,2021-12-31..2025-10-01,
RU,pages.dev,RKN registry (z-i),reg_last_snapshot_without_suffix,2024-05-06,2021-12-31..2025-10-01,
RU,workers.dev,RKN registry (z-i),reg_snapshot,2025-10-01,2021-12-31..2025-10-01,
RU,workers.dev,RKN registry (z-i),reg_host_entries,5,2021-12-31..2025-10-01,
RU,workers.dev,RKN registry (z-i),reg_tenant_masks,0,2021-12-31..2025-10-01,
RU,workers.dev,RKN registry (z-i),reg_url_hosts,0,2021-12-31..2025-10-01,
RU,workers.dev,RKN registry (z-i),reg_tenants,5,2021-12-31..2025-10-01,
RU,workers.dev,RKN registry (z-i),reg_suffix_entry,False,2021-12-31..2025-10-01,
RU,workers.dev,RKN registry (z-i),reg_suffix_decision_date,,2021-12-31..2025-10-01,
RU,workers.dev,RKN registry (z-i),reg_tenant_decision_min,2022-09-26,2021-12-31..2025-10-01,
RU,workers.dev,RKN registry (z-i),reg_tenant_decision_max,2025-09-03,2021-12-31..2025-10-01,
RU,workers.dev,RKN registry (z-i),reg_first_snapshot_tenant,2022-12-31,2021-12-31..2025-10-01,
RU,workers.dev,RKN registry (z-i),reg_first_snapshot_suffix,,2021-12-31..2025-10-01,
RU,workers.dev,RKN registry (z-i),reg_last_snapshot_without_suffix,,2021-12-31..2025-10-01,
RU,vercel.app,RKN registry (z-i),reg_snapshot,2025-10-01,2021-12-31..2025-10-01,
RU,vercel.app,RKN registry (z-i),reg_host_entries,41,2021-12-31..2025-10-01,
RU,vercel.app,RKN registry (z-i),reg_tenant_masks,3,2021-12-31..2025-10-01,
RU,vercel.app,RKN registry (z-i),reg_url_hosts,6,2021-12-31..2025-10-01,
RU,vercel.app,RKN registry (z-i),reg_tenants,44,2021-12-31..2025-10-01,
RU,vercel.app,RKN registry (z-i),reg_suffix_entry,False,2021-12-31..2025-10-01,
RU,vercel.app,RKN registry (z-i),reg_suffix_decision_date,,2021-12-31..2025-10-01,
RU,vercel.app,RKN registry (z-i),reg_tenant_decision_min,2017-05-11,2021-12-31..2025-10-01,
RU,vercel.app,RKN registry (z-i),reg_tenant_decision_max,2025-09-17,2021-12-31..2025-10-01,
RU,vercel.app,RKN registry (z-i),reg_first_snapshot_tenant,2022-12-31,2021-12-31..2025-10-01,
RU,vercel.app,RKN registry (z-i),reg_first_snapshot_suffix,,2021-12-31..2025-10-01,
RU,vercel.app,RKN registry (z-i),reg_last_snapshot_without_suffix,,2021-12-31..2025-10-01,
RU,netlify.app,RKN registry (z-i),reg_snapshot,2025-10-01,2021-12-31..2025-10-01,
RU,netlify.app,RKN registry (z-i),reg_host_entries,25,2021-12-31..2025-10-01,
RU,netlify.app,RKN registry (z-i),reg_tenant_masks,0,2021-12-31..2025-10-01,
RU,netlify.app,RKN registry (z-i),reg_url_hosts,10,2021-12-31..2025-10-01,
RU,netlify.app,RKN registry (z-i),reg_tenants,25,2021-12-31..2025-10-01,
RU,netlify.app,RKN registry (z-i),reg_suffix_entry,False,2021-12-31..2025-10-01,
RU,netlify.app,RKN registry (z-i),reg_suffix_decision_date,,2021-12-31..2025-10-01,
RU,netlify.app,RKN registry (z-i),reg_tenant_decision_min,2012-12-12,2021-12-31..2025-10-01,
RU,netlify.app,RKN registry (z-i),reg_tenant_decision_max,2025-08-07,2021-12-31..2025-10-01,
RU,netlify.app,RKN registry (z-i),reg_first_snapshot_tenant,2022-12-31,2021-12-31..2025-10-01,
RU,netlify.app,RKN registry (z-i),reg_first_snapshot_suffix,,2021-12-31..2025-10-01,
RU,netlify.app,RKN registry (z-i),reg_last_snapshot_without_suffix,,2021-12-31..2025-10-01,
RU,herokuapp.com,RKN registry (z-i),reg_snapshot,2025-10-01,2021-12-31..2025-10-01,
RU,herokuapp.com,RKN registry (z-i),reg_host_entries,71,2021-12-31..2025-10-01,
RU,herokuapp.com,RKN registry (z-i),reg_tenant_masks,0,2021-12-31..2025-10-01,
RU,herokuapp.com,RKN registry (z-i),reg_url_hosts,2,2021-12-31..2025-10-01,
RU,herokuapp.com,RKN registry (z-i),reg_tenants,71,2021-12-31..2025-10-01,
RU,herokuapp.com,RKN registry (z-i),reg_suffix_entry,False,2021-12-31..2025-10-01,
RU,herokuapp.com,RKN registry (z-i),reg_suffix_decision_date,,2021-12-31..2025-10-01,
RU,herokuapp.com,RKN registry (z-i),reg_tenant_decision_min,2015-03-12,2021-12-31..2025-10-01,
RU,herokuapp.com,RKN registry (z-i),reg_tenant_decision_max,2025-03-13,2021-12-31..2025-10-01,
RU,herokuapp.com,RKN registry (z-i),reg_first_snapshot_tenant,2021-12-31,2021-12-31..2025-10-01,
RU,herokuapp.com,RKN registry (z-i),reg_first_snapshot_suffix,,2021-12-31..2025-10-01,
RU,herokuapp.com,RKN registry (z-i),reg_last_snapshot_without_suffix,,2021-12-31..2025-10-01,
RU,appspot.com,RKN registry (z-i),reg_snapshot,2025-10-01,2021-12-31..2025-10-01,
RU,appspot.com,RKN registry (z-i),reg_host_entries,2101,2021-12-31..2025-10-01,
RU,appspot.com,RKN registry (z-i),reg_tenant_masks,1,2021-12-31..2025-10-01,
RU,appspot.com,RKN registry (z-i),reg_url_hosts,47,2021-12-31..2025-10-01,
RU,appspot.com,RKN registry (z-i),reg_tenants,2091,2021-12-31..2025-10-01,
RU,appspot.com,RKN registry (z-i),reg_suffix_entry,False,2021-12-31..2025-10-01,
RU,appspot.com,RKN registry (z-i),reg_suffix_decision_date,,2021-12-31..2025-10-01,
RU,appspot.com,RKN registry (z-i),reg_tenant_decision_min,2014-03-13,2021-12-31..2025-10-01,
RU,appspot.com,RKN registry (z-i),reg_tenant_decision_max,2025-09-22,2021-12-31..2025-10-01,
RU,appspot.com,RKN registry (z-i),reg_first_snapshot_tenant,2021-12-31,2021-12-31..2025-10-01,
RU,appspot.com,RKN registry (z-i),reg_first_snapshot_suffix,,2021-12-31..2025-10-01,
RU,appspot.com,RKN registry (z-i),reg_last_snapshot_without_suffix,,2021-12-31..2025-10-01,
RU,web.app,RKN registry (z-i),reg_snapshot,2025-10-01,2021-12-31..2025-10-01,
RU,web.app,RKN registry (z-i),reg_host_entries,51,2021-12-31..2025-10-01,
RU,web.app,RKN registry (z-i),reg_tenant_masks,1,2021-12-31..2025-10-01,
RU,web.app,RKN registry (z-i),reg_url_hosts,1,2021-12-31..2025-10-01,
RU,web.app,RKN registry (z-i),reg_tenants,52,2021-12-31..2025-10-01,
RU,web.app,RKN registry (z-i),reg_suffix_entry,False,2021-12-31..2025-10-01,
RU,web.app,RKN registry (z-i),reg_suffix_decision_date,,2021-12-31..2025-10-01,
RU,web.app,RKN registry (z-i),reg_tenant_decision_min,2017-08-25,2021-12-31..2025-10-01,
RU,web.app,RKN registry (z-i),reg_tenant_decision_max,2025-09-08,2021-12-31..2025-10-01,
RU,web.app,RKN registry (z-i),reg_first_snapshot_tenant,2021-12-31,2021-12-31..2025-10-01,
RU,web.app,RKN registry (z-i),reg_first_snapshot_suffix,,2021-12-31..2025-10-01,
RU,web.app,RKN registry (z-i),reg_last_snapshot_without_suffix,,2021-12-31..2025-10-01,
RU,firebaseapp.com,RKN registry (z-i),reg_snapshot,2025-10-01,2021-12-31..2025-10-01,
RU,firebaseapp.com,RKN registry (z-i),reg_host_entries,30,2021-12-31..2025-10-01,
RU,firebaseapp.com,RKN registry (z-i),reg_tenant_masks,0,2021-12-31..2025-10-01,
RU,firebaseapp.com,RKN registry (z-i),reg_url_hosts,0,2021-12-31..2025-10-01,
RU,firebaseapp.com,RKN registry (z-i),reg_tenants,30,2021-12-31..2025-10-01,
RU,firebaseapp.com,RKN registry (z-i),reg_suffix_entry,False,2021-12-31..2025-10-01,
RU,firebaseapp.com,RKN registry (z-i),reg_suffix_decision_date,,2021-12-31..2025-10-01,
RU,firebaseapp.com,RKN registry (z-i),reg_tenant_decision_min,2017-03-02,2021-12-31..2025-10-01,
RU,firebaseapp.com,RKN registry (z-i),reg_tenant_decision_max,2024-04-15,2021-12-31..2025-10-01,
RU,firebaseapp.com,RKN registry (z-i),reg_first_snapshot_tenant,2021-12-31,2021-12-31..2025-10-01,
RU,firebaseapp.com,RKN registry (z-i),reg_first_snapshot_suffix,,2021-12-31..2025-10-01,
RU,firebaseapp.com,RKN registry (z-i),reg_last_snapshot_without_suffix,,2021-12-31..2025-10-01,
RU,cloudfront.net,RKN registry (z-i),reg_snapshot,2025-10-01,2021-12-31..2025-10-01,
RU,cloudfront.net,RKN registry (z-i),reg_host_entries,10223,2021-12-31..2025-10-01,
RU,cloudfront.net,RKN registry (z-i),reg_tenant_masks,1,2021-12-31..2025-10-01,
RU,cloudfront.net,RKN registry (z-i),reg_url_hosts,37,2021-12-31..2025-10-01,
RU,cloudfront.net,RKN registry (z-i),reg_tenants,10224,2021-12-31..2025-10-01,
RU,cloudfront.net,RKN registry (z-i),reg_suffix_entry,False,2021-12-31..2025-10-01,
RU,cloudfront.net,RKN registry (z-i),reg_suffix_decision_date,,2021-12-31..2025-10-01,
RU,cloudfront.net,RKN registry (z-i),reg_tenant_decision_min,2013-06-10,2021-12-31..2025-10-01,
RU,cloudfront.net,RKN registry (z-i),reg_tenant_decision_max,2025-07-02,2021-12-31..2025-10-01,
RU,cloudfront.net,RKN registry (z-i),reg_first_snapshot_tenant,2021-12-31,2021-12-31..2025-10-01,
RU,cloudfront.net,RKN registry (z-i),reg_first_snapshot_suffix,,2021-12-31..2025-10-01,
RU,cloudfront.net,RKN registry (z-i),reg_last_snapshot_without_suffix,,2021-12-31..2025-10-01,
RU,azurewebsites.net,RKN registry (z-i),reg_snapshot,2025-10-01,2021-12-31..2025-10-01,
RU,azurewebsites.net,RKN registry (z-i),reg_host_entries,158,2021-12-31..2025-10-01,
RU,azurewebsites.net,RKN registry (z-i),reg_tenant_masks,0,2021-12-31..2025-10-01,
RU,azurewebsites.net,RKN registry (z-i),reg_url_hosts,1,2021-12-31..2025-10-01,
RU,azurewebsites.net,RKN registry (z-i),reg_tenants,158,2021-12-31..2025-10-01,
RU,azurewebsites.net,RKN registry (z-i),reg_suffix_entry,False,2021-12-31..2025-10-01,
RU,azurewebsites.net,RKN registry (z-i),reg_suffix_decision_date,,2021-12-31..2025-10-01,
RU,azurewebsites.net,RKN registry (z-i),reg_tenant_decision_min,2016-07-21,2021-12-31..2025-10-01,
RU,azurewebsites.net,RKN registry (z-i),reg_tenant_decision_max,2025-03-11,2021-12-31..2025-10-01,
RU,azurewebsites.net,RKN registry (z-i),reg_first_snapshot_tenant,2021-12-31,2021-12-31..2025-10-01,
RU,azurewebsites.net,RKN registry (z-i),reg_first_snapshot_suffix,,2021-12-31..2025-10-01,
RU,azurewebsites.net,RKN registry (z-i),reg_last_snapshot_without_suffix,,2021-12-31..2025-10-01,
RU,azurefd.net,RKN registry (z-i),reg_snapshot,2025-10-01,2021-12-31..2025-10-01,
RU,azurefd.net,RKN registry (z-i),reg_host_entries,201,2021-12-31..2025-10-01,
RU,azurefd.net,RKN registry (z-i),reg_tenant_masks,0,2021-12-31..2025-10-01,
RU,azurefd.net,RKN registry (z-i),reg_url_hosts,9,2021-12-31..2025-10-01,
RU,azurefd.net,RKN registry (z-i),reg_tenants,201,2021-12-31..2025-10-01,
RU,azurefd.net,RKN registry (z-i),reg_suffix_entry,False,2021-12-31..2025-10-01,
RU,azurefd.net,RKN registry (z-i),reg_suffix_decision_date,,2021-12-31..2025-10-01,
RU,azurefd.net,RKN registry (z-i),reg_tenant_decision_min,2016-12-20,2021-12-31..2025-10-01,
RU,azurefd.net,RKN registry (z-i),reg_tenant_decision_max,2023-07-21,2021-12-31..2025-10-01,
RU,azurefd.net,RKN registry (z-i),reg_first_snapshot_tenant,2021-12-31,2021-12-31..2025-10-01,
RU,azurefd.net,RKN registry (z-i),reg_first_snapshot_suffix,,2021-12-31..2025-10-01,
RU,azurefd.net,RKN registry (z-i),reg_last_snapshot_without_suffix,,2021-12-31..2025-10-01,
RU,run.app,RKN registry (z-i),reg_snapshot,2025-10-01,2021-12-31..2025-10-01,
RU,run.app,RKN registry (z-i),reg_host_entries,2461,2021-12-31..2025-10-01,
RU,run.app,RKN registry (z-i),reg_tenant_masks,0,2021-12-31..2025-10-01,
RU,run.app,RKN registry (z-i),reg_url_hosts,3,2021-12-31..2025-10-01,
RU,run.app,RKN registry (z-i),reg_tenants,2461,2021-12-31..2025-10-01,
RU,run.app,RKN registry (z-i),reg_suffix_entry,False,2021-12-31..2025-10-01,
RU,run.app,RKN registry (z-i),reg_suffix_decision_date,,2021-12-31..2025-10-01,
RU,run.app,RKN registry (z-i),reg_tenant_decision_min,2022-02-24,2021-12-31..2025-10-01,
RU,run.app,RKN registry (z-i),reg_tenant_decision_max,2025-06-02,2021-12-31..2025-10-01,
RU,run.app,RKN registry (z-i),reg_first_snapshot_tenant,2023-12-31,2021-12-31..2025-10-01,
RU,run.app,RKN registry (z-i),reg_first_snapshot_suffix,,2021-12-31..2025-10-01,
RU,run.app,RKN registry (z-i),reg_last_snapshot_without_suffix,,2021-12-31..2025-10-01,
RU,on.aws,RKN registry (z-i),reg_snapshot,2025-10-01,2021-12-31..2025-10-01,
RU,on.aws,RKN registry (z-i),reg_host_entries,0,2021-12-31..2025-10-01,
RU,on.aws,RKN registry (z-i),reg_tenant_masks,0,2021-12-31..2025-10-01,
RU,on.aws,RKN registry (z-i),reg_url_hosts,0,2021-12-31..2025-10-01,
RU,on.aws,RKN registry (z-i),reg_tenants,0,2021-12-31..2025-10-01,
RU,on.aws,RKN registry (z-i),reg_suffix_entry,False,2021-12-31..2025-10-01,
RU,on.aws,RKN registry (z-i),reg_suffix_decision_date,,2021-12-31..2025-10-01,
RU,on.aws,RKN registry (z-i),reg_tenant_decision_min,,2021-12-31..2025-10-01,
RU,on.aws,RKN registry (z-i),reg_tenant_decision_max,,2021-12-31..2025-10-01,
RU,on.aws,RKN registry (z-i),reg_first_snapshot_tenant,,2021-12-31..2025-10-01,
RU,on.aws,RKN registry (z-i),reg_first_snapshot_suffix,,2021-12-31..2025-10-01,
RU,on.aws,RKN registry (z-i),reg_last_snapshot_without_suffix,,2021-12-31..2025-10-01,
RU,deno.dev,RKN registry (z-i),reg_snapshot,2025-10-01,2021-12-31..2025-10-01,
RU,deno.dev,RKN registry (z-i),reg_host_entries,1,2021-12-31..2025-10-01,
RU,deno.dev,RKN registry (z-i),reg_tenant_masks,0,2021-12-31..2025-10-01,
RU,deno.dev,RKN registry (z-i),reg_url_hosts,1,2021-12-31..2025-10-01,
RU,deno.dev,RKN registry (z-i),reg_tenants,1,2021-12-31..2025-10-01,
RU,deno.dev,RKN registry (z-i),reg_suffix_entry,False,2021-12-31..2025-10-01,
RU,deno.dev,RKN registry (z-i),reg_suffix_decision_date,,2021-12-31..2025-10-01,
RU,deno.dev,RKN registry (z-i),reg_tenant_decision_min,2024-02-26,2021-12-31..2025-10-01,
RU,deno.dev,RKN registry (z-i),reg_tenant_decision_max,2024-02-26,2021-12-31..2025-10-01,
RU,deno.dev,RKN registry (z-i),reg_first_snapshot_tenant,2024-05-06,2021-12-31..2025-10-01,
RU,deno.dev,RKN registry (z-i),reg_first_snapshot_suffix,,2021-12-31..2025-10-01,
RU,deno.dev,RKN registry (z-i),reg_last_snapshot_without_suffix,,2021-12-31..2025-10-01,
RU,fly.dev,RKN registry (z-i),reg_snapshot,2025-10-01,2021-12-31..2025-10-01,
RU,fly.dev,RKN registry (z-i),reg_host_entries,0,2021-12-31..2025-10-01,
RU,fly.dev,RKN registry (z-i),reg_tenant_masks,0,2021-12-31..2025-10-01,
RU,fly.dev,RKN registry (z-i),reg_url_hosts,0,2021-12-31..2025-10-01,
RU,fly.dev,RKN registry (z-i),reg_tenants,0,2021-12-31..2025-10-01,
RU,fly.dev,RKN registry (z-i),reg_suffix_entry,False,2021-12-31..2025-10-01,
RU,fly.dev,RKN registry (z-i),reg_suffix_decision_date,,2021-12-31..2025-10-01,
RU,fly.dev,RKN registry (z-i),reg_tenant_decision_min,,2021-12-31..2025-10-01,
RU,fly.dev,RKN registry (z-i),reg_tenant_decision_max,,2021-12-31..2025-10-01,
RU,fly.dev,RKN registry (z-i),reg_first_snapshot_tenant,,2021-12-31..2025-10-01,
RU,fly.dev,RKN registry (z-i),reg_first_snapshot_suffix,,2021-12-31..2025-10-01,
RU,fly.dev,RKN registry (z-i),reg_last_snapshot_without_suffix,,2021-12-31..2025-10-01,
RU,onrender.com,RKN registry (z-i),reg_snapshot,2025-10-01,2021-12-31..2025-10-01,
RU,onrender.com,RKN registry (z-i),reg_host_entries,3,2021-12-31..2025-10-01,
RU,onrender.com,RKN registry (z-i),reg_tenant_masks,0,2021-12-31..2025-10-01,
RU,onrender.com,RKN registry (z-i),reg_url_hosts,0,2021-12-31..2025-10-01,
RU,onrender.com,RKN registry (z-i),reg_tenants,3,2021-12-31..2025-10-01,
RU,onrender.com,RKN registry (z-i),reg_suffix_entry,False,2021-12-31..2025-10-01,
RU,onrender.com,RKN registry (z-i),reg_suffix_decision_date,,2021-12-31..2025-10-01,
RU,onrender.com,RKN registry (z-i),reg_tenant_decision_min,2022-03-25,2021-12-31..2025-10-01,
RU,onrender.com,RKN registry (z-i),reg_tenant_decision_max,2025-09-23,2021-12-31..2025-10-01,
RU,onrender.com,RKN registry (z-i),reg_first_snapshot_tenant,2022-12-31,2021-12-31..2025-10-01,
RU,onrender.com,RKN registry (z-i),reg_first_snapshot_suffix,,2021-12-31..2025-10-01,
RU,onrender.com,RKN registry (z-i),reg_last_snapshot_without_suffix,,2021-12-31..2025-10-01,
RU,trycloudflare.com,RKN registry (z-i),reg_snapshot,2025-10-01,2021-12-31..2025-10-01,
RU,trycloudflare.com,RKN registry (z-i),reg_host_entries,0,2021-12-31..2025-10-01,
RU,trycloudflare.com,RKN registry (z-i),reg_tenant_masks,0,2021-12-31..2025-10-01,
RU,trycloudflare.com,RKN registry (z-i),reg_url_hosts,0,2021-12-31..2025-10-01,
RU,trycloudflare.com,RKN registry (z-i),reg_tenants,0,2021-12-31..2025-10-01,
RU,trycloudflare.com,RKN registry (z-i),reg_suffix_entry,False,2021-12-31..2025-10-01,
RU,trycloudflare.com,RKN registry (z-i),reg_suffix_decision_date,,2021-12-31..2025-10-01,
RU,trycloudflare.com,RKN registry (z-i),reg_tenant_decision_min,,2021-12-31..2025-10-01,
RU,trycloudflare.com,RKN registry (z-i),reg_tenant_decision_max,,2021-12-31..2025-10-01,
RU,trycloudflare.com,RKN registry (z-i),reg_first_snapshot_tenant,,2021-12-31..2025-10-01,
RU,trycloudflare.com,RKN registry (z-i),reg_first_snapshot_suffix,,2021-12-31..2025-10-01,
RU,trycloudflare.com,RKN registry (z-i),reg_last_snapshot_without_suffix,,2021-12-31..2025-10-01,
RU,r2.dev,RKN registry (z-i),reg_snapshot,2025-10-01,2021-12-31..2025-10-01,
RU,r2.dev,RKN registry (z-i),reg_host_entries,0,2021-12-31..2025-10-01,
RU,r2.dev,RKN registry (z-i),reg_tenant_masks,0,2021-12-31..2025-10-01,
RU,r2.dev,RKN registry (z-i),reg_url_hosts,0,2021-12-31..2025-10-01,
RU,r2.dev,RKN registry (z-i),reg_tenants,0,2021-12-31..2025-10-01,
RU,r2.dev,RKN registry (z-i),reg_suffix_entry,False,2021-12-31..2025-10-01,
RU,r2.dev,RKN registry (z-i),reg_suffix_decision_date,,2021-12-31..2025-10-01,
RU,r2.dev,RKN registry (z-i),reg_tenant_decision_min,,2021-12-31..2025-10-01,
RU,r2.dev,RKN registry (z-i),reg_tenant_decision_max,,2021-12-31..2025-10-01,
RU,r2.dev,RKN registry (z-i),reg_first_snapshot_tenant,,2021-12-31..2025-10-01,
RU,r2.dev,RKN registry (z-i),reg_first_snapshot_suffix,,2021-12-31..2025-10-01,
RU,r2.dev,RKN registry (z-i),reg_last_snapshot_without_suffix,,2021-12-31..2025-10-01,
RU,github.io,RKN registry (z-i),host_entries@2021-12-31,1,2021-12-31,
RU,github.io,RKN registry (z-i),tenant_masks@2021-12-31,0,2021-12-31,
RU,github.io,RKN registry (z-i),suffix_entry@2021-12-31,False,2021-12-31,
RU,github.io,RKN registry (z-i),url_hosts@2021-12-31,0,2021-12-31,
RU,github.io,RKN registry (z-i),tenants@2021-12-31,1,2021-12-31,
RU,github.io,RKN registry (z-i),host_entries@2022-12-31,1,2022-12-31,
RU,github.io,RKN registry (z-i),tenant_masks@2022-12-31,0,2022-12-31,
RU,github.io,RKN registry (z-i),suffix_entry@2022-12-31,False,2022-12-31,
RU,github.io,RKN registry (z-i),url_hosts@2022-12-31,0,2022-12-31,
RU,github.io,RKN registry (z-i),tenants@2022-12-31,1,2022-12-31,
RU,github.io,RKN registry (z-i),host_entries@2023-12-31,4,2023-12-31,
RU,github.io,RKN registry (z-i),tenant_masks@2023-12-31,0,2023-12-31,
RU,github.io,RKN registry (z-i),suffix_entry@2023-12-31,False,2023-12-31,
RU,github.io,RKN registry (z-i),url_hosts@2023-12-31,0,2023-12-31,
RU,github.io,RKN registry (z-i),tenants@2023-12-31,4,2023-12-31,
RU,github.io,RKN registry (z-i),host_entries@2024-05-06,6,2024-05-06,
RU,github.io,RKN registry (z-i),tenant_masks@2024-05-06,0,2024-05-06,
RU,github.io,RKN registry (z-i),suffix_entry@2024-05-06,False,2024-05-06,
RU,github.io,RKN registry (z-i),url_hosts@2024-05-06,0,2024-05-06,
RU,github.io,RKN registry (z-i),tenants@2024-05-06,6,2024-05-06,
RU,github.io,RKN registry (z-i),host_entries@2024-05-09,6,2024-05-09,
RU,github.io,RKN registry (z-i),tenant_masks@2024-05-09,0,2024-05-09,
RU,github.io,RKN registry (z-i),suffix_entry@2024-05-09,False,2024-05-09,
RU,github.io,RKN registry (z-i),url_hosts@2024-05-09,0,2024-05-09,
RU,github.io,RKN registry (z-i),tenants@2024-05-09,6,2024-05-09,
RU,github.io,RKN registry (z-i),host_entries@2024-12-31,17,2024-12-31,
RU,github.io,RKN registry (z-i),tenant_masks@2024-12-31,0,2024-12-31,
RU,github.io,RKN registry (z-i),suffix_entry@2024-12-31,False,2024-12-31,
RU,github.io,RKN registry (z-i),url_hosts@2024-12-31,9,2024-12-31,
RU,github.io,RKN registry (z-i),tenants@2024-12-31,17,2024-12-31,
RU,github.io,RKN registry (z-i),host_entries@2025-10-01,44,2025-10-01,
RU,github.io,RKN registry (z-i),tenant_masks@2025-10-01,0,2025-10-01,
RU,github.io,RKN registry (z-i),suffix_entry@2025-10-01,False,2025-10-01,
RU,github.io,RKN registry (z-i),url_hosts@2025-10-01,17,2025-10-01,
RU,github.io,RKN registry (z-i),tenants@2025-10-01,44,2025-10-01,
RU,pages.dev,RKN registry (z-i),host_entries@2021-12-31,0,2021-12-31,
RU,pages.dev,RKN registry (z-i),tenant_masks@2021-12-31,0,2021-12-31,
RU,pages.dev,RKN registry (z-i),suffix_entry@2021-12-31,False,2021-12-31,
RU,pages.dev,RKN registry (z-i),url_hosts@2021-12-31,0,2021-12-31,
RU,pages.dev,RKN registry (z-i),tenants@2021-12-31,0,2021-12-31,
RU,pages.dev,RKN registry (z-i),host_entries@2022-12-31,1,2022-12-31,
RU,pages.dev,RKN registry (z-i),tenant_masks@2022-12-31,0,2022-12-31,
RU,pages.dev,RKN registry (z-i),suffix_entry@2022-12-31,False,2022-12-31,
RU,pages.dev,RKN registry (z-i),url_hosts@2022-12-31,0,2022-12-31,
RU,pages.dev,RKN registry (z-i),tenants@2022-12-31,1,2022-12-31,
RU,pages.dev,RKN registry (z-i),host_entries@2023-12-31,19,2023-12-31,
RU,pages.dev,RKN registry (z-i),tenant_masks@2023-12-31,0,2023-12-31,
RU,pages.dev,RKN registry (z-i),suffix_entry@2023-12-31,False,2023-12-31,
RU,pages.dev,RKN registry (z-i),url_hosts@2023-12-31,13,2023-12-31,
RU,pages.dev,RKN registry (z-i),tenants@2023-12-31,15,2023-12-31,
RU,pages.dev,RKN registry (z-i),host_entries@2024-05-06,40,2024-05-06,
RU,pages.dev,RKN registry (z-i),tenant_masks@2024-05-06,0,2024-05-06,
RU,pages.dev,RKN registry (z-i),suffix_entry@2024-05-06,False,2024-05-06,
RU,pages.dev,RKN registry (z-i),url_hosts@2024-05-06,14,2024-05-06,
RU,pages.dev,RKN registry (z-i),tenants@2024-05-06,36,2024-05-06,
RU,pages.dev,RKN registry (z-i),host_entries@2024-05-09,41,2024-05-09,
RU,pages.dev,RKN registry (z-i),tenant_masks@2024-05-09,0,2024-05-09,
RU,pages.dev,RKN registry (z-i),suffix_entry@2024-05-09,True,2024-05-09,
RU,pages.dev,RKN registry (z-i),url_hosts@2024-05-09,14,2024-05-09,
RU,pages.dev,RKN registry (z-i),tenants@2024-05-09,37,2024-05-09,
RU,pages.dev,RKN registry (z-i),host_entries@2024-12-31,44,2024-12-31,
RU,pages.dev,RKN registry (z-i),tenant_masks@2024-12-31,0,2024-12-31,
RU,pages.dev,RKN registry (z-i),suffix_entry@2024-12-31,True,2024-12-31,
RU,pages.dev,RKN registry (z-i),url_hosts@2024-12-31,14,2024-12-31,
RU,pages.dev,RKN registry (z-i),tenants@2024-12-31,40,2024-12-31,
RU,pages.dev,RKN registry (z-i),host_entries@2025-10-01,44,2025-10-01,
RU,pages.dev,RKN registry (z-i),tenant_masks@2025-10-01,0,2025-10-01,
RU,pages.dev,RKN registry (z-i),suffix_entry@2025-10-01,True,2025-10-01,
RU,pages.dev,RKN registry (z-i),url_hosts@2025-10-01,14,2025-10-01,
RU,pages.dev,RKN registry (z-i),tenants@2025-10-01,40,2025-10-01,
RU,workers.dev,RKN registry (z-i),host_entries@2021-12-31,0,2021-12-31,
RU,workers.dev,RKN registry (z-i),tenant_masks@2021-12-31,0,2021-12-31,
RU,workers.dev,RKN registry (z-i),suffix_entry@2021-12-31,False,2021-12-31,
RU,workers.dev,RKN registry (z-i),url_hosts@2021-12-31,0,2021-12-31,
RU,workers.dev,RKN registry (z-i),tenants@2021-12-31,0,2021-12-31,
RU,workers.dev,RKN registry (z-i),host_entries@2022-12-31,1,2022-12-31,
RU,workers.dev,RKN registry (z-i),tenant_masks@2022-12-31,0,2022-12-31,
RU,workers.dev,RKN registry (z-i),suffix_entry@2022-12-31,False,2022-12-31,
RU,workers.dev,RKN registry (z-i),url_hosts@2022-12-31,0,2022-12-31,
RU,workers.dev,RKN registry (z-i),tenants@2022-12-31,1,2022-12-31,
RU,workers.dev,RKN registry (z-i),host_entries@2023-12-31,3,2023-12-31,
RU,workers.dev,RKN registry (z-i),tenant_masks@2023-12-31,0,2023-12-31,
RU,workers.dev,RKN registry (z-i),suffix_entry@2023-12-31,False,2023-12-31,
RU,workers.dev,RKN registry (z-i),url_hosts@2023-12-31,0,2023-12-31,
RU,workers.dev,RKN registry (z-i),tenants@2023-12-31,3,2023-12-31,
RU,workers.dev,RKN registry (z-i),host_entries@2024-05-06,3,2024-05-06,
RU,workers.dev,RKN registry (z-i),tenant_masks@2024-05-06,0,2024-05-06,
RU,workers.dev,RKN registry (z-i),suffix_entry@2024-05-06,False,2024-05-06,
RU,workers.dev,RKN registry (z-i),url_hosts@2024-05-06,0,2024-05-06,
RU,workers.dev,RKN registry (z-i),tenants@2024-05-06,3,2024-05-06,
RU,workers.dev,RKN registry (z-i),host_entries@2024-05-09,3,2024-05-09,
RU,workers.dev,RKN registry (z-i),tenant_masks@2024-05-09,0,2024-05-09,
RU,workers.dev,RKN registry (z-i),suffix_entry@2024-05-09,False,2024-05-09,
RU,workers.dev,RKN registry (z-i),url_hosts@2024-05-09,0,2024-05-09,
RU,workers.dev,RKN registry (z-i),tenants@2024-05-09,3,2024-05-09,
RU,workers.dev,RKN registry (z-i),host_entries@2024-12-31,4,2024-12-31,
RU,workers.dev,RKN registry (z-i),tenant_masks@2024-12-31,0,2024-12-31,
RU,workers.dev,RKN registry (z-i),suffix_entry@2024-12-31,False,2024-12-31,
RU,workers.dev,RKN registry (z-i),url_hosts@2024-12-31,0,2024-12-31,
RU,workers.dev,RKN registry (z-i),tenants@2024-12-31,4,2024-12-31,
RU,workers.dev,RKN registry (z-i),host_entries@2025-10-01,5,2025-10-01,
RU,workers.dev,RKN registry (z-i),tenant_masks@2025-10-01,0,2025-10-01,
RU,workers.dev,RKN registry (z-i),suffix_entry@2025-10-01,False,2025-10-01,
RU,workers.dev,RKN registry (z-i),url_hosts@2025-10-01,0,2025-10-01,
RU,workers.dev,RKN registry (z-i),tenants@2025-10-01,5,2025-10-01,
RU,vercel.app,RKN registry (z-i),host_entries@2021-12-31,0,2021-12-31,
RU,vercel.app,RKN registry (z-i),tenant_masks@2021-12-31,0,2021-12-31,
RU,vercel.app,RKN registry (z-i),suffix_entry@2021-12-31,False,2021-12-31,
RU,vercel.app,RKN registry (z-i),url_hosts@2021-12-31,0,2021-12-31,
RU,vercel.app,RKN registry (z-i),tenants@2021-12-31,0,2021-12-31,
RU,vercel.app,RKN registry (z-i),host_entries@2022-12-31,1,2022-12-31,
RU,vercel.app,RKN registry (z-i),tenant_masks@2022-12-31,1,2022-12-31,
RU,vercel.app,RKN registry (z-i),suffix_entry@2022-12-31,False,2022-12-31,
RU,vercel.app,RKN registry (z-i),url_hosts@2022-12-31,0,2022-12-31,
RU,vercel.app,RKN registry (z-i),tenants@2022-12-31,2,2022-12-31,
RU,vercel.app,RKN registry (z-i),host_entries@2023-12-31,4,2023-12-31,
RU,vercel.app,RKN registry (z-i),tenant_masks@2023-12-31,2,2023-12-31,
RU,vercel.app,RKN registry (z-i),suffix_entry@2023-12-31,False,2023-12-31,
RU,vercel.app,RKN registry (z-i),url_hosts@2023-12-31,0,2023-12-31,
RU,vercel.app,RKN registry (z-i),tenants@2023-12-31,6,2023-12-31,
RU,vercel.app,RKN registry (z-i),host_entries@2024-05-06,6,2024-05-06,
RU,vercel.app,RKN registry (z-i),tenant_masks@2024-05-06,2,2024-05-06,
RU,vercel.app,RKN registry (z-i),suffix_entry@2024-05-06,False,2024-05-06,
RU,vercel.app,RKN registry (z-i),url_hosts@2024-05-06,0,2024-05-06,
RU,vercel.app,RKN registry (z-i),tenants@2024-05-06,8,2024-05-06,
RU,vercel.app,RKN registry (z-i),host_entries@2024-05-09,6,2024-05-09,
RU,vercel.app,RKN registry (z-i),tenant_masks@2024-05-09,2,2024-05-09,
RU,vercel.app,RKN registry (z-i),suffix_entry@2024-05-09,False,2024-05-09,
RU,vercel.app,RKN registry (z-i),url_hosts@2024-05-09,0,2024-05-09,
RU,vercel.app,RKN registry (z-i),tenants@2024-05-09,8,2024-05-09,
RU,vercel.app,RKN registry (z-i),host_entries@2024-12-31,10,2024-12-31,
RU,vercel.app,RKN registry (z-i),tenant_masks@2024-12-31,3,2024-12-31,
RU,vercel.app,RKN registry (z-i),suffix_entry@2024-12-31,False,2024-12-31,
RU,vercel.app,RKN registry (z-i),url_hosts@2024-12-31,1,2024-12-31,
RU,vercel.app,RKN registry (z-i),tenants@2024-12-31,13,2024-12-31,
RU,vercel.app,RKN registry (z-i),host_entries@2025-10-01,41,2025-10-01,
RU,vercel.app,RKN registry (z-i),tenant_masks@2025-10-01,3,2025-10-01,
RU,vercel.app,RKN registry (z-i),suffix_entry@2025-10-01,False,2025-10-01,
RU,vercel.app,RKN registry (z-i),url_hosts@2025-10-01,6,2025-10-01,
RU,vercel.app,RKN registry (z-i),tenants@2025-10-01,44,2025-10-01,
RU,netlify.app,RKN registry (z-i),host_entries@2021-12-31,0,2021-12-31,
RU,netlify.app,RKN registry (z-i),tenant_masks@2021-12-31,0,2021-12-31,
RU,netlify.app,RKN registry (z-i),suffix_entry@2021-12-31,False,2021-12-31,
RU,netlify.app,RKN registry (z-i),url_hosts@2021-12-31,0,2021-12-31,
RU,netlify.app,RKN registry (z-i),tenants@2021-12-31,0,2021-12-31,
RU,netlify.app,RKN registry (z-i),host_entries@2022-12-31,3,2022-12-31,
RU,netlify.app,RKN registry (z-i),tenant_masks@2022-12-31,0,2022-12-31,
RU,netlify.app,RKN registry (z-i),suffix_entry@2022-12-31,False,2022-12-31,
RU,netlify.app,RKN registry (z-i),url_hosts@2022-12-31,0,2022-12-31,
RU,netlify.app,RKN registry (z-i),tenants@2022-12-31,3,2022-12-31,
RU,netlify.app,RKN registry (z-i),host_entries@2023-12-31,7,2023-12-31,
RU,netlify.app,RKN registry (z-i),tenant_masks@2023-12-31,0,2023-12-31,
RU,netlify.app,RKN registry (z-i),suffix_entry@2023-12-31,False,2023-12-31,
RU,netlify.app,RKN registry (z-i),url_hosts@2023-12-31,0,2023-12-31,
RU,netlify.app,RKN registry (z-i),tenants@2023-12-31,7,2023-12-31,
RU,netlify.app,RKN registry (z-i),host_entries@2024-05-06,8,2024-05-06,
RU,netlify.app,RKN registry (z-i),tenant_masks@2024-05-06,0,2024-05-06,
RU,netlify.app,RKN registry (z-i),suffix_entry@2024-05-06,False,2024-05-06,
RU,netlify.app,RKN registry (z-i),url_hosts@2024-05-06,1,2024-05-06,
RU,netlify.app,RKN registry (z-i),tenants@2024-05-06,8,2024-05-06,
RU,netlify.app,RKN registry (z-i),host_entries@2024-05-09,8,2024-05-09,
RU,netlify.app,RKN registry (z-i),tenant_masks@2024-05-09,0,2024-05-09,
RU,netlify.app,RKN registry (z-i),suffix_entry@2024-05-09,False,2024-05-09,
RU,netlify.app,RKN registry (z-i),url_hosts@2024-05-09,1,2024-05-09,
RU,netlify.app,RKN registry (z-i),tenants@2024-05-09,8,2024-05-09,
RU,netlify.app,RKN registry (z-i),host_entries@2024-12-31,12,2024-12-31,
RU,netlify.app,RKN registry (z-i),tenant_masks@2024-12-31,0,2024-12-31,
RU,netlify.app,RKN registry (z-i),suffix_entry@2024-12-31,False,2024-12-31,
RU,netlify.app,RKN registry (z-i),url_hosts@2024-12-31,3,2024-12-31,
RU,netlify.app,RKN registry (z-i),tenants@2024-12-31,12,2024-12-31,
RU,netlify.app,RKN registry (z-i),host_entries@2025-10-01,25,2025-10-01,
RU,netlify.app,RKN registry (z-i),tenant_masks@2025-10-01,0,2025-10-01,
RU,netlify.app,RKN registry (z-i),suffix_entry@2025-10-01,False,2025-10-01,
RU,netlify.app,RKN registry (z-i),url_hosts@2025-10-01,10,2025-10-01,
RU,netlify.app,RKN registry (z-i),tenants@2025-10-01,25,2025-10-01,
RU,herokuapp.com,RKN registry (z-i),host_entries@2021-12-31,66,2021-12-31,
RU,herokuapp.com,RKN registry (z-i),tenant_masks@2021-12-31,0,2021-12-31,
RU,herokuapp.com,RKN registry (z-i),suffix_entry@2021-12-31,False,2021-12-31,
RU,herokuapp.com,RKN registry (z-i),url_hosts@2021-12-31,3,2021-12-31,
RU,herokuapp.com,RKN registry (z-i),tenants@2021-12-31,66,2021-12-31,
RU,herokuapp.com,RKN registry (z-i),host_entries@2022-12-31,68,2022-12-31,
RU,herokuapp.com,RKN registry (z-i),tenant_masks@2022-12-31,0,2022-12-31,
RU,herokuapp.com,RKN registry (z-i),suffix_entry@2022-12-31,False,2022-12-31,
RU,herokuapp.com,RKN registry (z-i),url_hosts@2022-12-31,1,2022-12-31,
RU,herokuapp.com,RKN registry (z-i),tenants@2022-12-31,68,2022-12-31,
RU,herokuapp.com,RKN registry (z-i),host_entries@2023-12-31,69,2023-12-31,
RU,herokuapp.com,RKN registry (z-i),tenant_masks@2023-12-31,0,2023-12-31,
RU,herokuapp.com,RKN registry (z-i),suffix_entry@2023-12-31,False,2023-12-31,
RU,herokuapp.com,RKN registry (z-i),url_hosts@2023-12-31,1,2023-12-31,
RU,herokuapp.com,RKN registry (z-i),tenants@2023-12-31,69,2023-12-31,
RU,herokuapp.com,RKN registry (z-i),host_entries@2024-05-06,69,2024-05-06,
RU,herokuapp.com,RKN registry (z-i),tenant_masks@2024-05-06,0,2024-05-06,
RU,herokuapp.com,RKN registry (z-i),suffix_entry@2024-05-06,False,2024-05-06,
RU,herokuapp.com,RKN registry (z-i),url_hosts@2024-05-06,1,2024-05-06,
RU,herokuapp.com,RKN registry (z-i),tenants@2024-05-06,69,2024-05-06,
RU,herokuapp.com,RKN registry (z-i),host_entries@2024-05-09,69,2024-05-09,
RU,herokuapp.com,RKN registry (z-i),tenant_masks@2024-05-09,0,2024-05-09,
RU,herokuapp.com,RKN registry (z-i),suffix_entry@2024-05-09,False,2024-05-09,
RU,herokuapp.com,RKN registry (z-i),url_hosts@2024-05-09,1,2024-05-09,
RU,herokuapp.com,RKN registry (z-i),tenants@2024-05-09,69,2024-05-09,
RU,herokuapp.com,RKN registry (z-i),host_entries@2024-12-31,69,2024-12-31,
RU,herokuapp.com,RKN registry (z-i),tenant_masks@2024-12-31,0,2024-12-31,
RU,herokuapp.com,RKN registry (z-i),suffix_entry@2024-12-31,False,2024-12-31,
RU,herokuapp.com,RKN registry (z-i),url_hosts@2024-12-31,1,2024-12-31,
RU,herokuapp.com,RKN registry (z-i),tenants@2024-12-31,69,2024-12-31,
RU,herokuapp.com,RKN registry (z-i),host_entries@2025-10-01,71,2025-10-01,
RU,herokuapp.com,RKN registry (z-i),tenant_masks@2025-10-01,0,2025-10-01,
RU,herokuapp.com,RKN registry (z-i),suffix_entry@2025-10-01,False,2025-10-01,
RU,herokuapp.com,RKN registry (z-i),url_hosts@2025-10-01,2,2025-10-01,
RU,herokuapp.com,RKN registry (z-i),tenants@2025-10-01,71,2025-10-01,
RU,appspot.com,RKN registry (z-i),host_entries@2021-12-31,610,2021-12-31,
RU,appspot.com,RKN registry (z-i),tenant_masks@2021-12-31,1,2021-12-31,
RU,appspot.com,RKN registry (z-i),suffix_entry@2021-12-31,False,2021-12-31,
RU,appspot.com,RKN registry (z-i),url_hosts@2021-12-31,27,2021-12-31,
RU,appspot.com,RKN registry (z-i),tenants@2021-12-31,605,2021-12-31,
RU,appspot.com,RKN registry (z-i),host_entries@2022-12-31,785,2022-12-31,
RU,appspot.com,RKN registry (z-i),tenant_masks@2022-12-31,1,2022-12-31,
RU,appspot.com,RKN registry (z-i),suffix_entry@2022-12-31,False,2022-12-31,
RU,appspot.com,RKN registry (z-i),url_hosts@2022-12-31,37,2022-12-31,
RU,appspot.com,RKN registry (z-i),tenants@2022-12-31,777,2022-12-31,
RU,appspot.com,RKN registry (z-i),host_entries@2023-12-31,1124,2023-12-31,
RU,appspot.com,RKN registry (z-i),tenant_masks@2023-12-31,1,2023-12-31,
RU,appspot.com,RKN registry (z-i),suffix_entry@2023-12-31,False,2023-12-31,
RU,appspot.com,RKN registry (z-i),url_hosts@2023-12-31,40,2023-12-31,
RU,appspot.com,RKN registry (z-i),tenants@2023-12-31,1116,2023-12-31,
RU,appspot.com,RKN registry (z-i),host_entries@2024-05-06,1231,2024-05-06,
RU,appspot.com,RKN registry (z-i),tenant_masks@2024-05-06,1,2024-05-06,
RU,appspot.com,RKN registry (z-i),suffix_entry@2024-05-06,False,2024-05-06,
RU,appspot.com,RKN registry (z-i),url_hosts@2024-05-06,40,2024-05-06,
RU,appspot.com,RKN registry (z-i),tenants@2024-05-06,1222,2024-05-06,
RU,appspot.com,RKN registry (z-i),host_entries@2024-05-09,1231,2024-05-09,
RU,appspot.com,RKN registry (z-i),tenant_masks@2024-05-09,1,2024-05-09,
RU,appspot.com,RKN registry (z-i),suffix_entry@2024-05-09,False,2024-05-09,
RU,appspot.com,RKN registry (z-i),url_hosts@2024-05-09,40,2024-05-09,
RU,appspot.com,RKN registry (z-i),tenants@2024-05-09,1222,2024-05-09,
RU,appspot.com,RKN registry (z-i),host_entries@2024-12-31,1656,2024-12-31,
RU,appspot.com,RKN registry (z-i),tenant_masks@2024-12-31,1,2024-12-31,
RU,appspot.com,RKN registry (z-i),suffix_entry@2024-12-31,False,2024-12-31,
RU,appspot.com,RKN registry (z-i),url_hosts@2024-12-31,44,2024-12-31,
RU,appspot.com,RKN registry (z-i),tenants@2024-12-31,1646,2024-12-31,
RU,appspot.com,RKN registry (z-i),host_entries@2025-10-01,2101,2025-10-01,
RU,appspot.com,RKN registry (z-i),tenant_masks@2025-10-01,1,2025-10-01,
RU,appspot.com,RKN registry (z-i),suffix_entry@2025-10-01,False,2025-10-01,
RU,appspot.com,RKN registry (z-i),url_hosts@2025-10-01,47,2025-10-01,
RU,appspot.com,RKN registry (z-i),tenants@2025-10-01,2091,2025-10-01,
RU,web.app,RKN registry (z-i),host_entries@2021-12-31,1,2021-12-31,
RU,web.app,RKN registry (z-i),tenant_masks@2021-12-31,0,2021-12-31,
RU,web.app,RKN registry (z-i),suffix_entry@2021-12-31,False,2021-12-31,
RU,web.app,RKN registry (z-i),url_hosts@2021-12-31,0,2021-12-31,
RU,web.app,RKN registry (z-i),tenants@2021-12-31,1,2021-12-31,
RU,web.app,RKN registry (z-i),host_entries@2022-12-31,10,2022-12-31,
RU,web.app,RKN registry (z-i),tenant_masks@2022-12-31,0,2022-12-31,
RU,web.app,RKN registry (z-i),suffix_entry@2022-12-31,False,2022-12-31,
RU,web.app,RKN registry (z-i),url_hosts@2022-12-31,1,2022-12-31,
RU,web.app,RKN registry (z-i),tenants@2022-12-31,10,2022-12-31,
RU,web.app,RKN registry (z-i),host_entries@2023-12-31,39,2023-12-31,
RU,web.app,RKN registry (z-i),tenant_masks@2023-12-31,0,2023-12-31,
RU,web.app,RKN registry (z-i),suffix_entry@2023-12-31,False,2023-12-31,
RU,web.app,RKN registry (z-i),url_hosts@2023-12-31,1,2023-12-31,
RU,web.app,RKN registry (z-i),tenants@2023-12-31,39,2023-12-31,
RU,web.app,RKN registry (z-i),host_entries@2024-05-06,44,2024-05-06,
RU,web.app,RKN registry (z-i),tenant_masks@2024-05-06,0,2024-05-06,
RU,web.app,RKN registry (z-i),suffix_entry@2024-05-06,False,2024-05-06,
RU,web.app,RKN registry (z-i),url_hosts@2024-05-06,1,2024-05-06,
RU,web.app,RKN registry (z-i),tenants@2024-05-06,44,2024-05-06,
RU,web.app,RKN registry (z-i),host_entries@2024-05-09,44,2024-05-09,
RU,web.app,RKN registry (z-i),tenant_masks@2024-05-09,0,2024-05-09,
RU,web.app,RKN registry (z-i),suffix_entry@2024-05-09,False,2024-05-09,
RU,web.app,RKN registry (z-i),url_hosts@2024-05-09,1,2024-05-09,
RU,web.app,RKN registry (z-i),tenants@2024-05-09,44,2024-05-09,
RU,web.app,RKN registry (z-i),host_entries@2024-12-31,46,2024-12-31,
RU,web.app,RKN registry (z-i),tenant_masks@2024-12-31,1,2024-12-31,
RU,web.app,RKN registry (z-i),suffix_entry@2024-12-31,False,2024-12-31,
RU,web.app,RKN registry (z-i),url_hosts@2024-12-31,1,2024-12-31,
RU,web.app,RKN registry (z-i),tenants@2024-12-31,47,2024-12-31,
RU,web.app,RKN registry (z-i),host_entries@2025-10-01,51,2025-10-01,
RU,web.app,RKN registry (z-i),tenant_masks@2025-10-01,1,2025-10-01,
RU,web.app,RKN registry (z-i),suffix_entry@2025-10-01,False,2025-10-01,
RU,web.app,RKN registry (z-i),url_hosts@2025-10-01,1,2025-10-01,
RU,web.app,RKN registry (z-i),tenants@2025-10-01,52,2025-10-01,
RU,firebaseapp.com,RKN registry (z-i),host_entries@2021-12-31,11,2021-12-31,
RU,firebaseapp.com,RKN registry (z-i),tenant_masks@2021-12-31,0,2021-12-31,
RU,firebaseapp.com,RKN registry (z-i),suffix_entry@2021-12-31,False,2021-12-31,
RU,firebaseapp.com,RKN registry (z-i),url_hosts@2021-12-31,0,2021-12-31,
RU,firebaseapp.com,RKN registry (z-i),tenants@2021-12-31,11,2021-12-31,
RU,firebaseapp.com,RKN registry (z-i),host_entries@2022-12-31,15,2022-12-31,
RU,firebaseapp.com,RKN registry (z-i),tenant_masks@2022-12-31,0,2022-12-31,
RU,firebaseapp.com,RKN registry (z-i),suffix_entry@2022-12-31,False,2022-12-31,
RU,firebaseapp.com,RKN registry (z-i),url_hosts@2022-12-31,0,2022-12-31,
RU,firebaseapp.com,RKN registry (z-i),tenants@2022-12-31,15,2022-12-31,
RU,firebaseapp.com,RKN registry (z-i),host_entries@2023-12-31,25,2023-12-31,
RU,firebaseapp.com,RKN registry (z-i),tenant_masks@2023-12-31,0,2023-12-31,
RU,firebaseapp.com,RKN registry (z-i),suffix_entry@2023-12-31,False,2023-12-31,
RU,firebaseapp.com,RKN registry (z-i),url_hosts@2023-12-31,0,2023-12-31,
RU,firebaseapp.com,RKN registry (z-i),tenants@2023-12-31,25,2023-12-31,
RU,firebaseapp.com,RKN registry (z-i),host_entries@2024-05-06,30,2024-05-06,
RU,firebaseapp.com,RKN registry (z-i),tenant_masks@2024-05-06,0,2024-05-06,
RU,firebaseapp.com,RKN registry (z-i),suffix_entry@2024-05-06,False,2024-05-06,
RU,firebaseapp.com,RKN registry (z-i),url_hosts@2024-05-06,0,2024-05-06,
RU,firebaseapp.com,RKN registry (z-i),tenants@2024-05-06,30,2024-05-06,
RU,firebaseapp.com,RKN registry (z-i),host_entries@2024-05-09,30,2024-05-09,
RU,firebaseapp.com,RKN registry (z-i),tenant_masks@2024-05-09,0,2024-05-09,
RU,firebaseapp.com,RKN registry (z-i),suffix_entry@2024-05-09,False,2024-05-09,
RU,firebaseapp.com,RKN registry (z-i),url_hosts@2024-05-09,0,2024-05-09,
RU,firebaseapp.com,RKN registry (z-i),tenants@2024-05-09,30,2024-05-09,
RU,firebaseapp.com,RKN registry (z-i),host_entries@2024-12-31,30,2024-12-31,
RU,firebaseapp.com,RKN registry (z-i),tenant_masks@2024-12-31,0,2024-12-31,
RU,firebaseapp.com,RKN registry (z-i),suffix_entry@2024-12-31,False,2024-12-31,
RU,firebaseapp.com,RKN registry (z-i),url_hosts@2024-12-31,0,2024-12-31,
RU,firebaseapp.com,RKN registry (z-i),tenants@2024-12-31,30,2024-12-31,
RU,firebaseapp.com,RKN registry (z-i),host_entries@2025-10-01,30,2025-10-01,
RU,firebaseapp.com,RKN registry (z-i),tenant_masks@2025-10-01,0,2025-10-01,
RU,firebaseapp.com,RKN registry (z-i),suffix_entry@2025-10-01,False,2025-10-01,
RU,firebaseapp.com,RKN registry (z-i),url_hosts@2025-10-01,0,2025-10-01,
RU,firebaseapp.com,RKN registry (z-i),tenants@2025-10-01,30,2025-10-01,
RU,cloudfront.net,RKN registry (z-i),host_entries@2021-12-31,30,2021-12-31,
RU,cloudfront.net,RKN registry (z-i),tenant_masks@2021-12-31,0,2021-12-31,
RU,cloudfront.net,RKN registry (z-i),suffix_entry@2021-12-31,False,2021-12-31,
RU,cloudfront.net,RKN registry (z-i),url_hosts@2021-12-31,13,2021-12-31,
RU,cloudfront.net,RKN registry (z-i),tenants@2021-12-31,30,2021-12-31,
RU,cloudfront.net,RKN registry (z-i),host_entries@2022-12-31,1342,2022-12-31,
RU,cloudfront.net,RKN registry (z-i),tenant_masks@2022-12-31,1,2022-12-31,
RU,cloudfront.net,RKN registry (z-i),suffix_entry@2022-12-31,False,2022-12-31,
RU,cloudfront.net,RKN registry (z-i),url_hosts@2022-12-31,15,2022-12-31,
RU,cloudfront.net,RKN registry (z-i),tenants@2022-12-31,1343,2022-12-31,
RU,cloudfront.net,RKN registry (z-i),host_entries@2023-12-31,5017,2023-12-31,
RU,cloudfront.net,RKN registry (z-i),tenant_masks@2023-12-31,1,2023-12-31,
RU,cloudfront.net,RKN registry (z-i),suffix_entry@2023-12-31,False,2023-12-31,
RU,cloudfront.net,RKN registry (z-i),url_hosts@2023-12-31,22,2023-12-31,
RU,cloudfront.net,RKN registry (z-i),tenants@2023-12-31,5018,2023-12-31,
RU,cloudfront.net,RKN registry (z-i),host_entries@2024-05-06,6053,2024-05-06,
RU,cloudfront.net,RKN registry (z-i),tenant_masks@2024-05-06,1,2024-05-06,
RU,cloudfront.net,RKN registry (z-i),suffix_entry@2024-05-06,False,2024-05-06,
RU,cloudfront.net,RKN registry (z-i),url_hosts@2024-05-06,24,2024-05-06,
RU,cloudfront.net,RKN registry (z-i),tenants@2024-05-06,6054,2024-05-06,
RU,cloudfront.net,RKN registry (z-i),host_entries@2024-05-09,6059,2024-05-09,
RU,cloudfront.net,RKN registry (z-i),tenant_masks@2024-05-09,1,2024-05-09,
RU,cloudfront.net,RKN registry (z-i),suffix_entry@2024-05-09,False,2024-05-09,
RU,cloudfront.net,RKN registry (z-i),url_hosts@2024-05-09,24,2024-05-09,
RU,cloudfront.net,RKN registry (z-i),tenants@2024-05-09,6060,2024-05-09,
RU,cloudfront.net,RKN registry (z-i),host_entries@2024-12-31,8253,2024-12-31,
RU,cloudfront.net,RKN registry (z-i),tenant_masks@2024-12-31,1,2024-12-31,
RU,cloudfront.net,RKN registry (z-i),suffix_entry@2024-12-31,False,2024-12-31,
RU,cloudfront.net,RKN registry (z-i),url_hosts@2024-12-31,32,2024-12-31,
RU,cloudfront.net,RKN registry (z-i),tenants@2024-12-31,8254,2024-12-31,
RU,cloudfront.net,RKN registry (z-i),host_entries@2025-10-01,10223,2025-10-01,
RU,cloudfront.net,RKN registry (z-i),tenant_masks@2025-10-01,1,2025-10-01,
RU,cloudfront.net,RKN registry (z-i),suffix_entry@2025-10-01,False,2025-10-01,
RU,cloudfront.net,RKN registry (z-i),url_hosts@2025-10-01,37,2025-10-01,
RU,cloudfront.net,RKN registry (z-i),tenants@2025-10-01,10224,2025-10-01,
RU,azurewebsites.net,RKN registry (z-i),host_entries@2021-12-31,2159,2021-12-31,
RU,azurewebsites.net,RKN registry (z-i),tenant_masks@2021-12-31,4,2021-12-31,
RU,azurewebsites.net,RKN registry (z-i),suffix_entry@2021-12-31,False,2021-12-31,
RU,azurewebsites.net,RKN registry (z-i),url_hosts@2021-12-31,28,2021-12-31,
RU,azurewebsites.net,RKN registry (z-i),tenants@2021-12-31,2162,2021-12-31,
RU,azurewebsites.net,RKN registry (z-i),host_entries@2022-12-31,2888,2022-12-31,
RU,azurewebsites.net,RKN registry (z-i),tenant_masks@2022-12-31,3,2022-12-31,
RU,azurewebsites.net,RKN registry (z-i),suffix_entry@2022-12-31,False,2022-12-31,
RU,azurewebsites.net,RKN registry (z-i),url_hosts@2022-12-31,34,2022-12-31,
RU,azurewebsites.net,RKN registry (z-i),tenants@2022-12-31,2891,2022-12-31,
RU,azurewebsites.net,RKN registry (z-i),host_entries@2023-12-31,162,2023-12-31,
RU,azurewebsites.net,RKN registry (z-i),tenant_masks@2023-12-31,0,2023-12-31,
RU,azurewebsites.net,RKN registry (z-i),suffix_entry@2023-12-31,False,2023-12-31,
RU,azurewebsites.net,RKN registry (z-i),url_hosts@2023-12-31,1,2023-12-31,
RU,azurewebsites.net,RKN registry (z-i),tenants@2023-12-31,162,2023-12-31,
RU,azurewebsites.net,RKN registry (z-i),host_entries@2024-05-06,140,2024-05-06,
RU,azurewebsites.net,RKN registry (z-i),tenant_masks@2024-05-06,0,2024-05-06,
RU,azurewebsites.net,RKN registry (z-i),suffix_entry@2024-05-06,False,2024-05-06,
RU,azurewebsites.net,RKN registry (z-i),url_hosts@2024-05-06,1,2024-05-06,
RU,azurewebsites.net,RKN registry (z-i),tenants@2024-05-06,140,2024-05-06,
RU,azurewebsites.net,RKN registry (z-i),host_entries@2024-05-09,140,2024-05-09,
RU,azurewebsites.net,RKN registry (z-i),tenant_masks@2024-05-09,0,2024-05-09,
RU,azurewebsites.net,RKN registry (z-i),suffix_entry@2024-05-09,False,2024-05-09,
RU,azurewebsites.net,RKN registry (z-i),url_hosts@2024-05-09,1,2024-05-09,
RU,azurewebsites.net,RKN registry (z-i),tenants@2024-05-09,140,2024-05-09,
RU,azurewebsites.net,RKN registry (z-i),host_entries@2024-12-31,152,2024-12-31,
RU,azurewebsites.net,RKN registry (z-i),tenant_masks@2024-12-31,0,2024-12-31,
RU,azurewebsites.net,RKN registry (z-i),suffix_entry@2024-12-31,False,2024-12-31,
RU,azurewebsites.net,RKN registry (z-i),url_hosts@2024-12-31,1,2024-12-31,
RU,azurewebsites.net,RKN registry (z-i),tenants@2024-12-31,152,2024-12-31,
RU,azurewebsites.net,RKN registry (z-i),host_entries@2025-10-01,158,2025-10-01,
RU,azurewebsites.net,RKN registry (z-i),tenant_masks@2025-10-01,0,2025-10-01,
RU,azurewebsites.net,RKN registry (z-i),suffix_entry@2025-10-01,False,2025-10-01,
RU,azurewebsites.net,RKN registry (z-i),url_hosts@2025-10-01,1,2025-10-01,
RU,azurewebsites.net,RKN registry (z-i),tenants@2025-10-01,158,2025-10-01,
RU,azurefd.net,RKN registry (z-i),host_entries@2021-12-31,162,2021-12-31,
RU,azurefd.net,RKN registry (z-i),tenant_masks@2021-12-31,0,2021-12-31,
RU,azurefd.net,RKN registry (z-i),suffix_entry@2021-12-31,False,2021-12-31,
RU,azurefd.net,RKN registry (z-i),url_hosts@2021-12-31,6,2021-12-31,
RU,azurefd.net,RKN registry (z-i),tenants@2021-12-31,162,2021-12-31,
RU,azurefd.net,RKN registry (z-i),host_entries@2022-12-31,179,2022-12-31,
RU,azurefd.net,RKN registry (z-i),tenant_masks@2022-12-31,0,2022-12-31,
RU,azurefd.net,RKN registry (z-i),suffix_entry@2022-12-31,False,2022-12-31,
RU,azurefd.net,RKN registry (z-i),url_hosts@2022-12-31,7,2022-12-31,
RU,azurefd.net,RKN registry (z-i),tenants@2022-12-31,179,2022-12-31,
RU,azurefd.net,RKN registry (z-i),host_entries@2023-12-31,190,2023-12-31,
RU,azurefd.net,RKN registry (z-i),tenant_masks@2023-12-31,0,2023-12-31,
RU,azurefd.net,RKN registry (z-i),suffix_entry@2023-12-31,False,2023-12-31,
RU,azurefd.net,RKN registry (z-i),url_hosts@2023-12-31,6,2023-12-31,
RU,azurefd.net,RKN registry (z-i),tenants@2023-12-31,190,2023-12-31,
RU,azurefd.net,RKN registry (z-i),host_entries@2024-05-06,190,2024-05-06,
RU,azurefd.net,RKN registry (z-i),tenant_masks@2024-05-06,0,2024-05-06,
RU,azurefd.net,RKN registry (z-i),suffix_entry@2024-05-06,False,2024-05-06,
RU,azurefd.net,RKN registry (z-i),url_hosts@2024-05-06,6,2024-05-06,
RU,azurefd.net,RKN registry (z-i),tenants@2024-05-06,190,2024-05-06,
RU,azurefd.net,RKN registry (z-i),host_entries@2024-05-09,190,2024-05-09,
RU,azurefd.net,RKN registry (z-i),tenant_masks@2024-05-09,0,2024-05-09,
RU,azurefd.net,RKN registry (z-i),suffix_entry@2024-05-09,False,2024-05-09,
RU,azurefd.net,RKN registry (z-i),url_hosts@2024-05-09,6,2024-05-09,
RU,azurefd.net,RKN registry (z-i),tenants@2024-05-09,190,2024-05-09,
RU,azurefd.net,RKN registry (z-i),host_entries@2024-12-31,190,2024-12-31,
RU,azurefd.net,RKN registry (z-i),tenant_masks@2024-12-31,0,2024-12-31,
RU,azurefd.net,RKN registry (z-i),suffix_entry@2024-12-31,False,2024-12-31,
RU,azurefd.net,RKN registry (z-i),url_hosts@2024-12-31,6,2024-12-31,
RU,azurefd.net,RKN registry (z-i),tenants@2024-12-31,190,2024-12-31,
RU,azurefd.net,RKN registry (z-i),host_entries@2025-10-01,201,2025-10-01,
RU,azurefd.net,RKN registry (z-i),tenant_masks@2025-10-01,0,2025-10-01,
RU,azurefd.net,RKN registry (z-i),suffix_entry@2025-10-01,False,2025-10-01,
RU,azurefd.net,RKN registry (z-i),url_hosts@2025-10-01,9,2025-10-01,
RU,azurefd.net,RKN registry (z-i),tenants@2025-10-01,201,2025-10-01,
RU,run.app,RKN registry (z-i),host_entries@2021-12-31,0,2021-12-31,
RU,run.app,RKN registry (z-i),tenant_masks@2021-12-31,0,2021-12-31,
RU,run.app,RKN registry (z-i),suffix_entry@2021-12-31,False,2021-12-31,
RU,run.app,RKN registry (z-i),url_hosts@2021-12-31,0,2021-12-31,
RU,run.app,RKN registry (z-i),tenants@2021-12-31,0,2021-12-31,
RU,run.app,RKN registry (z-i),host_entries@2022-12-31,0,2022-12-31,
RU,run.app,RKN registry (z-i),tenant_masks@2022-12-31,0,2022-12-31,
RU,run.app,RKN registry (z-i),suffix_entry@2022-12-31,False,2022-12-31,
RU,run.app,RKN registry (z-i),url_hosts@2022-12-31,0,2022-12-31,
RU,run.app,RKN registry (z-i),tenants@2022-12-31,0,2022-12-31,
RU,run.app,RKN registry (z-i),host_entries@2023-12-31,248,2023-12-31,
RU,run.app,RKN registry (z-i),tenant_masks@2023-12-31,0,2023-12-31,
RU,run.app,RKN registry (z-i),suffix_entry@2023-12-31,False,2023-12-31,
RU,run.app,RKN registry (z-i),url_hosts@2023-12-31,0,2023-12-31,
RU,run.app,RKN registry (z-i),tenants@2023-12-31,248,2023-12-31,
RU,run.app,RKN registry (z-i),host_entries@2024-05-06,905,2024-05-06,
RU,run.app,RKN registry (z-i),tenant_masks@2024-05-06,0,2024-05-06,
RU,run.app,RKN registry (z-i),suffix_entry@2024-05-06,False,2024-05-06,
RU,run.app,RKN registry (z-i),url_hosts@2024-05-06,1,2024-05-06,
RU,run.app,RKN registry (z-i),tenants@2024-05-06,905,2024-05-06,
RU,run.app,RKN registry (z-i),host_entries@2024-05-09,949,2024-05-09,
RU,run.app,RKN registry (z-i),tenant_masks@2024-05-09,0,2024-05-09,
RU,run.app,RKN registry (z-i),suffix_entry@2024-05-09,False,2024-05-09,
RU,run.app,RKN registry (z-i),url_hosts@2024-05-09,1,2024-05-09,
RU,run.app,RKN registry (z-i),tenants@2024-05-09,949,2024-05-09,
RU,run.app,RKN registry (z-i),host_entries@2024-12-31,1623,2024-12-31,
RU,run.app,RKN registry (z-i),tenant_masks@2024-12-31,0,2024-12-31,
RU,run.app,RKN registry (z-i),suffix_entry@2024-12-31,False,2024-12-31,
RU,run.app,RKN registry (z-i),url_hosts@2024-12-31,2,2024-12-31,
RU,run.app,RKN registry (z-i),tenants@2024-12-31,1623,2024-12-31,
RU,run.app,RKN registry (z-i),host_entries@2025-10-01,2461,2025-10-01,
RU,run.app,RKN registry (z-i),tenant_masks@2025-10-01,0,2025-10-01,
RU,run.app,RKN registry (z-i),suffix_entry@2025-10-01,False,2025-10-01,
RU,run.app,RKN registry (z-i),url_hosts@2025-10-01,3,2025-10-01,
RU,run.app,RKN registry (z-i),tenants@2025-10-01,2461,2025-10-01,
RU,on.aws,RKN registry (z-i),host_entries@2021-12-31,0,2021-12-31,
RU,on.aws,RKN registry (z-i),tenant_masks@2021-12-31,0,2021-12-31,
RU,on.aws,RKN registry (z-i),suffix_entry@2021-12-31,False,2021-12-31,
RU,on.aws,RKN registry (z-i),url_hosts@2021-12-31,0,2021-12-31,
RU,on.aws,RKN registry (z-i),tenants@2021-12-31,0,2021-12-31,
RU,on.aws,RKN registry (z-i),host_entries@2022-12-31,0,2022-12-31,
RU,on.aws,RKN registry (z-i),tenant_masks@2022-12-31,0,2022-12-31,
RU,on.aws,RKN registry (z-i),suffix_entry@2022-12-31,False,2022-12-31,
RU,on.aws,RKN registry (z-i),url_hosts@2022-12-31,0,2022-12-31,
RU,on.aws,RKN registry (z-i),tenants@2022-12-31,0,2022-12-31,
RU,on.aws,RKN registry (z-i),host_entries@2023-12-31,0,2023-12-31,
RU,on.aws,RKN registry (z-i),tenant_masks@2023-12-31,0,2023-12-31,
RU,on.aws,RKN registry (z-i),suffix_entry@2023-12-31,False,2023-12-31,
RU,on.aws,RKN registry (z-i),url_hosts@2023-12-31,0,2023-12-31,
RU,on.aws,RKN registry (z-i),tenants@2023-12-31,0,2023-12-31,
RU,on.aws,RKN registry (z-i),host_entries@2024-05-06,0,2024-05-06,
RU,on.aws,RKN registry (z-i),tenant_masks@2024-05-06,0,2024-05-06,
RU,on.aws,RKN registry (z-i),suffix_entry@2024-05-06,False,2024-05-06,
RU,on.aws,RKN registry (z-i),url_hosts@2024-05-06,0,2024-05-06,
RU,on.aws,RKN registry (z-i),tenants@2024-05-06,0,2024-05-06,
RU,on.aws,RKN registry (z-i),host_entries@2024-05-09,0,2024-05-09,
RU,on.aws,RKN registry (z-i),tenant_masks@2024-05-09,0,2024-05-09,
RU,on.aws,RKN registry (z-i),suffix_entry@2024-05-09,False,2024-05-09,
RU,on.aws,RKN registry (z-i),url_hosts@2024-05-09,0,2024-05-09,
RU,on.aws,RKN registry (z-i),tenants@2024-05-09,0,2024-05-09,
RU,on.aws,RKN registry (z-i),host_entries@2024-12-31,0,2024-12-31,
RU,on.aws,RKN registry (z-i),tenant_masks@2024-12-31,0,2024-12-31,
RU,on.aws,RKN registry (z-i),suffix_entry@2024-12-31,False,2024-12-31,
RU,on.aws,RKN registry (z-i),url_hosts@2024-12-31,0,2024-12-31,
RU,on.aws,RKN registry (z-i),tenants@2024-12-31,0,2024-12-31,
RU,on.aws,RKN registry (z-i),host_entries@2025-10-01,0,2025-10-01,
RU,on.aws,RKN registry (z-i),tenant_masks@2025-10-01,0,2025-10-01,
RU,on.aws,RKN registry (z-i),suffix_entry@2025-10-01,False,2025-10-01,
RU,on.aws,RKN registry (z-i),url_hosts@2025-10-01,0,2025-10-01,
RU,on.aws,RKN registry (z-i),tenants@2025-10-01,0,2025-10-01,
RU,deno.dev,RKN registry (z-i),host_entries@2021-12-31,0,2021-12-31,
RU,deno.dev,RKN registry (z-i),tenant_masks@2021-12-31,0,2021-12-31,
RU,deno.dev,RKN registry (z-i),suffix_entry@2021-12-31,False,2021-12-31,
RU,deno.dev,RKN registry (z-i),url_hosts@2021-12-31,0,2021-12-31,
RU,deno.dev,RKN registry (z-i),tenants@2021-12-31,0,2021-12-31,
RU,deno.dev,RKN registry (z-i),host_entries@2022-12-31,0,2022-12-31,
RU,deno.dev,RKN registry (z-i),tenant_masks@2022-12-31,0,2022-12-31,
RU,deno.dev,RKN registry (z-i),suffix_entry@2022-12-31,False,2022-12-31,
RU,deno.dev,RKN registry (z-i),url_hosts@2022-12-31,0,2022-12-31,
RU,deno.dev,RKN registry (z-i),tenants@2022-12-31,0,2022-12-31,
RU,deno.dev,RKN registry (z-i),host_entries@2023-12-31,0,2023-12-31,
RU,deno.dev,RKN registry (z-i),tenant_masks@2023-12-31,0,2023-12-31,
RU,deno.dev,RKN registry (z-i),suffix_entry@2023-12-31,False,2023-12-31,
RU,deno.dev,RKN registry (z-i),url_hosts@2023-12-31,0,2023-12-31,
RU,deno.dev,RKN registry (z-i),tenants@2023-12-31,0,2023-12-31,
RU,deno.dev,RKN registry (z-i),host_entries@2024-05-06,1,2024-05-06,
RU,deno.dev,RKN registry (z-i),tenant_masks@2024-05-06,0,2024-05-06,
RU,deno.dev,RKN registry (z-i),suffix_entry@2024-05-06,False,2024-05-06,
RU,deno.dev,RKN registry (z-i),url_hosts@2024-05-06,1,2024-05-06,
RU,deno.dev,RKN registry (z-i),tenants@2024-05-06,1,2024-05-06,
RU,deno.dev,RKN registry (z-i),host_entries@2024-05-09,1,2024-05-09,
RU,deno.dev,RKN registry (z-i),tenant_masks@2024-05-09,0,2024-05-09,
RU,deno.dev,RKN registry (z-i),suffix_entry@2024-05-09,False,2024-05-09,
RU,deno.dev,RKN registry (z-i),url_hosts@2024-05-09,1,2024-05-09,
RU,deno.dev,RKN registry (z-i),tenants@2024-05-09,1,2024-05-09,
RU,deno.dev,RKN registry (z-i),host_entries@2024-12-31,1,2024-12-31,
RU,deno.dev,RKN registry (z-i),tenant_masks@2024-12-31,0,2024-12-31,
RU,deno.dev,RKN registry (z-i),suffix_entry@2024-12-31,False,2024-12-31,
RU,deno.dev,RKN registry (z-i),url_hosts@2024-12-31,1,2024-12-31,
RU,deno.dev,RKN registry (z-i),tenants@2024-12-31,1,2024-12-31,
RU,deno.dev,RKN registry (z-i),host_entries@2025-10-01,1,2025-10-01,
RU,deno.dev,RKN registry (z-i),tenant_masks@2025-10-01,0,2025-10-01,
RU,deno.dev,RKN registry (z-i),suffix_entry@2025-10-01,False,2025-10-01,
RU,deno.dev,RKN registry (z-i),url_hosts@2025-10-01,1,2025-10-01,
RU,deno.dev,RKN registry (z-i),tenants@2025-10-01,1,2025-10-01,
RU,fly.dev,RKN registry (z-i),host_entries@2021-12-31,0,2021-12-31,
RU,fly.dev,RKN registry (z-i),tenant_masks@2021-12-31,0,2021-12-31,
RU,fly.dev,RKN registry (z-i),suffix_entry@2021-12-31,False,2021-12-31,
RU,fly.dev,RKN registry (z-i),url_hosts@2021-12-31,0,2021-12-31,
RU,fly.dev,RKN registry (z-i),tenants@2021-12-31,0,2021-12-31,
RU,fly.dev,RKN registry (z-i),host_entries@2022-12-31,0,2022-12-31,
RU,fly.dev,RKN registry (z-i),tenant_masks@2022-12-31,0,2022-12-31,
RU,fly.dev,RKN registry (z-i),suffix_entry@2022-12-31,False,2022-12-31,
RU,fly.dev,RKN registry (z-i),url_hosts@2022-12-31,0,2022-12-31,
RU,fly.dev,RKN registry (z-i),tenants@2022-12-31,0,2022-12-31,
RU,fly.dev,RKN registry (z-i),host_entries@2023-12-31,0,2023-12-31,
RU,fly.dev,RKN registry (z-i),tenant_masks@2023-12-31,0,2023-12-31,
RU,fly.dev,RKN registry (z-i),suffix_entry@2023-12-31,False,2023-12-31,
RU,fly.dev,RKN registry (z-i),url_hosts@2023-12-31,0,2023-12-31,
RU,fly.dev,RKN registry (z-i),tenants@2023-12-31,0,2023-12-31,
RU,fly.dev,RKN registry (z-i),host_entries@2024-05-06,0,2024-05-06,
RU,fly.dev,RKN registry (z-i),tenant_masks@2024-05-06,0,2024-05-06,
RU,fly.dev,RKN registry (z-i),suffix_entry@2024-05-06,False,2024-05-06,
RU,fly.dev,RKN registry (z-i),url_hosts@2024-05-06,0,2024-05-06,
RU,fly.dev,RKN registry (z-i),tenants@2024-05-06,0,2024-05-06,
RU,fly.dev,RKN registry (z-i),host_entries@2024-05-09,0,2024-05-09,
RU,fly.dev,RKN registry (z-i),tenant_masks@2024-05-09,0,2024-05-09,
RU,fly.dev,RKN registry (z-i),suffix_entry@2024-05-09,False,2024-05-09,
RU,fly.dev,RKN registry (z-i),url_hosts@2024-05-09,0,2024-05-09,
RU,fly.dev,RKN registry (z-i),tenants@2024-05-09,0,2024-05-09,
RU,fly.dev,RKN registry (z-i),host_entries@2024-12-31,0,2024-12-31,
RU,fly.dev,RKN registry (z-i),tenant_masks@2024-12-31,0,2024-12-31,
RU,fly.dev,RKN registry (z-i),suffix_entry@2024-12-31,False,2024-12-31,
RU,fly.dev,RKN registry (z-i),url_hosts@2024-12-31,0,2024-12-31,
RU,fly.dev,RKN registry (z-i),tenants@2024-12-31,0,2024-12-31,
RU,fly.dev,RKN registry (z-i),host_entries@2025-10-01,0,2025-10-01,
RU,fly.dev,RKN registry (z-i),tenant_masks@2025-10-01,0,2025-10-01,
RU,fly.dev,RKN registry (z-i),suffix_entry@2025-10-01,False,2025-10-01,
RU,fly.dev,RKN registry (z-i),url_hosts@2025-10-01,0,2025-10-01,
RU,fly.dev,RKN registry (z-i),tenants@2025-10-01,0,2025-10-01,
RU,onrender.com,RKN registry (z-i),host_entries@2021-12-31,0,2021-12-31,
RU,onrender.com,RKN registry (z-i),tenant_masks@2021-12-31,0,2021-12-31,
RU,onrender.com,RKN registry (z-i),suffix_entry@2021-12-31,False,2021-12-31,
RU,onrender.com,RKN registry (z-i),url_hosts@2021-12-31,0,2021-12-31,
RU,onrender.com,RKN registry (z-i),tenants@2021-12-31,0,2021-12-31,
RU,onrender.com,RKN registry (z-i),host_entries@2022-12-31,2,2022-12-31,
RU,onrender.com,RKN registry (z-i),tenant_masks@2022-12-31,0,2022-12-31,
RU,onrender.com,RKN registry (z-i),suffix_entry@2022-12-31,False,2022-12-31,
RU,onrender.com,RKN registry (z-i),url_hosts@2022-12-31,0,2022-12-31,
RU,onrender.com,RKN registry (z-i),tenants@2022-12-31,2,2022-12-31,
RU,onrender.com,RKN registry (z-i),host_entries@2023-12-31,2,2023-12-31,
RU,onrender.com,RKN registry (z-i),tenant_masks@2023-12-31,0,2023-12-31,
RU,onrender.com,RKN registry (z-i),suffix_entry@2023-12-31,False,2023-12-31,
RU,onrender.com,RKN registry (z-i),url_hosts@2023-12-31,0,2023-12-31,
RU,onrender.com,RKN registry (z-i),tenants@2023-12-31,2,2023-12-31,
RU,onrender.com,RKN registry (z-i),host_entries@2024-05-06,2,2024-05-06,
RU,onrender.com,RKN registry (z-i),tenant_masks@2024-05-06,0,2024-05-06,
RU,onrender.com,RKN registry (z-i),suffix_entry@2024-05-06,False,2024-05-06,
RU,onrender.com,RKN registry (z-i),url_hosts@2024-05-06,0,2024-05-06,
RU,onrender.com,RKN registry (z-i),tenants@2024-05-06,2,2024-05-06,
RU,onrender.com,RKN registry (z-i),host_entries@2024-05-09,2,2024-05-09,
RU,onrender.com,RKN registry (z-i),tenant_masks@2024-05-09,0,2024-05-09,
RU,onrender.com,RKN registry (z-i),suffix_entry@2024-05-09,False,2024-05-09,
RU,onrender.com,RKN registry (z-i),url_hosts@2024-05-09,0,2024-05-09,
RU,onrender.com,RKN registry (z-i),tenants@2024-05-09,2,2024-05-09,
RU,onrender.com,RKN registry (z-i),host_entries@2024-12-31,2,2024-12-31,
RU,onrender.com,RKN registry (z-i),tenant_masks@2024-12-31,0,2024-12-31,
RU,onrender.com,RKN registry (z-i),suffix_entry@2024-12-31,False,2024-12-31,
RU,onrender.com,RKN registry (z-i),url_hosts@2024-12-31,0,2024-12-31,
RU,onrender.com,RKN registry (z-i),tenants@2024-12-31,2,2024-12-31,
RU,onrender.com,RKN registry (z-i),host_entries@2025-10-01,3,2025-10-01,
RU,onrender.com,RKN registry (z-i),tenant_masks@2025-10-01,0,2025-10-01,
RU,onrender.com,RKN registry (z-i),suffix_entry@2025-10-01,False,2025-10-01,
RU,onrender.com,RKN registry (z-i),url_hosts@2025-10-01,0,2025-10-01,
RU,onrender.com,RKN registry (z-i),tenants@2025-10-01,3,2025-10-01,
RU,trycloudflare.com,RKN registry (z-i),host_entries@2021-12-31,0,2021-12-31,
RU,trycloudflare.com,RKN registry (z-i),tenant_masks@2021-12-31,0,2021-12-31,
RU,trycloudflare.com,RKN registry (z-i),suffix_entry@2021-12-31,False,2021-12-31,
RU,trycloudflare.com,RKN registry (z-i),url_hosts@2021-12-31,0,2021-12-31,
RU,trycloudflare.com,RKN registry (z-i),tenants@2021-12-31,0,2021-12-31,
RU,trycloudflare.com,RKN registry (z-i),host_entries@2022-12-31,0,2022-12-31,
RU,trycloudflare.com,RKN registry (z-i),tenant_masks@2022-12-31,0,2022-12-31,
RU,trycloudflare.com,RKN registry (z-i),suffix_entry@2022-12-31,False,2022-12-31,
RU,trycloudflare.com,RKN registry (z-i),url_hosts@2022-12-31,0,2022-12-31,
RU,trycloudflare.com,RKN registry (z-i),tenants@2022-12-31,0,2022-12-31,
RU,trycloudflare.com,RKN registry (z-i),host_entries@2023-12-31,0,2023-12-31,
RU,trycloudflare.com,RKN registry (z-i),tenant_masks@2023-12-31,0,2023-12-31,
RU,trycloudflare.com,RKN registry (z-i),suffix_entry@2023-12-31,False,2023-12-31,
RU,trycloudflare.com,RKN registry (z-i),url_hosts@2023-12-31,0,2023-12-31,
RU,trycloudflare.com,RKN registry (z-i),tenants@2023-12-31,0,2023-12-31,
RU,trycloudflare.com,RKN registry (z-i),host_entries@2024-05-06,0,2024-05-06,
RU,trycloudflare.com,RKN registry (z-i),tenant_masks@2024-05-06,0,2024-05-06,
RU,trycloudflare.com,RKN registry (z-i),suffix_entry@2024-05-06,False,2024-05-06,
RU,trycloudflare.com,RKN registry (z-i),url_hosts@2024-05-06,0,2024-05-06,
RU,trycloudflare.com,RKN registry (z-i),tenants@2024-05-06,0,2024-05-06,
RU,trycloudflare.com,RKN registry (z-i),host_entries@2024-05-09,0,2024-05-09,
RU,trycloudflare.com,RKN registry (z-i),tenant_masks@2024-05-09,0,2024-05-09,
RU,trycloudflare.com,RKN registry (z-i),suffix_entry@2024-05-09,False,2024-05-09,
RU,trycloudflare.com,RKN registry (z-i),url_hosts@2024-05-09,0,2024-05-09,
RU,trycloudflare.com,RKN registry (z-i),tenants@2024-05-09,0,2024-05-09,
RU,trycloudflare.com,RKN registry (z-i),host_entries@2024-12-31,0,2024-12-31,
RU,trycloudflare.com,RKN registry (z-i),tenant_masks@2024-12-31,0,2024-12-31,
RU,trycloudflare.com,RKN registry (z-i),suffix_entry@2024-12-31,False,2024-12-31,
RU,trycloudflare.com,RKN registry (z-i),url_hosts@2024-12-31,0,2024-12-31,
RU,trycloudflare.com,RKN registry (z-i),tenants@2024-12-31,0,2024-12-31,
RU,trycloudflare.com,RKN registry (z-i),host_entries@2025-10-01,0,2025-10-01,
RU,trycloudflare.com,RKN registry (z-i),tenant_masks@2025-10-01,0,2025-10-01,
RU,trycloudflare.com,RKN registry (z-i),suffix_entry@2025-10-01,False,2025-10-01,
RU,trycloudflare.com,RKN registry (z-i),url_hosts@2025-10-01,0,2025-10-01,
RU,trycloudflare.com,RKN registry (z-i),tenants@2025-10-01,0,2025-10-01,
RU,r2.dev,RKN registry (z-i),host_entries@2021-12-31,0,2021-12-31,
RU,r2.dev,RKN registry (z-i),tenant_masks@2021-12-31,0,2021-12-31,
RU,r2.dev,RKN registry (z-i),suffix_entry@2021-12-31,False,2021-12-31,
RU,r2.dev,RKN registry (z-i),url_hosts@2021-12-31,0,2021-12-31,
RU,r2.dev,RKN registry (z-i),tenants@2021-12-31,0,2021-12-31,
RU,r2.dev,RKN registry (z-i),host_entries@2022-12-31,0,2022-12-31,
RU,r2.dev,RKN registry (z-i),tenant_masks@2022-12-31,0,2022-12-31,
RU,r2.dev,RKN registry (z-i),suffix_entry@2022-12-31,False,2022-12-31,
RU,r2.dev,RKN registry (z-i),url_hosts@2022-12-31,0,2022-12-31,
RU,r2.dev,RKN registry (z-i),tenants@2022-12-31,0,2022-12-31,
RU,r2.dev,RKN registry (z-i),host_entries@2023-12-31,0,2023-12-31,
RU,r2.dev,RKN registry (z-i),tenant_masks@2023-12-31,0,2023-12-31,
RU,r2.dev,RKN registry (z-i),suffix_entry@2023-12-31,False,2023-12-31,
RU,r2.dev,RKN registry (z-i),url_hosts@2023-12-31,0,2023-12-31,
RU,r2.dev,RKN registry (z-i),tenants@2023-12-31,0,2023-12-31,
RU,r2.dev,RKN registry (z-i),host_entries@2024-05-06,0,2024-05-06,
RU,r2.dev,RKN registry (z-i),tenant_masks@2024-05-06,0,2024-05-06,
RU,r2.dev,RKN registry (z-i),suffix_entry@2024-05-06,False,2024-05-06,
RU,r2.dev,RKN registry (z-i),url_hosts@2024-05-06,0,2024-05-06,
RU,r2.dev,RKN registry (z-i),tenants@2024-05-06,0,2024-05-06,
RU,r2.dev,RKN registry (z-i),host_entries@2024-05-09,0,2024-05-09,
RU,r2.dev,RKN registry (z-i),tenant_masks@2024-05-09,0,2024-05-09,
RU,r2.dev,RKN registry (z-i),suffix_entry@2024-05-09,False,2024-05-09,
RU,r2.dev,RKN registry (z-i),url_hosts@2024-05-09,0,2024-05-09,
RU,r2.dev,RKN registry (z-i),tenants@2024-05-09,0,2024-05-09,
RU,r2.dev,RKN registry (z-i),host_entries@2024-12-31,0,2024-12-31,
RU,r2.dev,RKN registry (z-i),tenant_masks@2024-12-31,0,2024-12-31,
RU,r2.dev,RKN registry (z-i),suffix_entry@2024-12-31,False,2024-12-31,
RU,r2.dev,RKN registry (z-i),url_hosts@2024-12-31,0,2024-12-31,
RU,r2.dev,RKN registry (z-i),tenants@2024-12-31,0,2024-12-31,
RU,r2.dev,RKN registry (z-i),host_entries@2025-10-01,0,2025-10-01,
RU,r2.dev,RKN registry (z-i),tenant_masks@2025-10-01,0,2025-10-01,
RU,r2.dev,RKN registry (z-i),suffix_entry@2025-10-01,False,2025-10-01,
RU,r2.dev,RKN registry (z-i),url_hosts@2025-10-01,0,2025-10-01,
RU,r2.dev,RKN registry (z-i),tenants@2025-10-01,0,2025-10-01,
RU,github.io,antifilter,af_entries,80,2026-10-02,
RU,github.io,antifilter,af_suffix_entry,False,2026-10-02,
RU,github.io,antifilter,afc_suffix_entry,False,2026-10-02,
RU,github.io,antifilter,afc_entries,0,2026-10-02,
RU,github.io,antifilter,af_tenants,80,2026-10-02,
RU,pages.dev,antifilter,af_entries,44,2026-10-02,
RU,pages.dev,antifilter,af_suffix_entry,True,2026-10-02,
RU,pages.dev,antifilter,afc_suffix_entry,True,2026-10-02,
RU,pages.dev,antifilter,afc_entries,0,2026-10-02,
RU,pages.dev,antifilter,af_tenants,40,2026-10-02,
RU,workers.dev,antifilter,af_entries,8,2026-10-02,
RU,workers.dev,antifilter,af_suffix_entry,False,2026-10-02,
RU,workers.dev,antifilter,afc_suffix_entry,False,2026-10-02,
RU,workers.dev,antifilter,afc_entries,0,2026-10-02,
RU,workers.dev,antifilter,af_tenants,8,2026-10-02,
RU,vercel.app,antifilter,af_entries,378,2026-10-02,
RU,vercel.app,antifilter,af_suffix_entry,False,2026-10-02,
RU,vercel.app,antifilter,afc_suffix_entry,False,2026-10-02,
RU,vercel.app,antifilter,afc_entries,0,2026-10-02,
RU,vercel.app,antifilter,af_tenants,378,2026-10-02,
RU,netlify.app,antifilter,af_entries,78,2026-10-02,
RU,netlify.app,antifilter,af_suffix_entry,False,2026-10-02,
RU,netlify.app,antifilter,afc_suffix_entry,False,2026-10-02,
RU,netlify.app,antifilter,afc_entries,0,2026-10-02,
RU,netlify.app,antifilter,af_tenants,78,2026-10-02,
RU,herokuapp.com,antifilter,af_entries,70,2026-10-02,
RU,herokuapp.com,antifilter,af_suffix_entry,False,2026-10-02,
RU,herokuapp.com,antifilter,afc_suffix_entry,False,2026-10-02,
RU,herokuapp.com,antifilter,afc_entries,0,2026-10-02,
RU,herokuapp.com,antifilter,af_tenants,70,2026-10-02,
RU,appspot.com,antifilter,af_entries,2239,2026-10-02,
RU,appspot.com,antifilter,af_suffix_entry,False,2026-10-02,
RU,appspot.com,antifilter,afc_suffix_entry,False,2026-10-02,
RU,appspot.com,antifilter,afc_entries,0,2026-10-02,
RU,appspot.com,antifilter,af_tenants,2228,2026-10-02,
RU,web.app,antifilter,af_entries,69,2026-10-02,
RU,web.app,antifilter,af_suffix_entry,False,2026-10-02,
RU,web.app,antifilter,afc_suffix_entry,False,2026-10-02,
RU,web.app,antifilter,afc_entries,0,2026-10-02,
RU,web.app,antifilter,af_tenants,69,2026-10-02,
RU,firebaseapp.com,antifilter,af_entries,35,2026-10-02,
RU,firebaseapp.com,antifilter,af_suffix_entry,False,2026-10-02,
RU,firebaseapp.com,antifilter,afc_suffix_entry,False,2026-10-02,
RU,firebaseapp.com,antifilter,afc_entries,0,2026-10-02,
RU,firebaseapp.com,antifilter,af_tenants,35,2026-10-02,
RU,cloudfront.net,antifilter,af_entries,10753,2026-10-02,
RU,cloudfront.net,antifilter,af_suffix_entry,False,2026-10-02,
RU,cloudfront.net,antifilter,afc_suffix_entry,False,2026-10-02,
RU,cloudfront.net,antifilter,afc_entries,0,2026-10-02,
RU,cloudfront.net,antifilter,af_tenants,10753,2026-10-02,
RU,azurewebsites.net,antifilter,af_entries,160,2026-10-02,
RU,azurewebsites.net,antifilter,af_suffix_entry,False,2026-10-02,
RU,azurewebsites.net,antifilter,afc_suffix_entry,False,2026-10-02,
RU,azurewebsites.net,antifilter,afc_entries,0,2026-10-02,
RU,azurewebsites.net,antifilter,af_tenants,160,2026-10-02,
RU,azurefd.net,antifilter,af_entries,250,2026-10-02,
RU,azurefd.net,antifilter,af_suffix_entry,False,2026-10-02,
RU,azurefd.net,antifilter,afc_suffix_entry,False,2026-10-02,
RU,azurefd.net,antifilter,afc_entries,0,2026-10-02,
RU,azurefd.net,antifilter,af_tenants,250,2026-10-02,
RU,run.app,antifilter,af_entries,2961,2026-10-02,
RU,run.app,antifilter,af_suffix_entry,False,2026-10-02,
RU,run.app,antifilter,afc_suffix_entry,False,2026-10-02,
RU,run.app,antifilter,afc_entries,0,2026-10-02,
RU,run.app,antifilter,af_tenants,2961,2026-10-02,
RU,on.aws,antifilter,af_entries,0,2026-10-02,
RU,on.aws,antifilter,af_suffix_entry,False,2026-10-02,
RU,on.aws,antifilter,afc_suffix_entry,False,2026-10-02,
RU,on.aws,antifilter,afc_entries,0,2026-10-02,
RU,on.aws,antifilter,af_tenants,0,2026-10-02,
RU,deno.dev,antifilter,af_entries,1,2026-10-02,
RU,deno.dev,antifilter,af_suffix_entry,False,2026-10-02,
RU,deno.dev,antifilter,afc_suffix_entry,False,2026-10-02,
RU,deno.dev,antifilter,afc_entries,0,2026-10-02,
RU,deno.dev,antifilter,af_tenants,1,2026-10-02,
RU,fly.dev,antifilter,af_entries,0,2026-10-02,
RU,fly.dev,antifilter,af_suffix_entry,False,2026-10-02,
RU,fly.dev,antifilter,afc_suffix_entry,False,2026-10-02,
RU,fly.dev,antifilter,afc_entries,0,2026-10-02,
RU,fly.dev,antifilter,af_tenants,0,2026-10-02,
RU,onrender.com,antifilter,af_entries,16,2026-10-02,
RU,onrender.com,antifilter,af_suffix_entry,False,2026-10-02,
RU,onrender.com,antifilter,afc_suffix_entry,False,2026-10-02,
RU,onrender.com,antifilter,afc_entries,0,2026-10-02,
RU,onrender.com,antifilter,af_tenants,16,2026-10-02,
RU,trycloudflare.com,antifilter,af_entries,0,2026-10-02,
RU,trycloudflare.com,antifilter,af_suffix_entry,False,2026-10-02,
RU,trycloudflare.com,antifilter,afc_suffix_entry,False,2026-10-02,
RU,trycloudflare.com,antifilter,afc_entries,0,2026-10-02,
RU,trycloudflare.com,antifilter,af_tenants,0,2026-10-02,
RU,r2.dev,antifilter,af_entries,0,2026-10-02,
RU,r2.dev,antifilter,af_suffix_entry,False,2026-10-02,
RU,r2.dev,antifilter,afc_suffix_entry,False,2026-10-02,
RU,r2.dev,antifilter,afc_entries,0,2026-10-02,
RU,r2.dev,antifilter,af_tenants,0,2026-10-02,
all,github.io,Tranco,bare_suffix_rank,123,2024-09-01,
all,pages.dev,Tranco,bare_suffix_rank,428,2024-09-01,
all,workers.dev,Tranco,bare_suffix_rank,1766,2024-09-01,
all,vercel.app,Tranco,bare_suffix_rank,2938,2024-09-01,
all,netlify.app,Tranco,bare_suffix_rank,1966,2024-09-01,
all,herokuapp.com,Tranco,bare_suffix_rank,647,2024-09-01,
all,appspot.com,Tranco,bare_suffix_rank,703,2024-09-01,
all,web.app,Tranco,bare_suffix_rank,3738,2024-09-01,
all,firebaseapp.com,Tranco,bare_suffix_rank,6411,2024-09-01,
all,cloudfront.net,Tranco,bare_suffix_rank,60,2024-09-01,
all,azurewebsites.net,Tranco,bare_suffix_rank,173,2024-09-01,
all,azurefd.net,Tranco,bare_suffix_rank,333,2024-09-01,
all,run.app,Tranco,bare_suffix_rank,2752,2024-09-01,
all,on.aws,Tranco,bare_suffix_rank,2264,2024-09-01,
all,deno.dev,Tranco,bare_suffix_rank,106436,2024-09-01,
all,fly.dev,Tranco,bare_suffix_rank,17030,2024-09-01,
all,onrender.com,Tranco,bare_suffix_rank,5636,2024-09-01,
all,trycloudflare.com,Tranco,bare_suffix_rank,37522,2024-09-01,
all,r2.dev,Tranco,bare_suffix_rank,6374,2024-09-01,
all,github.io,Tranco,bare_suffix_rank,130,2025-01-01,
all,pages.dev,Tranco,bare_suffix_rank,364,2025-01-01,
all,workers.dev,Tranco,bare_suffix_rank,32,2025-01-01,
all,vercel.app,Tranco,bare_suffix_rank,2706,2025-01-01,
all,netlify.app,Tranco,bare_suffix_rank,2078,2025-01-01,
all,herokuapp.com,Tranco,bare_suffix_rank,701,2025-01-01,
all,appspot.com,Tranco,bare_suffix_rank,691,2025-01-01,
all,web.app,Tranco,bare_suffix_rank,3549,2025-01-01,
all,firebaseapp.com,Tranco,bare_suffix_rank,6061,2025-01-01,
all,cloudfront.net,Tranco,bare_suffix_rank,56,2025-01-01,
all,azurewebsites.net,Tranco,bare_suffix_rank,201,2025-01-01,
all,azurefd.net,Tranco,bare_suffix_rank,323,2025-01-01,
all,run.app,Tranco,bare_suffix_rank,2594,2025-01-01,
all,on.aws,Tranco,bare_suffix_rank,2535,2025-01-01,
all,deno.dev,Tranco,bare_suffix_rank,18617,2025-01-01,
all,fly.dev,Tranco,bare_suffix_rank,11799,2025-01-01,
all,onrender.com,Tranco,bare_suffix_rank,5296,2025-01-01,
all,trycloudflare.com,Tranco,bare_suffix_rank,11041,2025-01-01,
all,r2.dev,Tranco,bare_suffix_rank,5921,2025-01-01,
all,github.io,Tranco,bare_suffix_rank,125,2025-10-01,
all,pages.dev,Tranco,bare_suffix_rank,344,2025-10-01,
all,workers.dev,Tranco,bare_suffix_rank,32,2025-10-01,
all,vercel.app,Tranco,bare_suffix_rank,2071,2025-10-01,
all,netlify.app,Tranco,bare_suffix_rank,1976,2025-10-01,
all,herokuapp.com,Tranco,bare_suffix_rank,1107,2025-10-01,
all,appspot.com,Tranco,bare_suffix_rank,804,2025-10-01,
all,web.app,Tranco,bare_suffix_rank,3573,2025-10-01,
all,firebaseapp.com,Tranco,bare_suffix_rank,3526,2025-10-01,
all,cloudfront.net,Tranco,bare_suffix_rank,71,2025-10-01,
all,azurewebsites.net,Tranco,bare_suffix_rank,225,2025-10-01,
all,azurefd.net,Tranco,bare_suffix_rank,184,2025-10-01,
all,run.app,Tranco,bare_suffix_rank,583,2025-10-01,
all,on.aws,Tranco,bare_suffix_rank,2354,2025-10-01,
all,deno.dev,Tranco,bare_suffix_rank,109497,2025-10-01,
all,fly.dev,Tranco,bare_suffix_rank,14489,2025-10-01,
all,onrender.com,Tranco,bare_suffix_rank,3250,2025-10-01,
all,trycloudflare.com,Tranco,bare_suffix_rank,21636,2025-10-01,
all,r2.dev,Tranco,bare_suffix_rank,7303,2025-10-01,
all,github.io,Tranco,bare_suffix_rank,126,2026-10-01,
all,pages.dev,Tranco,bare_suffix_rank,231,2026-10-01,
all,workers.dev,Tranco,bare_suffix_rank,81,2026-10-01,
all,vercel.app,Tranco,bare_suffix_rank,633,2026-10-01,
all,netlify.app,Tranco,bare_suffix_rank,918,2026-10-01,
all,herokuapp.com,Tranco,bare_suffix_rank,921,2026-10-01,
all,appspot.com,Tranco,bare_suffix_rank,894,2026-10-01,
all,web.app,Tranco,bare_suffix_rank,2833,2026-10-01,
all,firebaseapp.com,Tranco,bare_suffix_rank,5491,2026-10-01,
all,cloudfront.net,Tranco,bare_suffix_rank,46,2026-10-01,
all,azurewebsites.net,Tranco,bare_suffix_rank,178,2026-10-01,
all,azurefd.net,Tranco,bare_suffix_rank,151,2026-10-01,
all,run.app,Tranco,bare_suffix_rank,510,2026-10-01,
all,on.aws,Tranco,bare_suffix_rank,531,2026-10-01,
all,deno.dev,Tranco,bare_suffix_rank,90448,2026-10-01,
all,fly.dev,Tranco,bare_suffix_rank,7023,2026-10-01,
all,onrender.com,Tranco,bare_suffix_rank,2257,2026-10-01,
all,trycloudflare.com,Tranco,bare_suffix_rank,11852,2026-10-01,
all,r2.dev,Tranco,bare_suffix_rank,5784,2026-10-01,
CN,azurefd.net,OONI day-level (40 names),first_measured_day,2025-08-02,2025-07-01..2026-09-30,
CN,azurefd.net,OONI day-level (40 names),first_day_with_anomaly,2025-08-02,2025-07-01..2026-09-30,
CN,azurefd.net,OONI day-level (40 names),last_day_with_anomaly_before_lift,2026-09-04,2025-07-01..2026-09-30,
CN,azurefd.net,OONI day-level (40 names),lift_day,2026-09-05,2025-07-01..2026-09-30,
CN,azurefd.net,OONI day-level (40 names),share_before_lift,0.6460211681693454,2025-07-01..2026-09-30,
CN,azurefd.net,OONI day-level (40 names),share_after_lift,0.004166666666666667,2025-07-01..2026-09-30,
CN,azurefd.net,OONI day-level (40 names),weekly_share_min_before_lift,0.3611111111111111,2025-07-01..2026-09-30,
CN,azurefd.net,OONI day-level (40 names),weekly_share_max_before_lift,1.0,2025-07-01..2026-09-30,
CN,azurefd.net,OONI day-level (40 names),endpoints,39,2025-07-01..2026-09-30,
CN,azurefd.net,OONI day-level (40 names),measurements_before_lift,2551,2025-07-01..2026-09-30,
CN,azurefd.net,OONI day-level (40 names),measurements_after_lift,240,2025-07-01..2026-09-30,
CN,azurefd.net,OONI day-level (40 names),endpoints_majority_anomalous_before_lift,39,2025-07-01..2026-09-30,
CN,azurefd.net,OONI day-level (40 names),endpoint_share_min_before_lift,0.5058823529411764,2025-07-01..2026-09-30,
CN,azurefd.net,OONI day-level (40 names),endpoint_share_median_before_lift,0.6435643564356436,2025-07-01..2026-09-30,
CN,azurefd.net,OONI day-level (40 names),endpoints_with_any_anomaly_after_lift,1,2025-07-01..2026-09-30,
