{
  "ns": [
    1,
    2,
    3,
    4,
    5,
    6,
    7,
    8,
    9,
    10
  ],
  "ratios": [
    0.5,
    1.0,
    2.0,
    4.0
  ],
  "curves": {
    "0.5": {
      "sim": [
        0.6663971988283546,
        0.44477050849567856,
        0.29629165475639135,
        0.19778408185117666,
        0.13179169358536275,
        0.08789197730066207,
        0.058154065973774816,
        0.03917945799014524,
        0.026149634750070008,
        0.01727073790662845
      ],
      "theory": [
        0.6666666666666666,
        0.4444444444444444,
        0.2962962962962962,
        0.19753086419753083,
        0.13168724279835387,
        0.08779149519890257,
        0.05852766346593505,
        0.03901844231062336,
        0.02601229487374891,
        0.017341529915832606
      ]
    },
    "1.0": {
      "sim": [
        0.499768005957073,
        0.25137019615845996,
        0.1251630094078197,
        0.0626108140327739,
        0.031230716998532516,
        0.015621443311878938,
        0.007860283389559033,
        0.003932702615740648,
        0.002006539158657618,
        0.0009907356401784478
      ],
      "theory": [
        0.5,
        0.25,
        0.125,
        0.0625,
        0.03125,
        0.015625,
        0.0078125,
        0.00390625,
        0.001953125,
        0.0009765625
      ]
    },
    "2.0": {
      "sim": [
        0.3336057391869234,
        0.1114448131455688,
        0.037147996934358406,
        0.012349644484035442,
        0.00408325393398423,
        0.001386858215568127,
        0.0004478153866887713,
        0.00015779326792362533,
        5.5803899947032736e-05,
        1.3923417196821744e-05
      ],
      "theory": [
        0.3333333333333333,
        0.1111111111111111,
        0.03703703703703703,
        0.012345679012345677,
        0.004115226337448558,
        0.0013717421124828527,
        0.00045724737082761756,
        0.0001524157902758725,
        5.0805263425290837e-05,
        1.693508780843028e-05
      ]
    },
    "4.0": {
      "sim": [
        0.2003822572909165,
        0.04005883166326772,
        0.007946367607192036,
        0.0016352302087797761,
        0.000329889194302209,
        6.393844318239154e-05,
        1.27364093535431e-05,
        2.203367193359194e-06,
        7.311480340632671e-07,
        0.0
      ],
      "theory": [
        0.2,
        0.04000000000000001,
        0.008000000000000002,
        0.0016000000000000003,
        0.0003200000000000001,
        6.400000000000002e-05,
        1.2800000000000005e-05,
        2.5600000000000013e-06,
        5.120000000000002e-07,
        1.0240000000000006e-07
      ]
    }
  },
  "_meta": {
    "seeds": 24,
    "quick": false,
    "runtime_s": 226.5
  }
}