{
  "betas": [
    0.2,
    0.2667,
    0.3333,
    0.4,
    0.4667,
    0.5333,
    0.6,
    0.6667,
    0.7333,
    0.8,
    0.8667,
    0.9333,
    1.0,
    1.0667,
    1.1333,
    1.2,
    1.2667,
    1.3333,
    1.4,
    1.4667,
    1.5333,
    1.6,
    1.6667,
    1.7333,
    1.8,
    1.8667,
    1.9333,
    2.0
  ],
  "alpha": 0.95,
  "kmax": 8,
  "const_interval": [
    0.998346591470601,
    0.9982620404250695,
    0.997768091607743,
    0.996548562755771,
    0.9928035069490019,
    0.9859729579043327,
    0.9718152129496067,
    0.9467016422242381,
    0.9147752535190716,
    0.8627193376087193,
    0.8044234568218961,
    0.7352266510827401,
    0.6616060083531954,
    0.5848146411234789,
    0.5066071922868063,
    0.43300967700591864,
    0.37070578161987294,
    0.31549491121949014,
    0.27037565406259584,
    0.22278226043467483,
    0.1879443767236432,
    0.1569036902378917,
    0.12919227520429005,
    0.10764352509213197,
    0.08823549740149154,
    0.07193910991616947,
    0.061345327844623744,
    0.04909109702047589
  ],
  "pername_interval": [
    0.9983576709117981,
    0.9983576709117981,
    0.9983576709117981,
    0.9983404103331974,
    0.9983395581257977,
    0.9983066937966917,
    0.9982625537235731,
    0.9980977027990976,
    0.9978775017318696,
    0.9977837525758894,
    0.9971303042554839,
    0.9959465565937894,
    0.9954282006928444,
    0.9940174090161968,
    0.9921648896039241,
    0.98978202619809,
    0.9863686027972296,
    0.9832219781728003,
    0.9787955000832668,
    0.9735017788372415,
    0.9672020345880439,
    0.960744224046219,
    0.9524022753977848,
    0.9445722385449274,
    0.9380400851136876,
    0.9283223514436694,
    0.9173861148871355,
    0.9064021546479463
  ],
  "beta_star_const": 0.6,
  "beta_star_pername": 1.6667,
  "div_beta": 1.0,
  "Ps": [
    1,
    2,
    3,
    4,
    6,
    8
  ],
  "q_per_provider": [
    0.5018134807327264,
    0.4996441391936883,
    0.500198281428977,
    0.5011989687561419,
    0.5002045167382458,
    0.4998508086276668
  ],
  "sim_avail": [
    0.49818651926727364,
    0.750473094622455,
    0.8753629217214509,
    0.9369890867244377,
    0.9841583162196755,
    0.9962785987504948
  ],
  "law_avail": [
    0.49818651926727364,
    0.7503557341693983,
    0.874851229947184,
    0.9368983558836476,
    0.9843366138772838,
    0.9961030647286762
  ],
  "_meta": {
    "seeds": 24,
    "quick": false,
    "runtime_s": 236.2
  }
}