{
  "betas": [
    0.2,
    0.25,
    0.3,
    0.35,
    0.4,
    0.45,
    0.5,
    0.55,
    0.6,
    0.65,
    0.7,
    0.75,
    0.8,
    0.85,
    0.9,
    0.95,
    1.0,
    1.05,
    1.1,
    1.15,
    1.2,
    1.25,
    1.3,
    1.35,
    1.4,
    1.45,
    1.5,
    1.55,
    1.6,
    1.65,
    1.7,
    1.75,
    1.8,
    1.85,
    1.9,
    1.95,
    2.0
  ],
  "kmaxes": [
    4,
    8,
    16,
    32
  ],
  "alpha": 0.95,
  "n": 8,
  "mu": 3.0,
  "lam_a": 1.0,
  "curves": {
    "4": {
      "interval": [
        0.9911063142534546,
        0.9833249438358015,
        0.9703256452866009,
        0.9527501469483037,
        0.9288473145234731,
        0.8976297673920763,
        0.8637979289012835,
        0.8195932984974842,
        0.777418335090395,
        0.7273856502697743,
        0.6774686813095561,
        0.6275983837342008,
        0.5791339862589395,
        0.5266252908527057,
        0.4835209281130015,
        0.4296539251139128,
        0.3901957528766761,
        0.35255249604379824,
        0.3105473389496601,
        0.2794050026472599,
        0.24597330463255304,
        0.21886099930909886,
        0.19015759154458686,
        0.17194379232566326,
        0.1483385076120717,
        0.12866429039199867,
        0.11342520993273995,
        0.09783435835922986,
        0.08724607967863253,
        0.0759653080055067,
        0.06607416882233351,
        0.05720123369869312,
        0.04937979901684547,
        0.0430090192590061,
        0.03658362699601104,
        0.031809391142327975,
        0.027199768350356566
      ],
      "interval_std": [
        0.0016951486197766417,
        0.0018446084345683036,
        0.0028127167087009584,
        0.003539729139042316,
        0.004200138759596168,
        0.004400167218152549,
        0.005054421826488626,
        0.006383451870388631,
        0.008113583663015645,
        0.006823418648771745,
        0.007392290262474767,
        0.00602977457535079,
        0.006957622630927416,
        0.008670448704676197,
        0.008430283299369849,
        0.007534881036279197,
        0.0076795363451294,
        0.006732085821035027,
        0.0063710516401114066,
        0.006355801232812919,
        0.00748144991492779,
        0.004200709200635701,
        0.00634305400531328,
        0.004727742982126042,
        0.005166474094612092,
        0.006308791229148237,
        0.004079992727023079,
        0.003745065767626747,
        0.004256400777964075,
        0.0033795436904617074,
        0.0028881461740426053,
        0.002678334982093565,
        0.003095180349725272,
        0.0023894909230697185,
        0.0019415465274564968,
        0.0016512498543671996,
        0.002056410430371495
      ],
      "time_avg": [
        0.9986645709670804,
        0.9970409612638685,
        0.9943311944050107,
        0.9903120581609341,
        0.9848946200311928,
        0.9769384894565665,
        0.9684507534058951,
        0.956275155036268,
        0.9438756597027025,
        0.9290430761482513,
        0.9132857538970582,
        0.8960714369702972,
        0.8788666439717456,
        0.8586874543957158,
        0.8409766743630881,
        0.8180790631112762,
        0.7997328379314439,
        0.7805375212737194,
        0.7597547938963025,
        0.7415952099659645,
        0.7206584458221384,
        0.7028055193990355,
        0.6830989055663846,
        0.6667752823248841,
        0.64925847175989,
        0.6310622463620288,
        0.6158974182459968,
        0.5995527511133399,
        0.5868866705079431,
        0.5724317765547203,
        0.5563410953876925,
        0.5450493511041548,
        0.5307372272425568,
        0.5182028944820148,
        0.5062114313017947,
        0.4959241723117082,
        0.4831810834198733
      ],
      "theory_timeavg": [
        0.9987043510173255,
        0.9970522346384714,
        0.9943010162766813,
        0.9901793276757176,
        0.9844660643347252,
        0.9770076560039621,
        0.9677271689138105,
        0.9566253464449759,
        0.9437746343142782,
        0.9293079445840408,
        0.91340425858689,
        0.8962731355283691,
        0.8781398607968489,
        0.8592324664150159,
        0.8397713181666905,
        0.8199614901595498,
        0.79998779296875,
        0.7800120995608948,
        0.7601725088794551,
        0.7405838711870772,
        0.7213392403273909,
        0.7025118886374792,
        0.6841576001450909,
        0.6663170340556824,
        0.6490180165146269,
        0.6322776716376979,
        0.61610434292617,
        0.6004992849302097,
        0.5854581244717412,
        0.5709721030115721,
        0.5570291187497535,
        0.5436145903560694,
        0.5307121650658148,
        0.5183042931582946,
        0.5063726892155639,
        0.4948986984868479,
        0.48386358445690525
      ],
      "beta_star_interval": 0.35
    },
    "8": {
      "interval": [
        0.9981752484393747,
        0.9981648051835057,
        0.9979938882384047,
        0.9974982871442132,
        0.9962678566939362,
        0.9938900834130923,
        0.9906889850732927,
        0.9829387066787891,
        0.9715126961777975,
        0.9541441691032221,
        0.9318803031533284,
        0.9010589842077451,
        0.8651052353811514,
        0.8205820571243286,
        0.7701856574714556,
        0.720633855136095,
        0.6587697148841727,
        0.5991112466394892,
        0.545290079474693,
        0.49065493384388836,
        0.43303158839151484,
        0.39098734454713635,
        0.3467154653060918,
        0.30375387706592,
        0.26787382168611756,
        0.23313113449930692,
        0.20699293278723005,
        0.17967731652984834,
        0.156372748934848,
        0.1345996195122067,
        0.11905702208752418,
        0.10065898942736255,
        0.08860504900122664,
        0.07668296805509879,
        0.0674996327015866,
        0.05779786802183484,
        0.04919232996111958
      ],
      "interval_std": [
        0.0006535968739372745,
        0.000639979283556748,
        0.0006093512413778733,
        0.0007898627934160204,
        0.0008391220631507227,
        0.0011299439729000537,
        0.0016852907471504698,
        0.0022831768607221906,
        0.0036000187709184987,
        0.004447717659584249,
        0.007348180443018653,
        0.005771742660738997,
        0.0067627103301920516,
        0.006156652149886587,
        0.009929864108008132,
        0.011309771285527842,
        0.012891125392013652,
        0.012477253640049528,
        0.008961875619114535,
        0.008310192781860924,
        0.007902781387544787,
        0.009669746878436048,
        0.009486945452818127,
        0.008968388893570009,
        0.007969512600376278,
        0.008134958569065086,
        0.006029232983003579,
        0.005681466019371859,
        0.007331127769881017,
        0.005176736084270823,
        0.006616089688299211,
        0.004975839761090396,
        0.004336598873736648,
        0.004451929825585872,
        0.004065923196931903,
        0.003787471896972982,
        0.003122362126270246
      ],