{
  "alpha": 0.95,
  "beta_star_interval": 0.65,
  "kmax": 8,
  "betas": [
    0.2,
    0.25,
    0.3,
    0.35,
    0.4,
    0.45,
    0.5,
    0.55,
    0.6,
    0.65,
    0.7,
    0.75,
    0.8,
    0.85,
    0.9,
    0.95,
    1.0,
    1.05,
    1.1,
    1.15,
    1.2
  ],
  "interval": [
    0.9984650575598476,
    0.998382202521293,
    0.9982834475692982,
    0.997867746420518,
    0.9965207111713319,
    0.9940245433046796,
    0.9896896408215241,
    0.9826044248733856,
    0.9714526964535376,
    0.954458083084373,
    0.9321031899815404,
    0.9017431327676148,
    0.8647688973532087,
    0.8205563532004008,
    0.7715620520672349,
    0.7172648235505249,
    0.6615793177500753,
    0.6035609639840408,
    0.5458054774587536,
    0.49145020055871314,
    0.43930303168700374
  ],
  "burn_per_day": [
    5,
    10,
    25,
    50,
    100,
    200,
    400
  ],
  "required_intro_per_day": [
    7.692307692307692,
    15.384615384615383,
    38.46153846153846,
    76.92307692307692,
    153.84615384615384,
    307.6923076923077,
    615.3846153846154
  ],
  "cost_per_domain": 0.01,
  "daily_cost": [
    0.07692307692307691,
    0.15384615384615383,
    0.3846153846153846,
    0.7692307692307692,
    1.5384615384615383,
    3.0769230769230766,
    6.153846153846153
  ],
  "_meta": {
    "seeds": 24,
    "quick": false,
    "runtime_s": 602.8
  }
}