{
  "betas": [
    0.2,
    0.25,
    0.3,
    0.35,
    0.4,
    0.45,
    0.5,
    0.55,
    0.6,
    0.65,
    0.7,
    0.75,
    0.8,
    0.85,
    0.9,
    0.95,
    1.0,
    1.05,
    1.1,
    1.15,
    1.2,
    1.25,
    1.3,
    1.35,
    1.4
  ],
  "batches": [
    1,
    2,
    4,
    8
  ],
  "alpha": 0.95,
  "kmax": 8,
  "curves": {
    "1": {
      "interval": [
        0.9983485224957803,
        0.9983071608476991,
        0.998143238840218,
        0.9976175135165292,
        0.996788440854636,
        0.9939032056893944,
        0.9900482470487045,
        0.9824645810053464,
        0.9729912333836719,
        0.9549360141569601,
        0.929479578290804,
        0.902105118402579,
        0.8651282544941762,
        0.8209614595259763,
        0.7741600421211317,
        0.7183008055144154,
        0.6612209865576504,
        0.5988151163208113,
        0.541437716501581,
        0.4875527968636131,
        0.4343317770116806,
        0.38848299243316453,
        0.34528089283675517,
        0.30261753591217905,
        0.268863034614953
      ],
      "beta_star_interval": 0.65
    },
    "2": {
      "interval": [
        0.9973305467903192,
        0.9961116132596279,
        0.9933999106483121,
        0.9891389306367927,
        0.9817760110604578,
        0.9725076813499943,
        0.9590267164729144,
        0.9391476181081018,
        0.9180036939550217,
        0.893534218361632,
        0.8606957958527932,
        0.8294251672565008,
        0.7923831154510008,
        0.7505211195943079,
        0.71663453960015,
        0.6677898081188852,
        0.632176792069756,
        0.5843997253764073,
        0.5466818231288207,
        0.5067615632409751,
        0.4657977030561972,
        0.42554104517369845,
        0.39524094619722877,
        0.36047788396140756,
        0.3281245774890494
      ],
      "beta_star_interval": 0.5
    },
    "4": {
      "interval": [
        0.9802571607098253,
        0.9687673628089323,
        0.953206226020896,
        0.938462990692857,
        0.9175554499482418,
        0.8965258164261973,
        0.8738537042937969,
        0.8505225729023915,
        0.8226163990988417,
        0.7932350713271221,
        0.7613465272407796,
        0.7364976530692905,
        0.7068892900620857,
        0.6741790552749315,
        0.6439434801226994,
        0.613447866259874,
        0.5836650005158631,
        0.5565259338327422,
        0.5304982920497121,
        0.49939985538999504,
        0.476697902235806,
        0.4522860795636802,
        0.42877326137699184,
        0.40406395315681126,
        0.38289169400806117
      ],
      "beta_star_interval": 0.3
    },
    "8": {
      "interval": [
        0.8591143595806289,
        0.8259091348300038,
        0.7959282837960361,
        0.7686972581422872,
        0.7401992364136296,
        0.7165399657129456,
        0.6885229192739737,
        0.663620026487595,
        0.6361927779558418,
        0.6146905041633522,
        0.5905307981911277,
        0.570019232040488,
        0.5531336711415117,
        0.5290215383373165,
        0.5124871695551544,
        0.4924004223426944,
        0.4759406265678574,
        0.4565130706615765,
        0.44319513827850887,
        0.4246076619222081,
        0.40927148482625597,
        0.3967050708334258,
        0.3819832423895062,
        0.3681108725890529,
        0.3548468746944426
      ],
      "beta_star_interval": null
    }
  },
  "_meta": {
    "seeds": 24,
    "quick": false,
    "runtime_s": 250.1
  }
}