{
  "B": 1.5,
  "ns": [
    1,
    2,
    4,
    8
  ],
  "fracs": [
    0.05,
    0.0883,
    0.1267,
    0.165,
    0.2033,
    0.2417,
    0.28,
    0.3183,
    0.3567,
    0.395,
    0.4333,
    0.4717,
    0.51,
    0.5483,
    0.5867,
    0.625,
    0.6633,
    0.7017,
    0.74,
    0.7783,
    0.8167,
    0.855,
    0.8933,
    0.9317,
    0.97
  ],
  "kmax": 8,
  "mu": 3.0,
  "curves": {
    "1": {
      "interval": [
        0.0005099088035381422,
        0.0006974915764945966,
        0.0009518794176709237,
        0.0012862257728983074,
        0.0017148327786880163,
        0.0023622225995456095,
        0.0032148309966497,
        0.004362743913440932,
        0.005885793589199953,
        0.007973009357323105,
        0.010659678053355917,
        0.014032502455935639,
        0.01834891644729569,
        0.023349935451750625,
        0.02968239398900736,
        0.036935258225540515,
        0.045584414141694125,
        0.05603619399535742,
        0.06745187866169887,
        0.08039058995110919,
        0.09670311890374546,
        0.11437055020305172,
        0.13329300770011024,
        0.15756151444783492,
        0.18420296592937227
      ],
      "f_star": 0.05
    },
    "2": {
      "interval": [
        0.3438852218833344,
        0.3691000390879928,
        0.3948304729077952,
        0.4224857142884704,
        0.4508619669439389,
        0.47984591337860943,
        0.5098763013798572,
        0.5387978413371406,
        0.566463723422569,
        0.5914830243165651,
        0.6116285458914853,
        0.6260679815404937,
        0.631442775351926,
        0.6260947000426871,
        0.612523193133841,
        0.5904514069051771,
        0.5598046918302185,
        0.5227125887097698,
        0.4796941294321952,
        0.43678797755664317,
        0.3923358488522548,
        0.3498352825234344,
        0.30758376493576256,
        0.2693673437314907,
        0.2335389775950912
      ],
      "f_star": 0.97
    },
    "4": {
      "interval": [
        0.9926135844230193,
        0.9937343138275124,
        0.9945689640040204,
        0.9952895012174062,
        0.9959472165202676,
        0.9958668707907407,
        0.9945201112879234,
        0.9913185394686556,
        0.9846276924407237,
        0.9732841077679785,
        0.9548669490329852,
        0.928470668523181,
        0.8927666191203351,
        0.8468270089585171,
        0.7924693313005,
        0.7321385561453986,
        0.6679455625516105,
        0.601522771682784,
        0.5356743668130068,
        0.47349423755674097,
        0.4149768868030108,
        0.3623974256595157,
        0.31374804507782555,
        0.2715291612774964,
        0.2339301432739107
      ],
      "f_star": 0.97
    },
    "8": {
      "interval": [
        1.0,
        1.0,
        1.0,
        0.9999171390009413,
        0.9998094441521124,
        0.999162693466023,
        0.997171625995238,
        0.9936094595078302,
        0.9864510268989838,
        0.9746749408481866,
        0.9559126184571914,
        0.9292193908101805,
        0.8932899343694091,
        0.8471708319517498,
        0.7927514038593394,
        0.7323345912438447,
        0.6680721188402409,
        0.6016262064163277,
        0.535717636635136,
        0.47351379121340637,
        0.4149782466278942,
        0.3624051827211443,
        0.31374804507782555,
        0.2715291612774964,
        0.2339301432739107
      ],
      "f_star": 0.97
    }
  },
  "_meta": {
    "seeds": 24,
    "quick": false,
    "runtime_s": 613.8
  }
}