{
  "betas": [
    0.2,
    0.25,
    0.3,
    0.35,
    0.4,
    0.45,
    0.5,
    0.55,
    0.6,
    0.65,
    0.7,
    0.75,
    0.8,
    0.85,
    0.9,
    0.95,
    1.0,
    1.05,
    1.1,
    1.15,
    1.2,
    1.25,
    1.3,
    1.35,
    1.4
  ],
  "Ps": [
    1,
    2,
    4,
    8
  ],
  "alpha": 0.95,
  "kmax": 8,
  "curves": {
    "1": {
      "interval": [
        0.30674400556319487,
        0.22715286903778287,
        0.1709975906537954,
        0.1298383342362617,
        0.09702192691390081,
        0.07193272609248501,
        0.05498611617434307,
        0.04108367884485228,
        0.03113463660082941,
        0.023245731141189736,
        0.017907529306612144,
        0.01338708926183597,
        0.01017690708736082,
        0.007660884657055084,
        0.005631307462470582,
        0.004303318547552064,
        0.0033226615784451206,
        0.0026675349835673053,
        0.0019734994256549363,
        0.0014169121824415358,
        0.001065703704363083,
        0.0008248533384389531,
        0.0005791676990520809,
        0.00048452625202316985,
        0.00035988837751291247
      ],
      "beta_star_interval": null
    },
    "2": {
      "interval": [
        0.8484355926616939,
        0.7914509432656782,
        0.7313746088488283,
        0.6730610922359865,
        0.6132446101523477,
        0.5592887448114554,
        0.5054731064738963,
        0.4576086250115325,
        0.4113256023559398,
        0.36854430214985934,
        0.33531108733841003,
        0.29799097318059625,
        0.2655863486918299,
        0.23689279633793325,
        0.21230838789215092,
        0.18859500690798892,
        0.1679589349539071,
        0.15086740286329337,
        0.1329203603281921,
        0.11711734646796333,
        0.10489952488845537,
        0.09278042284214572,
        0.0828453371293113,
        0.07246990400791845,
        0.06455453879157798
      ],
      "beta_star_interval": null
    },
    "4": {
      "interval": [
        0.9939634715225227,
        0.9893568841336492,
        0.982333274877572,
        0.9728930569043435,
        0.9616272107911593,
        0.9491936721293972,
        0.9317712916420436,
        0.9138158686767325,
        0.8949915149676606,
        0.8754077556465348,
        0.8511516355922731,
        0.828366473825373,
        0.8058284548766226,
        0.7797678226150669,
        0.7560594689594886,
        0.7297674773824188,
        0.703609372984405,
        0.6763970770786324,
        0.6544268077621246,
        0.6270191930458978,
        0.6044589314446478,
        0.5780990042150265,
        0.5560880175780225,
        0.5312752482127526,
        0.5078019615868545
      ],
      "beta_star_interval": 0.4
    },
    "8": {
      "interval": [
        0.9981219830944981,
        0.9981018077281355,
        0.9980340453689444,
        0.997995954471515,
        0.9978782845459859,
        0.9976773508997354,
        0.9971782672950784,
        0.9968133814498028,
        0.9956946908113902,
        0.9946838993868724,
        0.9936688085047086,
        0.9913806709704946,
        0.9896255220131431,
        0.987048778820152,
        0.985063347631145,
        0.980600536597079,
        0.976701237191801,
        0.9731506930621133,
        0.9678452021469616,
        0.9625482032592337,
        0.9552088347837335,
        0.9502378816557694,
        0.9420858372072564,
        0.9362813753466589,
        0.929081523685947
      ],
      "beta_star_interval": 1.25
    }
  },
  "_meta": {
    "seeds": 24,
    "quick": false,
    "runtime_s": 334.7
  }
}