window_end_utc,date,window_secs,flag,proxy_count_definition,n_copies,first_source,ips_total,ips_webext,ips_standalone,ips_iptproxy,ips_badge,ips_bloco,nat_restricted,nat_unrestricted,nat_unknown,proxy_idle_polls,client_matches,client_timeouts,client_denied,http_polls,amp_polls,sqs_polls,proxies_in_IR,proxies_in_RU,proxies_in_CN,proxies_in_TM,proxies_in_US,proxies_in_DE
2019-06-29 21:41:44,2019-06-29,86400,,daily_unique_reset_each_window,1,snowflakes-2019-06.tar.xz:snowflakes-2019-06/29/2019-06-29-21-41-44-snowflake-stats,17.0,,,,,,,,,59224.0,448.0,,0.0,,,,,1.0,,,5.0,1.0
2019-06-30 21:41:44,2019-06-30,86400,,daily_unique_reset_each_window,1,snowflakes-2019-06.tar.xz:snowflakes-2019-06/30/2019-06-30-21-41-44-snowflake-stats,14.0,,,,,,,,,58288.0,280.0,,0.0,,,,,,,,5.0,1.0
2019-07-01 21:41:44,2019-07-01,86400,,daily_unique_reset_each_window,1,snowflakes-2019-07.tar.xz:snowflakes-2019-07/01/2019-07-01-21-41-44-snowflake-stats,12.0,,,,,,,,,63240.0,568.0,,0.0,,,,,,,,4.0,1.0
2019-07-02 21:41:44,2019-07-02,86400,,daily_unique_reset_each_window,1,snowflakes-2019-07.tar.xz:snowflakes-2019-07/02/2019-07-02-21-41-44-snowflake-stats,26.0,,,,,,,,,61848.0,664.0,,0.0,,,,,1.0,,,5.0,1.0
2019-07-03 21:41:44,2019-07-03,86400,,daily_unique_reset_each_window,1,snowflakes-2019-07.tar.xz:snowflakes-2019-07/03/2019-07-03-21-41-44-snowflake-stats,39.0,,,,,,,,,63968.0,824.0,,0.0,,,,,1.0,,,9.0,1.0
2019-07-04 21:41:44,2019-07-04,86400,,daily_unique_reset_each_window,1,snowflakes-2019-07.tar.xz:snowflakes-2019-07/04/2019-07-04-21-41-44-snowflake-stats,35.0,,,,,,,,,59656.0,728.0,,0.0,,,,,1.0,,,6.0,1.0
2019-07-05 21:41:44,2019-07-05,86400,,daily_unique_reset_each_window,1,snowflakes-2019-07.tar.xz:snowflakes-2019-07/05/2019-07-05-21-41-44-snowflake-stats,32.0,,,,,,,,,59952.0,760.0,,0.0,,,,,1.0,,,9.0,2.0
2019-07-06 21:41:44,2019-07-06,86400,,daily_unique_reset_each_window,1,snowflakes-2019-07.tar.xz:snowflakes-2019-07/06/2019-07-06-21-41-44-snowflake-stats,23.0,,,,,,,,,61080.0,384.0,,0.0,,,,,1.0,,,7.0,1.0
2019-07-07 21:41:44,2019-07-07,86400,,daily_unique_reset_each_window,1,snowflakes-2019-07.tar.xz:snowflakes-2019-07/07/2019-07-07-21-41-44-snowflake-stats,19.0,,,,,,,,,54080.0,416.0,,0.0,,,,,1.0,,,3.0,1.0
2019-07-08 21:41:44,2019-07-08,86400,,daily_unique_reset_each_window,1,snowflakes-2019-07.tar.xz:snowflakes-2019-07/08/2019-07-08-21-41-44-snowflake-stats,23.0,,,,,,,,,57552.0,312.0,,0.0,,,,,1.0,,,6.0,1.0
2019-07-09 21:41:44,2019-07-09,86400,,daily_unique_reset_each_window,1,snowflakes-2019-07.tar.xz:snowflakes-2019-07/09/2019-07-09-21-41-44-snowflake-stats,22.0,,,,,,,,,54480.0,504.0,,0.0,,,,,2.0,,,6.0,1.0
2019-07-10 21:41:44,2019-07-10,86400,,daily_unique_reset_each_window,1,snowflakes-2019-07.tar.xz:snowflakes-2019-07/10/2019-07-10-21-41-44-snowflake-stats,25.0,,,,,,,,,54864.0,528.0,,0.0,,,,,,,,6.0,1.0
2019-07-11 21:41:44,2019-07-11,86400,,daily_unique_reset_each_window,1,snowflakes-2019-07.tar.xz:snowflakes-2019-07/11/2019-07-11-21-41-44-snowflake-stats,21.0,,,,,,,,,52136.0,944.0,,0.0,,,,,2.0,,,4.0,1.0
2019-07-12 21:41:44,2019-07-12,86400,,daily_unique_reset_each_window,1,snowflakes-2019-07.tar.xz:snowflakes-2019-07/12/2019-07-12-21-41-44-snowflake-stats,45.0,,,,,,,,,57184.0,600.0,,0.0,,,,,2.0,,,7.0,3.0
2019-07-13 21:41:44,2019-07-13,86400,,daily_unique_reset_each_window,1,snowflakes-2019-07.tar.xz:snowflakes-2019-07/13/2019-07-13-21-41-44-snowflake-stats,98.0,,,,,,,,,79816.0,568.0,,0.0,,,,1.0,1.0,,,31.0,8.0
2019-07-14 21:41:44,2019-07-14,86400,,daily_unique_reset_each_window,1,snowflakes-2019-07.tar.xz:snowflakes-2019-07/14/2019-07-14-21-41-44-snowflake-stats,81.0,,,,,,,,,76840.0,592.0,,0.0,,,,,1.0,,,31.0,4.0
2019-07-15 21:41:44,2019-07-15,86400,,daily_unique_reset_each_window,1,snowflakes-2019-07.tar.xz:snowflakes-2019-07/15/2019-07-15-21-41-44-snowflake-stats,82.0,,,,,,,,,74216.0,720.0,,0.0,,,,,1.0,,,25.0,7.0
2019-07-16 21:41:44,2019-07-16,86400,,daily_unique_reset_each_window,1,snowflakes-2019-07.tar.xz:snowflakes-2019-07/16/2019-07-16-21-41-44-snowflake-stats,124.0,,,,,,,,,97784.0,744.0,,0.0,,,,1.0,4.0,,,42.0,7.0
2019-07-17 21:41:44,2019-07-17,86400,,daily_unique_reset_each_window,1,snowflakes-2019-07.tar.xz:snowflakes-2019-07/17/2019-07-17-21-41-44-snowflake-stats,218.0,,,,,,,,,160280.0,744.0,,0.0,,,,,4.0,,,40.0,20.0
2019-07-18 21:41:44,2019-07-18,86400,,daily_unique_reset_each_window,1,snowflakes-2019-07.tar.xz:snowflakes-2019-07/18/2019-07-18-21-41-44-snowflake-stats,216.0,,,,,,,,,181240.0,392.0,,0.0,,,,,1.0,,,39.0,13.0
2019-07-19 21:41:44,2019-07-19,86400,,daily_unique_reset_each_window,1,snowflakes-2019-07.tar.xz:snowflakes-2019-07/19/2019-07-19-21-41-44-snowflake-stats,240.0,,,,,,,,,224472.0,224.0,,0.0,,,,1.0,1.0,,,54.0,11.0
2019-07-20 21:41:44,2019-07-20,86400,,daily_unique_reset_each_window,1,snowflakes-2019-07.tar.xz:snowflakes-2019-07/20/2019-07-20-21-41-44-snowflake-stats,258.0,,,,,,,,,257872.0,288.0,,0.0,,,,1.0,3.0,1.0,,89.0,18.0
2019-07-21 21:41:44,2019-07-21,86400,,daily_unique_reset_each_window,1,snowflakes-2019-07.tar.xz:snowflakes-2019-07/21/2019-07-21-21-41-44-snowflake-stats,306.0,,,,,,,,,309640.0,352.0,,0.0,,,,1.0,2.0,,,93.0,18.0
2019-07-22 21:41:44,2019-07-22,86400,,daily_unique_reset_each_window,1,snowflakes-2019-07.tar.xz:snowflakes-2019-07/22/2019-07-22-21-41-44-snowflake-stats,373.0,,,,,,,,,414352.0,304.0,,0.0,,,,1.0,2.0,,,102.0,29.0
2019-07-23 21:41:44,2019-07-23,86400,,daily_unique_reset_each_window,1,snowflakes-2019-07.tar.xz:snowflakes-2019-07/23/2019-07-23-21-41-44-snowflake-stats,370.0,,,,,,,,,291832.0,352.0,,0.0,,,,1.0,3.0,,,113.0,22.0
2019-07-24 21:41:44,2019-07-24,86400,,daily_unique_reset_each_window,1,snowflakes-2019-07.tar.xz:snowflakes-2019-07/24/2019-07-24-21-41-44-snowflake-stats,289.0,,,,,,,,,139112.0,424.0,,0.0,,,,2.0,2.0,1.0,,73.0,15.0
2019-07-26 19:52:11,2019-07-26,86400,,daily_unique_reset_each_window,1,snowflakes-2019-07.tar.xz:snowflakes-2019-07/26/2019-07-26-19-52-11-snowflake-stats,517.0,,,,,,,,,236088.0,472.0,,0.0,,,,3.0,4.0,1.0,,169.0,34.0
2019-07-27 19:52:11,2019-07-27,86400,,daily_unique_reset_each_window,1,snowflakes-2019-07.tar.xz:snowflakes-2019-07/27/2019-07-27-19-52-11-snowflake-stats,645.0,,,,,,,,,615424.0,264.0,,0.0,,,,8.0,9.0,3.0,,207.0,38.0
2019-07-28 19:52:11,2019-07-28,86400,,daily_unique_reset_each_window,1,snowflakes-2019-07.tar.xz:snowflakes-2019-07/28/2019-07-28-19-52-11-snowflake-stats,722.0,,,,,,,,,635720.0,472.0,,0.0,,,,7.0,6.0,3.0,,223.0,55.0
2019-07-29 19:52:11,2019-07-29,86400,,daily_unique_reset_each_window,1,snowflakes-2019-07.tar.xz:snowflakes-2019-07/29/2019-07-29-19-52-11-snowflake-stats,612.0,,,,,,,,,570960.0,512.0,,0.0,,,,16.0,3.0,4.0,,202.0,31.0
2019-07-30 19:52:11,2019-07-30,86400,,daily_unique_reset_each_window,1,snowflakes-2019-07.tar.xz:snowflakes-2019-07/30/2019-07-30-19-52-11-snowflake-stats,707.0,,,,,,,,,596624.0,520.0,,0.0,,,,13.0,4.0,4.0,,220.0,41.0
2019-07-31 19:52:11,2019-07-31,86400,,daily_unique_reset_each_window,1,snowflakes-2019-07.tar.xz:snowflakes-2019-07/31/2019-07-31-19-52-11-snowflake-stats,748.0,,,,,,,,,616400.0,568.0,,0.0,,,,6.0,7.0,3.0,,254.0,55.0
2019-08-01 19:52:11,2019-08-01,86400,,daily_unique_reset_each_window,1,snowflakes-2019-08.tar.xz:snowflakes-2019-08/01/2019-08-01-19-52-11-snowflake-stats,774.0,,,,,,,,,646752.0,448.0,,0.0,,,,2.0,6.0,2.0,,251.0,59.0
2019-08-02 19:52:11,2019-08-02,86400,,daily_unique_reset_each_window,1,snowflakes-2019-08.tar.xz:snowflakes-2019-08/02/2019-08-02-19-52-11-snowflake-stats,740.0,,,,,,,,,647416.0,512.0,,0.0,,,,3.0,11.0,3.0,,251.0,46.0
2019-08-03 19:52:11,2019-08-03,86400,,daily_unique_reset_each_window,1,snowflakes-2019-08.tar.xz:snowflakes-2019-08/03/2019-08-03-19-52-11-snowflake-stats,724.0,,,,,,,,,599976.0,344.0,,0.0,,,,6.0,10.0,1.0,,227.0,41.0
2019-08-04 19:52:11,2019-08-04,86400,,daily_unique_reset_each_window,1,snowflakes-2019-08.tar.xz:snowflakes-2019-08/04/2019-08-04-19-52-11-snowflake-stats,673.0,,,,,,,,,541920.0,352.0,,0.0,,,,6.0,6.0,4.0,,220.0,38.0
2019-08-05 19:52:11,2019-08-05,86400,,daily_unique_reset_each_window,1,snowflakes-2019-08.tar.xz:snowflakes-2019-08/05/2019-08-05-19-52-11-snowflake-stats,827.0,,,,,,,,,626128.0,448.0,,0.0,,,,14.0,10.0,4.0,,251.0,69.0
2019-08-06 19:52:11,2019-08-06,86400,,daily_unique_reset_each_window,1,snowflakes-2019-08.tar.xz:snowflakes-2019-08/06/2019-08-06-19-52-11-snowflake-stats,779.0,,,,,,,,,663368.0,512.0,,0.0,,,,6.0,12.0,1.0,,236.0,60.0
2019-08-07 19:52:11,2019-08-07,86400,,daily_unique_reset_each_window,1,snowflakes-2019-08.tar.xz:snowflakes-2019-08/07/2019-08-07-19-52-11-snowflake-stats,937.0,,,,,,,,,660976.0,864.0,,0.0,,,,7.0,10.0,1.0,,265.0,92.0
2019-08-08 19:52:11,2019-08-08,86400,,daily_unique_reset_each_window,1,snowflakes-2019-08.tar.xz:snowflakes-2019-08/08/2019-08-08-19-52-11-snowflake-stats,1178.0,,,,,,,,,979344.0,392.0,,0.0,,,,6.0,17.0,16.0,,284.0,118.0
2019-08-09 19:52:11,2019-08-09,86400,,daily_unique_reset_each_window,1,snowflakes-2019-08.tar.xz:snowflakes-2019-08/09/2019-08-09-19-52-11-snowflake-stats,1327.0,,,,,,,,,1307712.0,336.0,,0.0,,,,4.0,20.0,10.0,,343.0,124.0
2019-08-10 19:52:11,2019-08-10,86400,,daily_unique_reset_each_window,1,snowflakes-2019-08.tar.xz:snowflakes-2019-08/10/2019-08-10-19-52-11-snowflake-stats,1350.0,,,,,,,,,1396688.0,272.0,,0.0,,,,8.0,16.0,9.0,,368.0,104.0
2019-08-11 19:52:11,2019-08-11,86400,,daily_unique_reset_each_window,1,snowflakes-2019-08.tar.xz:snowflakes-2019-08/11/2019-08-11-19-52-11-snowflake-stats,1339.0,,,,,,,,,1517128.0,264.0,,0.0,,,,12.0,12.0,8.0,,358.0,123.0
2019-08-12 19:52:11,2019-08-12,86400,,daily_unique_reset_each_window,1,snowflakes-2019-08.tar.xz:snowflakes-2019-08/12/2019-08-12-19-52-11-snowflake-stats,2018.0,,,,,,,,,1900296.0,488.0,,0.0,,,,8.0,19.0,19.0,,431.0,150.0
2019-08-13 19:52:11,2019-08-13,86400,,daily_unique_reset_each_window,1,snowflakes-2019-08.tar.xz:snowflakes-2019-08/13/2019-08-13-19-52-11-snowflake-stats,2752.0,,,,,,,,,3154872.0,352.0,,0.0,,,,16.0,34.0,28.0,,550.0,191.0
2019-08-15 19:45:34,2019-08-15,86400,,daily_unique_reset_each_window,1,snowflakes-2019-08.tar.xz:snowflakes-2019-08/15/2019-08-15-19-45-34-snowflake-stats,2913.0,,,,,,,,,3964872.0,200.0,,0.0,,,,15.0,25.0,19.0,,624.0,187.0
2019-08-16 19:45:34,2019-08-16,86400,,daily_unique_reset_each_window,1,snowflakes-2019-08.tar.xz:snowflakes-2019-08/16/2019-08-16-19-45-34-snowflake-stats,2859.0,,,,,,,,,3767400.0,304.0,,0.0,,,,12.0,26.0,23.0,,583.0,168.0
2019-08-17 19:45:34,2019-08-17,86400,,daily_unique_reset_each_window,1,snowflakes-2019-08.tar.xz:snowflakes-2019-08/17/2019-08-17-19-45-34-snowflake-stats,2646.0,,,,,,,,,3539864.0,216.0,,0.0,,,,22.0,33.0,16.0,,550.0,190.0
2019-08-18 19:45:34,2019-08-18,86400,,daily_unique_reset_each_window,1,snowflakes-2019-08.tar.xz:snowflakes-2019-08/18/2019-08-18-19-45-34-snowflake-stats,2425.0,,,,,,,,,3440936.0,240.0,,0.0,,,,21.0,30.0,15.0,,478.0,164.0
2019-08-19 19:45:34,2019-08-19,86400,,daily_unique_reset_each_window,1,snowflakes-2019-08.tar.xz:snowflakes-2019-08/19/2019-08-19-19-45-34-snowflake-stats,2736.0,,,,,,,,,3537728.0,224.0,,0.0,,,,18.0,28.0,50.0,,532.0,190.0
2019-08-20 19:45:34,2019-08-20,86400,,daily_unique_reset_each_window,1,snowflakes-2019-08.tar.xz:snowflakes-2019-08/20/2019-08-20-19-45-34-snowflake-stats,2833.0,,,,,,,,,3668312.0,160.0,,0.0,,,,8.0,29.0,22.0,,649.0,178.0
2019-08-21 19:45:34,2019-08-21,86400,,daily_unique_reset_each_window,1,snowflakes-2019-08.tar.xz:snowflakes-2019-08/21/2019-08-21-19-45-34-snowflake-stats,2815.0,,,,,,,,,3651440.0,216.0,,0.0,,,,18.0,23.0,23.0,,598.0,177.0
2019-08-22 19:45:34,2019-08-22,86400,,daily_unique_reset_each_window,1,snowflakes-2019-08.tar.xz:snowflakes-2019-08/22/2019-08-22-19-45-34-snowflake-stats,3085.0,,,,,,,,,3594568.0,112.0,,0.0,,,,11.0,26.0,30.0,,684.0,188.0
2019-08-24 16:46:50,2019-08-24,86400,,daily_unique_reset_each_window,1,snowflakes-2019-08.tar.xz:snowflakes-2019-08/24/2019-08-24-16-46-50-snowflake-stats,2613.0,,,,,,,,,3606496.0,160.0,,0.0,,,,12.0,30.0,25.0,,598.0,183.0
2019-08-25 16:46:50,2019-08-25,86400,,daily_unique_reset_each_window,1,snowflakes-2019-08.tar.xz:snowflakes-2019-08/25/2019-08-25-16-46-50-snowflake-stats,2527.0,,,,,,,,,3554032.0,240.0,,0.0,,,,16.0,33.0,19.0,,515.0,173.0
2019-08-26 16:46:50,2019-08-26,86400,,daily_unique_reset_each_window,1,snowflakes-2019-08.tar.xz:snowflakes-2019-08/26/2019-08-26-16-46-50-snowflake-stats,2995.0,,,,,,,,,3634584.0,240.0,,0.0,,,,18.0,33.0,30.0,,641.0,228.0
2019-08-28 14:06:07,2019-08-28,86400,,daily_unique_reset_each_window,1,snowflakes-2019-08.tar.xz:snowflakes-2019-08/28/2019-08-28-14-06-07-snowflake-stats,2954.0,,,,,,,,,3163744.0,224.0,,0.0,,,,25.0,28.0,28.0,,660.0,197.0
2019-08-29 14:06:07,2019-08-29,86400,,daily_unique_reset_each_window,1,snowflakes-2019-08.tar.xz:snowflakes-2019-08/29/2019-08-29-14-06-07-snowflake-stats,3091.0,,,,,,,,,3108264.0,368.0,,0.0,,,,26.0,31.0,33.0,,711.0,193.0
2019-08-30 14:06:07,2019-08-30,86400,,daily_unique_reset_each_window,1,snowflakes-2019-08.tar.xz:snowflakes-2019-08/30/2019-08-30-14-06-07-snowflake-stats,3182.0,,,,,,,,,3022672.0,376.0,,0.0,,,,14.0,32.0,48.0,,738.0,196.0
2019-08-31 14:06:07,2019-08-31,86400,,daily_unique_reset_each_window,1,snowflakes-2019-08.tar.xz:snowflakes-2019-08/31/2019-08-31-14-06-07-snowflake-stats,2861.0,,,,,,,,,2941872.0,368.0,,0.0,,,,17.0,36.0,60.0,,654.0,170.0
2019-09-01 14:06:07,2019-09-01,86400,,daily_unique_reset_each_window,1,snowflakes-2019-09.tar.xz:snowflakes-2019-09/01/2019-09-01-14-06-07-snowflake-stats,2655.0,,,,,,,,,2889816.0,264.0,,0.0,,,,21.0,32.0,29.0,,570.0,187.0
2019-09-02 14:06:07,2019-09-02,86400,,daily_unique_reset_each_window,1,snowflakes-2019-09.tar.xz:snowflakes-2019-09/02/2019-09-02-14-06-07-snowflake-stats,2904.0,,,,,,,,,2866576.0,456.0,,0.0,,,,22.0,28.0,41.0,,580.0,197.0
2019-09-03 17:27:48,2019-09-03,86400,,daily_unique_reset_each_window,1,snowflakes-2019-09.tar.xz:snowflakes-2019-09/03/2019-09-03-17-27-48-snowflake-stats,3030.0,,,,,,,,,2972904.0,312.0,,0.0,,,,13.0,36.0,36.0,,728.0,205.0
2019-09-04 17:27:48,2019-09-04,86400,,daily_unique_reset_each_window,1,snowflakes-2019-09.tar.xz:snowflakes-2019-09/04/2019-09-04-17-27-48-snowflake-stats,3195.0,,,,,,,,,3024720.0,536.0,,0.0,,,,25.0,35.0,22.0,,801.0,204.0
2019-09-05 17:27:48,2019-09-05,86400,,daily_unique_reset_each_window,1,snowflakes-2019-09.tar.xz:snowflakes-2019-09/05/2019-09-05-17-27-48-snowflake-stats,3199.0,,,,,,,,,3062776.0,448.0,,0.0,,,,14.0,37.0,61.0,,817.0,193.0
2019-09-06 17:27:48,2019-09-06,86400,,daily_unique_reset_each_window,1,snowflakes-2019-09.tar.xz:snowflakes-2019-09/06/2019-09-06-17-27-48-snowflake-stats,3251.0,,,,,,,,,3093408.0,464.0,,0.0,,,,11.0,32.0,80.0,,851.0,186.0
2019-09-07 17:27:48,2019-09-07,86400,,daily_unique_reset_each_window,1,snowflakes-2019-09.tar.xz:snowflakes-2019-09/07/2019-09-07-17-27-48-snowflake-stats,2935.0,,,,,,,,,3060648.0,328.0,,0.0,,,,17.0,29.0,30.0,,807.0,169.0
2019-09-08 17:27:48,2019-09-08,86400,,daily_unique_reset_each_window,1,snowflakes-2019-09.tar.xz:snowflakes-2019-09/08/2019-09-08-17-27-48-snowflake-stats,2651.0,,,,,,,,,2990696.0,152.0,,0.0,,,,16.0,32.0,32.0,,596.0,166.0
2019-09-09 17:27:48,2019-09-09,86400,,daily_unique_reset_each_window,1,snowflakes-2019-09.tar.xz:snowflakes-2019-09/09/2019-09-09-17-27-48-snowflake-stats,3167.0,,,,,,,,,2932952.0,392.0,,0.0,,,,9.0,32.0,22.0,,785.0,228.0
2019-09-10 17:27:48,2019-09-10,86400,,daily_unique_reset_each_window,1,snowflakes-2019-09.tar.xz:snowflakes-2019-09/10/2019-09-10-17-27-48-snowflake-stats,3594.0,,,,,,,,,3188648.0,224.0,,0.0,,,,5.0,23.0,17.0,,917.0,217.0
2019-09-11 17:27:48,2019-09-11,86400,,daily_unique_reset_each_window,1,snowflakes-2019-09.tar.xz:snowflakes-2019-09/11/2019-09-11-17-27-48-snowflake-stats,3488.0,,,,,,,,,3322536.0,192.0,,0.0,,,,14.0,21.0,19.0,,937.0,188.0
2019-09-13 14:18:42,2019-09-13,86400,,daily_unique_reset_each_window,1,snowflakes-2019-09.tar.xz:snowflakes-2019-09/13/2019-09-13-14-18-42-snowflake-stats,3555.0,,,,,,,,,3290024.0,392.0,,0.0,,,,6.0,28.0,11.0,,949.0,207.0
2019-09-14 14:18:42,2019-09-14,86400,,daily_unique_reset_each_window,1,snowflakes-2019-09.tar.xz:snowflakes-2019-09/14/2019-09-14-14-18-42-snowflake-stats,3291.0,,,,,,,,,3156200.0,336.0,,0.0,,,,9.0,21.0,11.0,,874.0,207.0
2019-09-15 14:18:42,2019-09-15,86400,,daily_unique_reset_each_window,1,snowflakes-2019-09.tar.xz:snowflakes-2019-09/15/2019-09-15-14-18-42-snowflake-stats,2959.0,,,,,,,,,3219392.0,288.0,,0.0,,,,15.0,13.0,14.0,,735.0,232.0
2019-09-16 14:18:42,2019-09-16,86400,,daily_unique_reset_each_window,1,snowflakes-2019-09.tar.xz:snowflakes-2019-09/16/2019-09-16-14-18-42-snowflake-stats,3990.0,,,,,,,,,3319488.0,368.0,,0.0,,,,23.0,74.0,42.0,,903.0,233.0
2019-09-17 14:18:42,2019-09-17,86400,,daily_unique_reset_each_window,1,snowflakes-2019-09.tar.xz:snowflakes-2019-09/17/2019-09-17-14-18-42-snowflake-stats,3750.0,,,,,,,,,3360432.0,552.0,,0.0,,,,19.0,25.0,21.0,,957.0,227.0
2019-09-18 14:18:42,2019-09-18,86400,,daily_unique_reset_each_window,1,snowflakes-2019-09.tar.xz:snowflakes-2019-09/18/2019-09-18-14-18-42-snowflake-stats,3697.0,,,,,,,,,3221584.0,584.0,,0.0,,,,14.0,36.0,41.0,,968.0,232.0
2019-09-19 14:18:42,2019-09-19,86400,,daily_unique_reset_each_window,1,snowflakes-2019-09.tar.xz:snowflakes-2019-09/19/2019-09-19-14-18-42-snowflake-stats,3933.0,,,,,,,,,3272016.0,400.0,,0.0,,,,11.0,39.0,30.0,,1015.0,224.0
2019-09-20 14:18:42,2019-09-20,86400,,daily_unique_reset_each_window,1,snowflakes-2019-09.tar.xz:snowflakes-2019-09/20/2019-09-20-14-18-42-snowflake-stats,3459.0,,,,,,,,,3307792.0,272.0,,0.0,,,,7.0,24.0,24.0,,908.0,230.0
2019-09-21 14:18:42,2019-09-21,86400,,daily_unique_reset_each_window,1,snowflakes-2019-09.tar.xz:snowflakes-2019-09/21/2019-09-21-14-18-42-snowflake-stats,3474.0,,,,,,,,,3287280.0,208.0,,0.0,,,,12.0,25.0,122.0,,911.0,238.0
2019-09-22 14:18:42,2019-09-22,86400,,daily_unique_reset_each_window,1,snowflakes-2019-09.tar.xz:snowflakes-2019-09/22/2019-09-22-14-18-42-snowflake-stats,3131.0,,,,,,,,,3314848.0,168.0,,0.0,,,,16.0,26.0,14.0,,750.0,230.0
2019-09-23 14:18:42,2019-09-23,86400,,daily_unique_reset_each_window,1,snowflakes-2019-09.tar.xz:snowflakes-2019-09/23/2019-09-23-14-18-42-snowflake-stats,3418.0,,,,,,,,,3541000.0,184.0,,0.0,,,,21.0,25.0,92.0,,766.0,228.0
2019-09-24 14:18:42,2019-09-24,86400,,daily_unique_reset_each_window,1,snowflakes-2019-09.tar.xz:snowflakes-2019-09/24/2019-09-24-14-18-42-snowflake-stats,3824.0,,,,,,,,,3460352.0,208.0,,0.0,,,,29.0,36.0,149.0,,994.0,220.0
2019-09-25 14:18:42,2019-09-25,86400,,daily_unique_reset_each_window,1,snowflakes-2019-09.tar.xz:snowflakes-2019-09/25/2019-09-25-14-18-42-snowflake-stats,4048.0,,,,,,,,,3430392.0,192.0,,0.0,,,,23.0,31.0,413.0,,936.0,234.0
2019-09-26 14:18:42,2019-09-26,86400,,daily_unique_reset_each_window,1,snowflakes-2019-09.tar.xz:snowflakes-2019-09/26/2019-09-26-14-18-42-snowflake-stats,4261.0,,,,,,,,,3429104.0,280.0,,0.0,,,,14.0,33.0,530.0,,930.0,246.0
2019-09-27 14:18:42,2019-09-27,86400,,daily_unique_reset_each_window,1,snowflakes-2019-09.tar.xz:snowflakes-2019-09/27/2019-09-27-14-18-42-snowflake-stats,3970.0,,,,,,,,,3496680.0,368.0,,0.0,,,,9.0,33.0,259.0,,956.0,244.0
2019-09-28 14:18:42,2019-09-28,86400,,daily_unique_reset_each_window,1,snowflakes-2019-09.tar.xz:snowflakes-2019-09/28/2019-09-28-14-18-42-snowflake-stats,3402.0,,,,,,,,,3417560.0,184.0,,0.0,,,,15.0,36.0,17.0,,894.0,240.0
2019-09-29 14:18:42,2019-09-29,86400,,daily_unique_reset_each_window,1,snowflakes-2019-09.tar.xz:snowflakes-2019-09/29/2019-09-29-14-18-42-snowflake-stats,3085.0,,,,,,,,,3414832.0,152.0,,0.0,,,,13.0,30.0,30.0,,777.0,218.0
2019-09-30 14:18:42,2019-09-30,86400,,daily_unique_reset_each_window,1,snowflakes-2019-09.tar.xz:snowflakes-2019-09/30/2019-09-30-14-18-42-snowflake-stats,3509.0,,,,,,,,,3499200.0,32.0,,0.0,,,,15.0,36.0,89.0,,871.0,254.0
2019-10-01 14:18:42,2019-10-01,86400,,daily_unique_reset_each_window,1,snowflakes-2019-10.tar.xz:snowflakes-2019-10/01/2019-10-01-14-18-42-snowflake-stats,3646.0,,,,,,,,,3560608.0,192.0,,0.0,,,,13.0,35.0,16.0,,937.0,226.0
2019-10-02 14:18:42,2019-10-02,86400,,daily_unique_reset_each_window,1,snowflakes-2019-10.tar.xz:snowflakes-2019-10/02/2019-10-02-14-18-42-snowflake-stats,3683.0,,,,,,,,,3566136.0,256.0,,0.0,,,,13.0,36.0,27.0,1.0,982.0,239.0
2019-10-03 14:18:42,2019-10-03,86400,,daily_unique_reset_each_window,1,snowflakes-2019-10.tar.xz:snowflakes-2019-10/03/2019-10-03-14-18-42-snowflake-stats,3729.0,,,,,,,,,3515352.0,664.0,,0.0,,,,15.0,44.0,19.0,,984.0,226.0
2019-10-04 14:18:42,2019-10-04,86400,,daily_unique_reset_each_window,1,snowflakes-2019-10.tar.xz:snowflakes-2019-10/04/2019-10-04-14-18-42-snowflake-stats,3728.0,,,,,,,,,3484472.0,320.0,,0.0,,,,12.0,39.0,14.0,,1011.0,219.0
2019-10-05 14:18:42,2019-10-05,86400,,daily_unique_reset_each_window,1,snowflakes-2019-10.tar.xz:snowflakes-2019-10/05/2019-10-05-14-18-42-snowflake-stats,3408.0,,,,,,,,,3410200.0,304.0,,0.0,,,,14.0,41.0,19.0,,904.0,220.0
2019-10-06 14:18:42,2019-10-06,86400,,daily_unique_reset_each_window,1,snowflakes-2019-10.tar.xz:snowflakes-2019-10/06/2019-10-06-14-18-42-snowflake-stats,3134.0,,,,,,,,,3546592.0,224.0,,0.0,,,,16.0,37.0,18.0,,780.0,207.0
2019-10-07 14:18:42,2019-10-07,86400,,daily_unique_reset_each_window,1,snowflakes-2019-10.tar.xz:snowflakes-2019-10/07/2019-10-07-14-18-42-snowflake-stats,3535.0,,,,,,,,,3515288.0,408.0,,0.0,,,,19.0,36.0,19.0,,831.0,217.0
2019-10-08 14:18:42,2019-10-08,86400,,daily_unique_reset_each_window,1,snowflakes-2019-10.tar.xz:snowflakes-2019-10/08/2019-10-08-14-18-42-snowflake-stats,3893.0,,,,,,,,,3487056.0,608.0,,0.0,,,,24.0,42.0,45.0,,991.0,261.0
2019-10-09 14:18:42,2019-10-09,86400,,daily_unique_reset_each_window,1,snowflakes-2019-10.tar.xz:snowflakes-2019-10/09/2019-10-09-14-18-42-snowflake-stats,3890.0,,,,,,,,,3469848.0,544.0,,0.0,,,,15.0,42.0,56.0,,1070.0,240.0
2019-10-10 14:18:42,2019-10-10,86400,,daily_unique_reset_each_window,1,snowflakes-2019-10.tar.xz:snowflakes-2019-10/10/2019-10-10-14-18-42-snowflake-stats,3951.0,,,,,,,,,3507144.0,448.0,,0.0,,,,14.0,44.0,47.0,,1071.0,244.0
2019-10-12 14:29:08,2019-10-12,86400,,daily_unique_reset_each_window,1,snowflakes-2019-10.tar.xz:snowflakes-2019-10/12/2019-10-12-14-29-08-snowflake-stats,3481.0,,,,,,,,,3627488.0,520.0,,0.0,,,,20.0,40.0,48.0,,847.0,245.0
2019-10-13 14:29:08,2019-10-13,86400,,daily_unique_reset_each_window,1,snowflakes-2019-10.tar.xz:snowflakes-2019-10/13/2019-10-13-14-29-08-snowflake-stats,3108.0,,,,,,,,,3437840.0,760.0,,0.0,,,,23.0,34.0,26.0,,730.0,213.0
2019-10-14 14:29:08,2019-10-14,86400,,daily_unique_reset_each_window,1,snowflakes-2019-10.tar.xz:snowflakes-2019-10/14/2019-10-14-14-29-08-snowflake-stats,3409.0,,,,,,,,,3444104.0,608.0,,0.0,,,,25.0,42.0,34.0,,793.0,267.0
2019-10-15 14:29:08,2019-10-15,86400,,daily_unique_reset_each_window,1,snowflakes-2019-10.tar.xz:snowflakes-2019-10/15/2019-10-15-14-29-08-snowflake-stats,3848.0,,,,,,,,,3473504.0,568.0,,0.0,,,,23.0,33.0,67.0,,949.0,228.0
2019-10-16 14:29:08,2019-10-16,86400,,daily_unique_reset_each_window,1,snowflakes-2019-10.tar.xz:snowflakes-2019-10/16/2019-10-16-14-29-08-snowflake-stats,3925.0,,,,,,,,,3510344.0,984.0,,0.0,,,,13.0,38.0,49.0,,965.0,246.0
2019-10-17 14:29:08,2019-10-17,86400,,daily_unique_reset_each_window,1,snowflakes-2019-10.tar.xz:snowflakes-2019-10/17/2019-10-17-14-29-08-snowflake-stats,4106.0,,,,,,,,,3571432.0,928.0,,0.0,,,,14.0,45.0,62.0,,1043.0,266.0
2019-10-18 14:29:08,2019-10-18,86400,,daily_unique_reset_each_window,1,snowflakes-2019-10.tar.xz:snowflakes-2019-10/18/2019-10-18-14-29-08-snowflake-stats,4323.0,,,,,,,,,3836136.0,1216.0,,0.0,,,,13.0,55.0,105.0,,1125.0,282.0
2019-10-19 14:29:08,2019-10-19,86400,,daily_unique_reset_each_window,1,snowflakes-2019-10.tar.xz:snowflakes-2019-10/19/2019-10-19-14-29-08-snowflake-stats,4140.0,,,,,,,,,3955072.0,720.0,,0.0,,,,17.0,48.0,59.0,,1022.0,408.0
2019-10-20 14:29:08,2019-10-20,86400,,daily_unique_reset_each_window,1,snowflakes-2019-10.tar.xz:snowflakes-2019-10/20/2019-10-20-14-29-08-snowflake-stats,3773.0,,,,,,,,,3945680.0,696.0,,0.0,,,,15.0,51.0,22.0,,849.0,402.0
2019-10-21 14:29:08,2019-10-21,86400,,daily_unique_reset_each_window,1,snowflakes-2019-10.tar.xz:snowflakes-2019-10/21/2019-10-21-14-29-08-snowflake-stats,4292.0,,,,,,,,,4129592.0,952.0,,0.0,,,,20.0,49.0,31.0,,985.0,472.0
2019-10-22 14:29:08,2019-10-22,86400,,daily_unique_reset_each_window,1,snowflakes-2019-10.tar.xz:snowflakes-2019-10/22/2019-10-22-14-29-08-snowflake-stats,4552.0,,,,,,,,,4357544.0,848.0,,0.0,,,,23.0,57.0,58.0,,1118.0,502.0
2019-10-23 14:29:08,2019-10-23,86400,,daily_unique_reset_each_window,1,snowflakes-2019-10.tar.xz:snowflakes-2019-10/23/2019-10-23-14-29-08-snowflake-stats,4752.0,,,,,,,,,4208000.0,1008.0,,0.0,,,,32.0,55.0,66.0,,1132.0,484.0
2019-10-24 14:29:08,2019-10-24,86400,,daily_unique_reset_each_window,1,snowflakes-2019-10.tar.xz:snowflakes-2019-10/24/2019-10-24-14-29-08-snowflake-stats,4709.0,,,,,,,,,4363424.0,648.0,,0.0,,,,28.0,52.0,39.0,,1182.0,500.0
2019-10-25 14:29:08,2019-10-25,86400,,daily_unique_reset_each_window,1,snowflakes-2019-10.tar.xz:snowflakes-2019-10/25/2019-10-25-14-29-08-snowflake-stats,4692.0,,,,,,,,,4272104.0,1216.0,,0.0,,,,12.0,64.0,48.0,,1144.0,536.0
2019-10-26 14:29:08,2019-10-26,86400,,daily_unique_reset_each_window,1,snowflakes-2019-10.tar.xz:snowflakes-2019-10/26/2019-10-26-14-29-08-snowflake-stats,4158.0,,,,,,,,,4105472.0,424.0,,0.0,,,,26.0,40.0,47.0,,1023.0,455.0
2019-10-27 14:29:08,2019-10-27,86400,,daily_unique_reset_each_window,1,snowflakes-2019-10.tar.xz:snowflakes-2019-10/27/2019-10-27-14-29-08-snowflake-stats,3772.0,,,,,,,,,4121936.0,224.0,,0.0,,,,25.0,43.0,17.0,,828.0,445.0
2019-10-28 14:29:08,2019-10-28,86400,,daily_unique_reset_each_window,1,snowflakes-2019-10.tar.xz:snowflakes-2019-10/28/2019-10-28-14-29-08-snowflake-stats,4310.0,,,,,,,,,4223192.0,560.0,,0.0,,,,25.0,69.0,62.0,,985.0,441.0
2019-10-29 14:29:08,2019-10-29,86400,,daily_unique_reset_each_window,1,snowflakes-2019-10.tar.xz:snowflakes-2019-10/29/2019-10-29-14-29-08-snowflake-stats,4925.0,,,,,,,,,1954792.0,504.0,,0.0,,,,19.0,53.0,44.0,,1296.0,507.0
2019-10-30 14:29:08,2019-10-30,86400,,daily_unique_reset_each_window,1,snowflakes-2019-10.tar.xz:snowflakes-2019-10/30/2019-10-30-14-29-08-snowflake-stats,4837.0,,,,,,,,,761904.0,512.0,,0.0,,,,18.0,58.0,36.0,,1314.0,487.0
2019-10-31 14:29:08,2019-10-31,86400,,daily_unique_reset_each_window,1,snowflakes-2019-10.tar.xz:snowflakes-2019-10/31/2019-10-31-14-29-08-snowflake-stats,4676.0,,,,,,,,,657616.0,608.0,,0.0,,,,14.0,58.0,21.0,,1212.0,499.0
2019-11-01 14:29:08,2019-11-01,86400,,daily_unique_reset_each_window,1,snowflakes-2019-11.tar.xz:snowflakes-2019-11/01/2019-11-01-14-29-08-snowflake-stats,4467.0,,,,,,,,,643112.0,560.0,,0.0,,,,25.0,56.0,33.0,,1191.0,458.0
2019-11-02 14:29:08,2019-11-02,86400,,daily_unique_reset_each_window,1,snowflakes-2019-11.tar.xz:snowflakes-2019-11/02/2019-11-02-14-29-08-snowflake-stats,4332.0,,,,,,,,,629696.0,456.0,,0.0,,,,20.0,46.0,51.0,,1185.0,489.0
2019-11-03 14:29:08,2019-11-03,86400,,daily_unique_reset_each_window,1,snowflakes-2019-11.tar.xz:snowflakes-2019-11/03/2019-11-03-14-29-08-snowflake-stats,3917.0,,,,,,,,,578000.0,752.0,,0.0,,,,18.0,62.0,18.0,,980.0,420.0
2019-11-04 14:29:08,2019-11-04,86400,,daily_unique_reset_each_window,1,snowflakes-2019-11.tar.xz:snowflakes-2019-11/04/2019-11-04-14-29-08-snowflake-stats,4294.0,,,,,,,,,614712.0,472.0,,0.0,,,,17.0,50.0,19.0,,1055.0,461.0
2019-11-05 14:29:08,2019-11-05,86400,,daily_unique_reset_each_window,1,snowflakes-2019-11.tar.xz:snowflakes-2019-11/05/2019-11-05-14-29-08-snowflake-stats,4769.0,,,,,,,,,602816.0,864.0,,0.0,,,,15.0,69.0,43.0,,1184.0,486.0
2019-11-06 14:29:08,2019-11-06,86400,,daily_unique_reset_each_window,1,snowflakes-2019-11.tar.xz:snowflakes-2019-11/06/2019-11-06-14-29-08-snowflake-stats,4729.0,,,,,,,,,619936.0,792.0,,0.0,,,,18.0,63.0,56.0,,1189.0,492.0
2019-11-07 14:29:08,2019-11-07,86400,,daily_unique_reset_each_window,1,snowflakes-2019-11.tar.xz:snowflakes-2019-11/07/2019-11-07-14-29-08-snowflake-stats,4708.0,,,,,,,,,651912.0,712.0,,0.0,,,,18.0,50.0,101.0,,1163.0,479.0
2019-11-08 14:29:08,2019-11-08,86400,,daily_unique_reset_each_window,1,snowflakes-2019-11.tar.xz:snowflakes-2019-11/08/2019-11-08-14-29-08-snowflake-stats,4538.0,,,,,,,,,625600.0,800.0,,0.0,,,,15.0,60.0,41.0,,1146.0,506.0
2019-11-09 14:29:08,2019-11-09,86400,,daily_unique_reset_each_window,1,snowflakes-2019-11.tar.xz:snowflakes-2019-11/09/2019-11-09-14-29-08-snowflake-stats,4277.0,,,,,,,,,635736.0,504.0,,0.0,,,,18.0,45.0,30.0,,1053.0,482.0
2019-11-10 14:29:08,2019-11-10,86400,,daily_unique_reset_each_window,1,snowflakes-2019-11.tar.xz:snowflakes-2019-11/10/2019-11-10-14-29-08-snowflake-stats,3788.0,,,,,,,,,553040.0,776.0,,0.0,,,,19.0,54.0,17.0,,894.0,423.0
2019-11-11 14:29:08,2019-11-11,86400,,daily_unique_reset_each_window,1,snowflakes-2019-11.tar.xz:snowflakes-2019-11/11/2019-11-11-14-29-08-snowflake-stats,4331.0,,,,,,,,,597816.0,616.0,,0.0,,,,19.0,65.0,52.0,,915.0,495.0
2019-11-12 14:29:08,2019-11-12,86400,,daily_unique_reset_each_window,1,snowflakes-2019-11.tar.xz:snowflakes-2019-11/12/2019-11-12-14-29-08-snowflake-stats,4669.0,,,,,,,,,625784.0,688.0,,0.0,,,,14.0,60.0,54.0,,1095.0,498.0
2019-11-13 14:29:08,2019-11-13,86400,,daily_unique_reset_each_window,1,snowflakes-2019-11.tar.xz:snowflakes-2019-11/13/2019-11-13-14-29-08-snowflake-stats,4609.0,,,,,,,,,624064.0,776.0,,0.0,,,,15.0,63.0,50.0,,1110.0,502.0
2019-11-14 20:42:57,2019-11-14,86400,,daily_unique_reset_each_window,1,snowflakes-2019-11.tar.xz:snowflakes-2019-11/14/2019-11-14-20-42-57-snowflake-stats,3500.0,,,,,,,,,228072.0,1008.0,,0.0,,,,3.0,45.0,37.0,,786.0,383.0
2019-11-15 20:42:57,2019-11-15,86400,,daily_unique_reset_each_window,1,snowflakes-2019-11.tar.xz:snowflakes-2019-11/15/2019-11-15-20-42-57-snowflake-stats,1667.0,,,,,,,,,105296.0,408.0,,0.0,,,,1.0,19.0,3.0,,357.0,184.0
2019-11-16 20:42:57,2019-11-16,86400,,daily_unique_reset_each_window,1,snowflakes-2019-11.tar.xz:snowflakes-2019-11/16/2019-11-16-20-42-57-snowflake-stats,80.0,,,,,,,,,21280.0,0.0,,0.0,,,,,,,,19.0,6.0
2019-11-17 20:42:57,2019-11-17,86400,artifact_low_proxy_count,daily_unique_reset_each_window,1,snowflakes-2019-11.tar.xz:snowflakes-2019-11/17/2019-11-17-20-42-57-snowflake-stats,20.0,,,,,,,,,3136.0,0.0,,0.0,,,,,,,,6.0,1.0
2019-11-18 20:42:57,2019-11-18,86400,artifact_low_proxy_count,daily_unique_reset_each_window,1,snowflakes-2019-11.tar.xz:snowflakes-2019-11/18/2019-11-18-20-42-57-snowflake-stats,4.0,,,,,,,,,864.0,0.0,,0.0,,,,,,,,2.0,
2019-11-19 20:42:57,2019-11-19,86400,artifact_low_proxy_count,daily_unique_reset_each_window,1,snowflakes-2019-11.tar.xz:snowflakes-2019-11/19/2019-11-19-20-42-57-snowflake-stats,2.0,,,,,,,,,424.0,0.0,,0.0,,,,,,,,1.0,
2019-11-20 20:42:57,2019-11-20,86400,artifact_low_proxy_count,daily_unique_reset_each_window,1,snowflakes-2019-11.tar.xz:snowflakes-2019-11/20/2019-11-20-20-42-57-snowflake-stats,1.0,,,,,,,,,288.0,0.0,,0.0,,,,,,,,,
2019-11-21 20:42:57,2019-11-21,86400,artifact_low_proxy_count,daily_unique_reset_each_window,1,snowflakes-2019-11.tar.xz:snowflakes-2019-11/21/2019-11-21-20-42-57-snowflake-stats,1.0,,,,,,,,,288.0,0.0,,0.0,,,,,,,,,
2019-11-24 08:24:18,2019-11-23,86400,,daily_unique_reset_each_window,1,snowflakes-2019-11.tar.xz:snowflakes-2019-11/24/2019-11-24-08-24-18-snowflake-stats,3915.0,,,,,,,,,268432.0,488.0,,0.0,,,,11.0,42.0,20.0,,703.0,492.0
2019-11-25 08:24:18,2019-11-24,86400,,daily_unique_reset_each_window,1,snowflakes-2019-11.tar.xz:snowflakes-2019-11/25/2019-11-25-08-24-18-snowflake-stats,4182.0,,,,,,,,,268368.0,744.0,,0.0,,,,12.0,50.0,18.0,,774.0,534.0
2019-11-26 08:24:18,2019-11-25,86400,,daily_unique_reset_each_window,1,snowflakes-2019-11.tar.xz:snowflakes-2019-11/26/2019-11-26-08-24-18-snowflake-stats,4237.0,,,,,,,,,273112.0,728.0,,0.0,,,,13.0,39.0,26.0,,812.0,505.0
2019-11-27 08:24:18,2019-11-26,86400,,daily_unique_reset_each_window,1,snowflakes-2019-11.tar.xz:snowflakes-2019-11/27/2019-11-27-08-24-18-snowflake-stats,4344.0,,,,,,,,,269080.0,1048.0,,0.0,,,,10.0,38.0,33.0,,823.0,542.0
2019-11-28 08:24:18,2019-11-27,86400,,daily_unique_reset_each_window,1,snowflakes-2019-11.tar.xz:snowflakes-2019-11/28/2019-11-28-08-24-18-snowflake-stats,4491.0,,,,,,,,,266728.0,1032.0,,0.0,,,,9.0,47.0,45.0,,823.0,555.0
2019-11-29 08:24:18,2019-11-28,86400,,daily_unique_reset_each_window,1,snowflakes-2019-11.tar.xz:snowflakes-2019-11/29/2019-11-29-08-24-18-snowflake-stats,4136.0,,,,,,,,,256776.0,664.0,,0.0,,,,10.0,47.0,56.0,,682.0,545.0
2019-11-30 08:24:18,2019-11-29,86400,,daily_unique_reset_each_window,1,snowflakes-2019-11.tar.xz:snowflakes-2019-11/30/2019-11-30-08-24-18-snowflake-stats,4079.0,,,,,,,,,258168.0,1000.0,,0.0,,,,9.0,43.0,52.0,,701.0,525.0
2019-12-01 08:24:18,2019-11-30,86400,,daily_unique_reset_each_window,1,snowflakes-2019-12.tar.xz:snowflakes-2019-12/01/2019-12-01-08-24-18-snowflake-stats,3743.0,,,,,,,,,262304.0,592.0,,0.0,,,,7.0,40.0,35.0,,698.0,478.0
2019-12-02 08:24:18,2019-12-01,86400,,daily_unique_reset_each_window,1,snowflakes-2019-12.tar.xz:snowflakes-2019-12/02/2019-12-02-08-24-18-snowflake-stats,4105.0,,,,,,,,,260864.0,1000.0,,0.0,,,,8.0,57.0,36.0,,802.0,487.0
2019-12-03 08:24:18,2019-12-02,86400,,daily_unique_reset_each_window,1,snowflakes-2019-12.tar.xz:snowflakes-2019-12/03/2019-12-03-08-24-18-snowflake-stats,4445.0,,,,,,,,,273664.0,944.0,,0.0,,,,8.0,39.0,36.0,,918.0,508.0
2019-12-06 16:16:04,2019-12-06,86400,,daily_unique_reset_each_window,1,snowflakes-2019-12.tar.xz:snowflakes-2019-12/06/2019-12-06-16-16-04-snowflake-stats,4964.0,4599.0,3.0,,0.0,,,,,312264.0,1600.0,,0.0,,,,13.0,50.0,24.0,,1040.0,663.0
2019-12-07 16:16:04,2019-12-07,86400,,daily_unique_reset_each_window,1,snowflakes-2019-12.tar.xz:snowflakes-2019-12/07/2019-12-07-16-16-04-snowflake-stats,4616.0,4298.0,4.0,,0.0,,,,,299872.0,1920.0,,0.0,,,,15.0,50.0,18.0,,999.0,602.0
2019-12-08 16:16:04,2019-12-08,86400,,daily_unique_reset_each_window,1,snowflakes-2019-12.tar.xz:snowflakes-2019-12/08/2019-12-08-16-16-04-snowflake-stats,4443.0,4118.0,3.0,,0.0,,,,,299480.0,624.0,,0.0,,,,10.0,50.0,24.0,,921.0,601.0
2019-12-09 16:16:04,2019-12-09,86400,,daily_unique_reset_each_window,1,snowflakes-2019-12.tar.xz:snowflakes-2019-12/09/2019-12-09-16-16-04-snowflake-stats,4627.0,4432.0,3.0,,0.0,,,,,307936.0,1016.0,,0.0,,,,9.0,56.0,39.0,,937.0,610.0
2019-12-10 16:16:04,2019-12-10,86400,,daily_unique_reset_each_window,1,snowflakes-2019-12.tar.xz:snowflakes-2019-12/10/2019-12-10-16-16-04-snowflake-stats,5147.0,4912.0,5.0,,0.0,,,,,321552.0,1000.0,,0.0,,,,9.0,53.0,46.0,,1093.0,668.0
2019-12-11 16:16:04,2019-12-11,86400,,daily_unique_reset_each_window,1,snowflakes-2019-12.tar.xz:snowflakes-2019-12/11/2019-12-11-16-16-04-snowflake-stats,5103.0,4918.0,4.0,,0.0,,,,,333032.0,456.0,,0.0,,,,13.0,50.0,27.0,,1008.0,626.0
2019-12-12 16:16:04,2019-12-12,86400,,daily_unique_reset_each_window,1,snowflakes-2019-12.tar.xz:snowflakes-2019-12/12/2019-12-12-16-16-04-snowflake-stats,5154.0,4961.0,5.0,,0.0,,,,,335320.0,672.0,,0.0,,,,7.0,66.0,30.0,,1038.0,608.0
2019-12-13 16:16:04,2019-12-13,86400,,daily_unique_reset_each_window,1,snowflakes-2019-12.tar.xz:snowflakes-2019-12/13/2019-12-13-16-16-04-snowflake-stats,5012.0,4827.0,8.0,,1.0,,,,,325448.0,544.0,,0.0,,,,11.0,59.0,23.0,,1009.0,618.0
2019-12-14 16:16:04,2019-12-14,86400,,daily_unique_reset_each_window,1,snowflakes-2019-12.tar.xz:snowflakes-2019-12/14/2019-12-14-16-16-04-snowflake-stats,4759.0,4554.0,17.0,,0.0,,,,,340176.0,384.0,,0.0,,,,11.0,63.0,23.0,,967.0,615.0
2019-12-15 16:16:04,2019-12-15,86400,,daily_unique_reset_each_window,1,snowflakes-2019-12.tar.xz:snowflakes-2019-12/15/2019-12-15-16-16-04-snowflake-stats,4499.0,4344.0,7.0,,0.0,,,,,331576.0,592.0,,0.0,,,,8.0,68.0,21.0,,922.0,580.0
2019-12-16 16:16:04,2019-12-16,86400,,daily_unique_reset_each_window,1,snowflakes-2019-12.tar.xz:snowflakes-2019-12/16/2019-12-16-16-16-04-snowflake-stats,4892.0,4719.0,6.0,,0.0,,,,,322760.0,528.0,,0.0,,,,13.0,70.0,24.0,,978.0,652.0
2019-12-17 16:16:04,2019-12-17,86400,,daily_unique_reset_each_window,1,snowflakes-2019-12.tar.xz:snowflakes-2019-12/17/2019-12-17-16-16-04-snowflake-stats,4870.0,4720.0,5.0,,0.0,,,,,323240.0,376.0,,0.0,,,,10.0,67.0,29.0,,982.0,597.0
2019-12-18 16:16:04,2019-12-18,86400,,daily_unique_reset_each_window,1,snowflakes-2019-12.tar.xz:snowflakes-2019-12/18/2019-12-18-16-16-04-snowflake-stats,4883.0,4768.0,5.0,,0.0,,,,,315712.0,536.0,,0.0,,,,12.0,59.0,28.0,,937.0,621.0
2019-12-19 16:16:04,2019-12-19,86400,,daily_unique_reset_each_window,1,snowflakes-2019-12.tar.xz:snowflakes-2019-12/19/2019-12-19-16-16-04-snowflake-stats,5001.0,4877.0,7.0,,0.0,,,,,317400.0,776.0,,0.0,,,,9.0,66.0,31.0,,973.0,633.0
2019-12-20 16:16:04,2019-12-20,86400,,daily_unique_reset_each_window,1,snowflakes-2019-12.tar.xz:snowflakes-2019-12/20/2019-12-20-16-16-04-snowflake-stats,4832.0,4701.0,4.0,,0.0,,,,,310840.0,808.0,,0.0,,,,13.0,63.0,25.0,,989.0,591.0
2019-12-21 16:16:04,2019-12-21,86400,,daily_unique_reset_each_window,1,snowflakes-2019-12.tar.xz:snowflakes-2019-12/21/2019-12-21-16-16-04-snowflake-stats,4548.0,4417.0,5.0,,0.0,,,,,306512.0,480.0,,0.0,,,,6.0,62.0,24.0,,900.0,564.0
2019-12-22 16:16:04,2019-12-22,86400,,daily_unique_reset_each_window,1,snowflakes-2019-12.tar.xz:snowflakes-2019-12/22/2019-12-22-16-16-04-snowflake-stats,4270.0,4089.0,4.0,,0.0,,,,,303144.0,576.0,,0.0,,,,6.0,65.0,29.0,,809.0,538.0
2019-12-23 16:16:04,2019-12-23,86400,,daily_unique_reset_each_window,1,snowflakes-2019-12.tar.xz:snowflakes-2019-12/23/2019-12-23-16-16-04-snowflake-stats,4525.0,4357.0,4.0,,0.0,,,,,296488.0,568.0,,0.0,,,,6.0,71.0,27.0,,851.0,560.0
2019-12-24 16:16:04,2019-12-24,86400,,daily_unique_reset_each_window,1,snowflakes-2019-12.tar.xz:snowflakes-2019-12/24/2019-12-24-16-16-04-snowflake-stats,4424.0,4283.0,5.0,,0.0,,,,,295768.0,544.0,,0.0,,,,11.0,63.0,36.0,,851.0,550.0
2019-12-25 16:16:04,2019-12-25,86400,,daily_unique_reset_each_window,1,snowflakes-2019-12.tar.xz:snowflakes-2019-12/25/2019-12-25-16-16-04-snowflake-stats,3890.0,3812.0,5.0,,0.0,,,,,276896.0,384.0,,0.0,,,,9.0,53.0,33.0,,795.0,486.0
2019-12-26 16:16:04,2019-12-26,86400,,daily_unique_reset_each_window,1,snowflakes-2019-12.tar.xz:snowflakes-2019-12/26/2019-12-26-16-16-04-snowflake-stats,3902.0,3830.0,5.0,,0.0,,,,,280704.0,584.0,,0.0,,,,10.0,61.0,30.0,,752.0,459.0
2019-12-27 16:16:04,2019-12-27,86400,,daily_unique_reset_each_window,1,snowflakes-2019-12.tar.xz:snowflakes-2019-12/27/2019-12-27-16-16-04-snowflake-stats,4200.0,4136.0,5.0,,0.0,,,,,294952.0,752.0,,0.0,,,,8.0,54.0,26.0,,771.0,516.0
2019-12-28 16:16:04,2019-12-28,86400,,daily_unique_reset_each_window,1,snowflakes-2019-12.tar.xz:snowflakes-2019-12/28/2019-12-28-16-16-04-snowflake-stats,4254.0,4170.0,5.0,,0.0,,,,,299064.0,280.0,,0.0,,,,5.0,87.0,20.0,,813.0,547.0
2019-12-29 16:16:04,2019-12-29,86400,,daily_unique_reset_each_window,1,snowflakes-2019-12.tar.xz:snowflakes-2019-12/29/2019-12-29-16-16-04-snowflake-stats,4323.0,4149.0,5.0,,0.0,,,,,302952.0,288.0,,0.0,,,,5.0,76.0,13.0,,836.0,579.0
2019-12-30 16:16:04,2019-12-30,86400,,daily_unique_reset_each_window,1,snowflakes-2019-12.tar.xz:snowflakes-2019-12/30/2019-12-30-16-16-04-snowflake-stats,4680.0,4482.0,5.0,,0.0,,,,,310160.0,312.0,,0.0,,,,10.0,69.0,31.0,,892.0,611.0
2019-12-31 16:16:04,2019-12-31,86400,,daily_unique_reset_each_window,1,snowflakes-2019-12.tar.xz:snowflakes-2019-12/31/2019-12-31-16-16-04-snowflake-stats,4577.0,4390.0,5.0,,0.0,,,,,308192.0,280.0,,0.0,,,,5.0,63.0,24.0,,877.0,572.0
2020-01-01 16:16:04,2020-01-01,86400,,daily_unique_reset_each_window,1,snowflakes-2020-01.tar.xz:snowflakes-2020-01/01/2020-01-01-16-16-04-snowflake-stats,3824.0,3654.0,6.0,,0.0,,,,,278176.0,208.0,,0.0,,,,6.0,51.0,20.0,,780.0,516.0
2020-01-02 16:16:04,2020-01-02,86400,,daily_unique_reset_each_window,1,snowflakes-2020-01.tar.xz:snowflakes-2020-01/02/2020-01-02-16-16-04-snowflake-stats,4393.0,4218.0,6.0,,0.0,,,,,293056.0,432.0,,0.0,,,,8.0,49.0,28.0,,895.0,638.0
2020-01-03 16:16:04,2020-01-03,86400,,daily_unique_reset_each_window,1,snowflakes-2020-01.tar.xz:snowflakes-2020-01/03/2020-01-03-16-16-04-snowflake-stats,4695.0,4523.0,5.0,,0.0,,,,,308320.0,552.0,,0.0,,,,7.0,44.0,32.0,,955.0,620.0
2020-01-04 16:16:04,2020-01-04,86400,,daily_unique_reset_each_window,1,snowflakes-2020-01.tar.xz:snowflakes-2020-01/04/2020-01-04-16-16-04-snowflake-stats,4680.0,4516.0,5.0,,0.0,,,,,311216.0,408.0,,0.0,,,,7.0,61.0,35.0,,979.0,633.0
2020-01-05 16:16:04,2020-01-05,86400,,daily_unique_reset_each_window,1,snowflakes-2020-01.tar.xz:snowflakes-2020-01/05/2020-01-05-16-16-04-snowflake-stats,4428.0,4263.0,5.0,,0.0,,,,,310904.0,592.0,,0.0,,,,7.0,67.0,19.0,,870.0,610.0
2020-01-06 16:16:04,2020-01-06,86400,,daily_unique_reset_each_window,1,snowflakes-2020-01.tar.xz:snowflakes-2020-01/06/2020-01-06-16-16-04-snowflake-stats,4937.0,4767.0,7.0,,0.0,,,,,316360.0,632.0,,0.0,,,,4.0,49.0,33.0,,987.0,640.0
2020-01-07 16:16:04,2020-01-07,86400,,daily_unique_reset_each_window,1,snowflakes-2020-01.tar.xz:snowflakes-2020-01/07/2020-01-07-16-16-04-snowflake-stats,5250.0,5079.0,6.0,,0.0,,,,,334576.0,888.0,,0.0,,,,5.0,58.0,29.0,,1106.0,670.0
2020-01-08 16:16:04,2020-01-08,86400,,daily_unique_reset_each_window,1,snowflakes-2020-01.tar.xz:snowflakes-2020-01/08/2020-01-08-16-16-04-snowflake-stats,5212.0,5044.0,4.0,,0.0,,,,,330048.0,680.0,,0.0,,,,9.0,63.0,29.0,,1056.0,700.0
2020-01-09 16:16:04,2020-01-09,86400,,daily_unique_reset_each_window,1,snowflakes-2020-01.tar.xz:snowflakes-2020-01/09/2020-01-09-16-16-04-snowflake-stats,5341.0,5165.0,4.0,,0.0,,,,,331504.0,672.0,,0.0,,,,3.0,61.0,28.0,,1082.0,664.0
2020-01-10 16:16:04,2020-01-10,86400,,daily_unique_reset_each_window,1,snowflakes-2020-01.tar.xz:snowflakes-2020-01/10/2020-01-10-16-16-04-snowflake-stats,5453.0,5290.0,3.0,,0.0,,,,,328824.0,1376.0,,0.0,,,,6.0,71.0,27.0,,1116.0,699.0
2020-01-11 16:16:04,2020-01-11,86400,,daily_unique_reset_each_window,1,snowflakes-2020-01.tar.xz:snowflakes-2020-01/11/2020-01-11-16-16-04-snowflake-stats,5127.0,4972.0,3.0,,0.0,,,,,332664.0,1920.0,,0.0,,,,3.0,59.0,30.0,,1028.0,650.0
2020-01-12 16:16:04,2020-01-12,86400,,daily_unique_reset_each_window,1,snowflakes-2020-01.tar.xz:snowflakes-2020-01/12/2020-01-12-16-16-04-snowflake-stats,4902.0,4734.0,3.0,,0.0,,,,,343016.0,456.0,,0.0,,,,6.0,53.0,36.0,,931.0,668.0
2020-01-13 16:16:04,2020-01-13,86400,,daily_unique_reset_each_window,1,snowflakes-2020-01.tar.xz:snowflakes-2020-01/13/2020-01-13-16-16-04-snowflake-stats,5392.0,5225.0,4.0,,0.0,,,,,334232.0,1880.0,,0.0,,,,7.0,63.0,36.0,,1093.0,649.0
2020-01-14 16:16:04,2020-01-14,86400,,daily_unique_reset_each_window,1,snowflakes-2020-01.tar.xz:snowflakes-2020-01/14/2020-01-14-16-16-04-snowflake-stats,5505.0,5330.0,4.0,,0.0,,,,,343072.0,872.0,,0.0,,,,4.0,57.0,32.0,,1156.0,694.0
2020-01-15 16:16:04,2020-01-15,86400,,daily_unique_reset_each_window,1,snowflakes-2020-01.tar.xz:snowflakes-2020-01/15/2020-01-15-16-16-04-snowflake-stats,5609.0,5431.0,8.0,,0.0,,,,,365152.0,416.0,,0.0,,,,6.0,48.0,34.0,,1152.0,683.0
2020-01-16 16:16:04,2020-01-16,86400,,daily_unique_reset_each_window,1,snowflakes-2020-01.tar.xz:snowflakes-2020-01/16/2020-01-16-16-16-04-snowflake-stats,5478.0,5316.0,6.0,,0.0,,,,,375408.0,560.0,,0.0,,,,7.0,67.0,29.0,,1143.0,672.0
2020-01-17 16:16:04,2020-01-17,86400,,daily_unique_reset_each_window,1,snowflakes-2020-01.tar.xz:snowflakes-2020-01/17/2020-01-17-16-16-04-snowflake-stats,5493.0,5323.0,6.0,,0.0,,,,,367848.0,632.0,,0.0,,,,8.0,63.0,33.0,,1183.0,672.0
2020-01-18 16:16:04,2020-01-18,86400,,daily_unique_reset_each_window,1,snowflakes-2020-01.tar.xz:snowflakes-2020-01/18/2020-01-18-16-16-04-snowflake-stats,5119.0,4953.0,6.0,,0.0,,,,,370360.0,336.0,,0.0,,,,7.0,54.0,32.0,1.0,1092.0,653.0
2020-01-19 16:16:04,2020-01-19,86400,,daily_unique_reset_each_window,1,snowflakes-2020-01.tar.xz:snowflakes-2020-01/19/2020-01-19-16-16-04-snowflake-stats,4882.0,4708.0,9.0,,0.0,,,,,375656.0,416.0,,0.0,,,,7.0,63.0,35.0,,989.0,648.0
2020-01-20 16:16:04,2020-01-20,86400,,daily_unique_reset_each_window,1,snowflakes-2020-01.tar.xz:snowflakes-2020-01/20/2020-01-20-16-16-04-snowflake-stats,5298.0,5130.0,6.0,,0.0,,,,,370312.0,504.0,,0.0,,,,5.0,59.0,28.0,,1084.0,674.0
2020-01-21 16:16:04,2020-01-21,86400,,daily_unique_reset_each_window,1,snowflakes-2020-01.tar.xz:snowflakes-2020-01/21/2020-01-21-16-16-04-snowflake-stats,5417.0,5259.0,5.0,,0.0,,,,,358976.0,776.0,,0.0,,,,5.0,70.0,25.0,,1147.0,675.0
2020-01-22 16:16:04,2020-01-22,86400,,daily_unique_reset_each_window,1,snowflakes-2020-01.tar.xz:snowflakes-2020-01/22/2020-01-22-16-16-04-snowflake-stats,5646.0,5475.0,3.0,,0.0,,,,,361312.0,712.0,,0.0,,,,5.0,54.0,17.0,,1244.0,705.0
2020-01-23 16:16:04,2020-01-23,86400,,daily_unique_reset_each_window,1,snowflakes-2020-01.tar.xz:snowflakes-2020-01/23/2020-01-23-16-16-04-snowflake-stats,5584.0,5418.0,3.0,,0.0,,,,,357280.0,472.0,,0.0,,,,9.0,57.0,23.0,,1249.0,691.0
2020-01-24 16:16:04,2020-01-24,86400,,daily_unique_reset_each_window,1,snowflakes-2020-01.tar.xz:snowflakes-2020-01/24/2020-01-24-16-16-04-snowflake-stats,5619.0,5464.0,3.0,,0.0,,,,,348576.0,440.0,,0.0,,,,8.0,60.0,25.0,,1314.0,689.0
2020-01-25 16:16:04,2020-01-25,86400,,daily_unique_reset_each_window,1,snowflakes-2020-01.tar.xz:snowflakes-2020-01/25/2020-01-25-16-16-04-snowflake-stats,5146.0,4971.0,3.0,,3.0,,,,,348112.0,640.0,,0.0,,,,7.0,57.0,14.0,,1149.0,644.0
2020-01-26 16:16:04,2020-01-26,86400,,daily_unique_reset_each_window,1,snowflakes-2020-01.tar.xz:snowflakes-2020-01/26/2020-01-26-16-16-04-snowflake-stats,4939.0,4774.0,4.0,,0.0,,,,,365104.0,440.0,,0.0,,,,7.0,62.0,16.0,,1088.0,592.0
2020-01-27 16:16:04,2020-01-27,86400,,daily_unique_reset_each_window,1,snowflakes-2020-01.tar.xz:snowflakes-2020-01/27/2020-01-27-16-16-04-snowflake-stats,5447.0,5270.0,7.0,,0.0,,,,,389264.0,472.0,,0.0,,,,10.0,60.0,18.0,,1194.0,654.0
2020-01-28 16:16:04,2020-01-28,86400,,daily_unique_reset_each_window,1,snowflakes-2020-01.tar.xz:snowflakes-2020-01/28/2020-01-28-16-16-04-snowflake-stats,5390.0,5226.0,6.0,,0.0,,,,,388328.0,424.0,,0.0,,,,9.0,65.0,19.0,,1160.0,652.0
2020-01-29 16:16:04,2020-01-29,86400,,daily_unique_reset_each_window,1,snowflakes-2020-01.tar.xz:snowflakes-2020-01/29/2020-01-29-16-16-04-snowflake-stats,5493.0,5313.0,6.0,,0.0,,,,,386696.0,536.0,,0.0,,,,4.0,56.0,32.0,,1251.0,610.0
2020-01-30 16:16:04,2020-01-30,86400,,daily_unique_reset_each_window,1,snowflakes-2020-01.tar.xz:snowflakes-2020-01/30/2020-01-30-16-16-04-snowflake-stats,5454.0,5295.0,6.0,,0.0,,,,,391032.0,448.0,,0.0,,,,8.0,67.0,37.0,,1194.0,637.0
2020-01-31 16:16:04,2020-01-31,86400,,daily_unique_reset_each_window,1,snowflakes-2020-01.tar.xz:snowflakes-2020-01/31/2020-01-31-16-16-04-snowflake-stats,5574.0,5409.0,6.0,,0.0,,,,,383336.0,624.0,,0.0,,,,6.0,57.0,30.0,1.0,1238.0,663.0
2020-02-01 16:16:04,2020-02-01,86400,,daily_unique_reset_each_window,1,snowflakes-2020-02.tar.xz:snowflakes-2020-02/01/2020-02-01-16-16-04-snowflake-stats,5139.0,4964.0,6.0,,0.0,,,,,375360.0,360.0,,0.0,,,,8.0,56.0,30.0,,1097.0,592.0
2020-02-02 16:16:04,2020-02-02,86400,,daily_unique_reset_each_window,1,snowflakes-2020-02.tar.xz:snowflakes-2020-02/02/2020-02-02-16-16-04-snowflake-stats,5037.0,4860.0,6.0,,0.0,,,,,380256.0,352.0,,0.0,,,,8.0,55.0,31.0,,1160.0,602.0
2020-02-03 16:16:04,2020-02-03,86400,,daily_unique_reset_each_window,1,snowflakes-2020-02.tar.xz:snowflakes-2020-02/03/2020-02-03-16-16-04-snowflake-stats,5689.0,5520.0,8.0,,0.0,,,,,388200.0,480.0,,0.0,,,,5.0,60.0,16.0,,1265.0,631.0
2020-02-04 16:16:04,2020-02-04,86400,,daily_unique_reset_each_window,1,snowflakes-2020-02.tar.xz:snowflakes-2020-02/04/2020-02-04-16-16-04-snowflake-stats,6243.0,6016.0,7.0,,0.0,,,,,421312.0,384.0,,0.0,,,,4.0,74.0,24.0,,1424.0,725.0
2020-02-05 16:16:04,2020-02-05,86400,,daily_unique_reset_each_window,1,snowflakes-2020-02.tar.xz:snowflakes-2020-02/05/2020-02-05-16-16-04-snowflake-stats,6076.0,5892.0,9.0,,0.0,,,,,419624.0,424.0,,0.0,,,,8.0,54.0,31.0,,1342.0,702.0
2020-02-06 16:16:04,2020-02-06,86400,,daily_unique_reset_each_window,1,snowflakes-2020-02.tar.xz:snowflakes-2020-02/06/2020-02-06-16-16-04-snowflake-stats,5812.0,5641.0,8.0,,0.0,,,,,404152.0,728.0,,0.0,,,,9.0,66.0,30.0,,1390.0,699.0
2020-02-07 16:16:04,2020-02-07,86400,,daily_unique_reset_each_window,1,snowflakes-2020-02.tar.xz:snowflakes-2020-02/07/2020-02-07-16-16-04-snowflake-stats,5822.0,5663.0,7.0,,0.0,,,,,393056.0,848.0,,0.0,,,,9.0,53.0,26.0,,1309.0,689.0
2020-02-08 16:16:04,2020-02-08,86400,,daily_unique_reset_each_window,1,snowflakes-2020-02.tar.xz:snowflakes-2020-02/08/2020-02-08-16-16-04-snowflake-stats,5444.0,5281.0,7.0,,0.0,,,,,385536.0,432.0,,0.0,,,,7.0,53.0,29.0,,1253.0,638.0
2020-02-09 16:16:04,2020-02-09,86400,,daily_unique_reset_each_window,1,snowflakes-2020-02.tar.xz:snowflakes-2020-02/09/2020-02-09-16-16-04-snowflake-stats,5146.0,4993.0,6.0,,0.0,,,,,392440.0,544.0,,0.0,,,,6.0,49.0,32.0,,1206.0,646.0
2020-02-10 16:16:04,2020-02-10,86400,,daily_unique_reset_each_window,1,snowflakes-2020-02.tar.xz:snowflakes-2020-02/10/2020-02-10-16-16-04-snowflake-stats,5711.0,5538.0,8.0,,0.0,,,,,392200.0,496.0,,0.0,,,,5.0,54.0,39.0,,1301.0,668.0
2020-02-11 16:16:04,2020-02-11,86400,,daily_unique_reset_each_window,1,snowflakes-2020-02.tar.xz:snowflakes-2020-02/11/2020-02-11-16-16-04-snowflake-stats,5703.0,5630.0,9.0,,0.0,,,,,401072.0,528.0,,0.0,,,,6.0,57.0,31.0,,1364.0,630.0
2020-02-12 16:16:04,2020-02-12,86400,,daily_unique_reset_each_window,1,snowflakes-2020-02.tar.xz:snowflakes-2020-02/12/2020-02-12-16-16-04-snowflake-stats,5916.0,5842.0,7.0,,0.0,,,,,401320.0,928.0,,0.0,,,,9.0,73.0,34.0,,1293.0,656.0
2020-02-13 16:16:04,2020-02-13,86400,,daily_unique_reset_each_window,1,snowflakes-2020-02.tar.xz:snowflakes-2020-02/13/2020-02-13-16-16-04-snowflake-stats,5609.0,5544.0,7.0,,0.0,,,,,396784.0,800.0,,0.0,,,,9.0,60.0,33.0,,1227.0,601.0
2020-02-14 16:16:04,2020-02-14,86400,,daily_unique_reset_each_window,1,snowflakes-2020-02.tar.xz:snowflakes-2020-02/14/2020-02-14-16-16-04-snowflake-stats,5681.0,5602.0,7.0,,0.0,,,,,396096.0,696.0,,0.0,,,,7.0,57.0,45.0,,1332.0,633.0
2020-02-15 16:16:04,2020-02-15,86400,,daily_unique_reset_each_window,1,snowflakes-2020-02.tar.xz:snowflakes-2020-02/15/2020-02-15-16-16-04-snowflake-stats,5306.0,5259.0,7.0,,0.0,,,,,388320.0,552.0,,0.0,,,,11.0,59.0,41.0,,1199.0,581.0
2020-02-16 16:16:04,2020-02-16,86400,,daily_unique_reset_each_window,1,snowflakes-2020-02.tar.xz:snowflakes-2020-02/16/2020-02-16-16-16-04-snowflake-stats,5041.0,4985.0,7.0,,0.0,,,,,395496.0,736.0,,0.0,,,,15.0,64.0,52.0,,1119.0,597.0
2020-02-17 16:16:04,2020-02-17,86400,,daily_unique_reset_each_window,1,snowflakes-2020-02.tar.xz:snowflakes-2020-02/17/2020-02-17-16-16-04-snowflake-stats,5461.0,5410.0,8.0,,0.0,,,,,395408.0,744.0,,0.0,,,,9.0,63.0,49.0,,1209.0,611.0
2020-02-18 16:16:04,2020-02-18,86400,,daily_unique_reset_each_window,1,snowflakes-2020-02.tar.xz:snowflakes-2020-02/18/2020-02-18-16-16-04-snowflake-stats,4439.0,4390.0,7.0,,0.0,,,,,329848.0,1888.0,,0.0,,,,6.0,41.0,47.0,,1130.0,457.0
2020-02-19 16:16:04,2020-02-19,86400,,daily_unique_reset_each_window,1,snowflakes-2020-02.tar.xz:snowflakes-2020-02/19/2020-02-19-16-16-04-snowflake-stats,4748.0,4688.0,7.0,,0.0,,,,,312464.0,656.0,,0.0,,,,7.0,42.0,45.0,,1134.0,508.0
2020-02-20 16:16:04,2020-02-20,86400,,daily_unique_reset_each_window,1,snowflakes-2020-02.tar.xz:snowflakes-2020-02/20/2020-02-20-16-16-04-snowflake-stats,5621.0,5569.0,8.0,,0.0,,,,,372560.0,1864.0,,0.0,,,,11.0,71.0,60.0,,1326.0,675.0
2020-02-21 16:16:04,2020-02-21,86400,,daily_unique_reset_each_window,1,snowflakes-2020-02.tar.xz:snowflakes-2020-02/21/2020-02-21-16-16-04-snowflake-stats,5569.0,5538.0,7.0,,0.0,,,,,371520.0,1864.0,,0.0,,,,11.0,55.0,60.0,,1310.0,669.0
2020-02-22 16:16:04,2020-02-22,86400,,daily_unique_reset_each_window,1,snowflakes-2020-02.tar.xz:snowflakes-2020-02/22/2020-02-22-16-16-04-snowflake-stats,5253.0,5212.0,8.0,,0.0,,,,,374416.0,1432.0,,0.0,,,,12.0,57.0,53.0,,1219.0,593.0
2020-02-23 16:16:04,2020-02-23,86400,,daily_unique_reset_each_window,1,snowflakes-2020-02.tar.xz:snowflakes-2020-02/23/2020-02-23-16-16-04-snowflake-stats,5071.0,5026.0,7.0,,0.0,,,,,386840.0,968.0,,0.0,,,,13.0,48.0,43.0,,1160.0,599.0
2020-02-24 16:16:04,2020-02-24,86400,,daily_unique_reset_each_window,1,snowflakes-2020-02.tar.xz:snowflakes-2020-02/24/2020-02-24-16-16-04-snowflake-stats,5605.0,5566.0,8.0,,0.0,,,,,383920.0,1096.0,,0.0,,,,11.0,50.0,52.0,,1214.0,657.0
2020-02-25 16:16:04,2020-02-25,86400,,daily_unique_reset_each_window,1,snowflakes-2020-02.tar.xz:snowflakes-2020-02/25/2020-02-25-16-16-04-snowflake-stats,5717.0,5664.0,8.0,,0.0,,,,,384488.0,1136.0,,0.0,,,,5.0,56.0,67.0,,1209.0,675.0
2020-02-26 16:16:04,2020-02-26,86400,,daily_unique_reset_each_window,1,snowflakes-2020-02.tar.xz:snowflakes-2020-02/26/2020-02-26-16-16-04-snowflake-stats,5729.0,5695.0,6.0,,0.0,,,,,377400.0,1152.0,,0.0,,,,11.0,56.0,56.0,,1237.0,710.0
2020-02-27 16:16:04,2020-02-27,86400,,daily_unique_reset_each_window,1,snowflakes-2020-02.tar.xz:snowflakes-2020-02/27/2020-02-27-16-16-04-snowflake-stats,5718.0,5687.0,9.0,,0.0,,,,,365096.0,1208.0,,0.0,,,,11.0,64.0,55.0,,1299.0,655.0
2020-02-28 16:16:04,2020-02-28,86400,,daily_unique_reset_each_window,1,snowflakes-2020-02.tar.xz:snowflakes-2020-02/28/2020-02-28-16-16-04-snowflake-stats,5937.0,5907.0,5.0,,0.0,,,,,370656.0,1088.0,,0.0,,,,17.0,89.0,58.0,,1380.0,667.0
2020-02-29 16:16:04,2020-02-29,86400,,daily_unique_reset_each_window,1,snowflakes-2020-02.tar.xz:snowflakes-2020-02/29/2020-02-29-16-16-04-snowflake-stats,5617.0,5585.0,4.0,,0.0,,,,,355584.0,968.0,,0.0,,,,11.0,55.0,36.0,,1219.0,662.0
2020-03-01 16:16:04,2020-03-01,86400,,daily_unique_reset_each_window,1,snowflakes-2020-03.tar.xz:snowflakes-2020-03/01/2020-03-01-16-16-04-snowflake-stats,5405.0,5359.0,4.0,,0.0,,,,,362232.0,1152.0,,0.0,,,,10.0,56.0,52.0,,1136.0,645.0
2020-03-02 16:16:04,2020-03-02,86400,,daily_unique_reset_each_window,1,snowflakes-2020-03.tar.xz:snowflakes-2020-03/02/2020-03-02-16-16-04-snowflake-stats,5854.0,5820.0,3.0,,0.0,,,,,354712.0,1352.0,,0.0,,,,19.0,85.0,57.0,,1158.0,689.0
2020-03-03 16:16:04,2020-03-03,86400,,daily_unique_reset_each_window,1,snowflakes-2020-03.tar.xz:snowflakes-2020-03/03/2020-03-03-16-16-04-snowflake-stats,5968.0,5924.0,2.0,,0.0,,,,,358952.0,1120.0,,0.0,,,,14.0,135.0,49.0,,1179.0,683.0
2020-03-04 16:16:04,2020-03-04,86400,,daily_unique_reset_each_window,1,snowflakes-2020-03.tar.xz:snowflakes-2020-03/04/2020-03-04-16-16-04-snowflake-stats,6000.0,5973.0,2.0,,0.0,,,,,351496.0,1688.0,,0.0,,,,12.0,153.0,41.0,,1272.0,621.0
2020-03-05 16:16:04,2020-03-05,86400,,daily_unique_reset_each_window,1,snowflakes-2020-03.tar.xz:snowflakes-2020-03/05/2020-03-05-16-16-04-snowflake-stats,6160.0,6128.0,3.0,,9.0,,,,,380808.0,960.0,,0.0,,,,21.0,76.0,55.0,,1335.0,692.0
2020-03-06 16:16:04,2020-03-06,86400,,daily_unique_reset_each_window,1,snowflakes-2020-03.tar.xz:snowflakes-2020-03/06/2020-03-06-16-16-04-snowflake-stats,6420.0,6398.0,1.0,,10.0,,,,,409432.0,1704.0,,0.0,,,,19.0,57.0,58.0,,1539.0,706.0
2020-03-07 16:16:04,2020-03-07,86400,,daily_unique_reset_each_window,1,snowflakes-2020-03.tar.xz:snowflakes-2020-03/07/2020-03-07-16-16-04-snowflake-stats,5844.0,5806.0,4.0,,28.0,,,,,384352.0,1480.0,,0.0,,,,19.0,63.0,36.0,,1309.0,655.0
2020-03-08 16:16:04,2020-03-08,86400,,daily_unique_reset_each_window,1,snowflakes-2020-03.tar.xz:snowflakes-2020-03/08/2020-03-08-16-16-04-snowflake-stats,5660.0,5615.0,5.0,,30.0,,,,,379576.0,1312.0,,0.0,,,,15.0,60.0,42.0,,1213.0,697.0
2020-03-09 16:16:04,2020-03-09,86400,,daily_unique_reset_each_window,1,snowflakes-2020-03.tar.xz:snowflakes-2020-03/09/2020-03-09-16-16-04-snowflake-stats,5982.0,5927.0,3.0,,39.0,,,,,373488.0,912.0,,0.0,,,,17.0,54.0,51.0,,1248.0,705.0
2020-03-10 16:16:04,2020-03-10,86400,,daily_unique_reset_each_window,1,snowflakes-2020-03.tar.xz:snowflakes-2020-03/10/2020-03-10-16-16-04-snowflake-stats,5970.0,5929.0,5.0,,25.0,,,,,379280.0,1568.0,,0.0,,,,15.0,58.0,43.0,,1291.0,720.0
2020-03-11 16:16:04,2020-03-11,86400,,daily_unique_reset_each_window,1,snowflakes-2020-03.tar.xz:snowflakes-2020-03/11/2020-03-11-16-16-04-snowflake-stats,6172.0,6137.0,3.0,,22.0,,,,,365832.0,2016.0,,0.0,,,,15.0,57.0,43.0,,1380.0,721.0
2020-03-12 16:16:04,2020-03-12,86400,,daily_unique_reset_each_window,1,snowflakes-2020-03.tar.xz:snowflakes-2020-03/12/2020-03-12-16-16-04-snowflake-stats,6155.0,6118.0,3.0,,24.0,,,,,367288.0,2536.0,,0.0,,,,15.0,160.0,56.0,,1326.0,671.0
2020-03-13 16:16:04,2020-03-13,86400,,daily_unique_reset_each_window,1,snowflakes-2020-03.tar.xz:snowflakes-2020-03/13/2020-03-13-16-16-04-snowflake-stats,6229.0,6202.0,3.0,,19.0,,,,,366240.0,1448.0,,0.0,,,,20.0,274.0,59.0,,1269.0,705.0
2020-03-14 16:16:04,2020-03-14,86400,,daily_unique_reset_each_window,1,snowflakes-2020-03.tar.xz:snowflakes-2020-03/14/2020-03-14-16-16-04-snowflake-stats,5786.0,5759.0,2.0,,19.0,,,,,371912.0,1560.0,,0.0,,,,23.0,76.0,33.0,,1242.0,656.0
2020-03-15 16:16:04,2020-03-15,86400,,daily_unique_reset_each_window,1,snowflakes-2020-03.tar.xz:snowflakes-2020-03/15/2020-03-15-16-16-04-snowflake-stats,5781.0,5756.0,3.0,,16.0,,,,,377816.0,2024.0,,0.0,,,,17.0,143.0,32.0,,1264.0,642.0
2020-03-16 16:16:04,2020-03-16,86400,,daily_unique_reset_each_window,1,snowflakes-2020-03.tar.xz:snowflakes-2020-03/16/2020-03-16-16-16-04-snowflake-stats,6058.0,6027.0,3.0,,20.0,,,,,385392.0,4016.0,,0.0,,,,19.0,137.0,51.0,,1278.0,687.0
2020-03-17 16:16:04,2020-03-17,86400,,daily_unique_reset_each_window,1,snowflakes-2020-03.tar.xz:snowflakes-2020-03/17/2020-03-17-16-16-04-snowflake-stats,6321.0,6287.0,3.0,,22.0,,,,,401976.0,2248.0,,0.0,,,,23.0,162.0,58.0,,1335.0,724.0
2020-03-18 16:16:04,2020-03-18,86400,,daily_unique_reset_each_window,1,snowflakes-2020-03.tar.xz:snowflakes-2020-03/18/2020-03-18-16-16-04-snowflake-stats,6152.0,6131.0,3.0,,11.0,,,,,405368.0,3000.0,,0.0,,,,15.0,137.0,58.0,,1248.0,750.0
2020-03-19 16:16:04,2020-03-19,86400,,daily_unique_reset_each_window,1,snowflakes-2020-03.tar.xz:snowflakes-2020-03/19/2020-03-19-16-16-04-snowflake-stats,6229.0,6209.0,1.0,,14.0,,,,,396136.0,2960.0,,0.0,,,,19.0,76.0,56.0,,1273.0,750.0
2020-03-20 16:16:04,2020-03-20,86400,,daily_unique_reset_each_window,1,snowflakes-2020-03.tar.xz:snowflakes-2020-03/20/2020-03-20-16-16-04-snowflake-stats,6214.0,6198.0,1.0,,8.0,,,,,400672.0,2552.0,,0.0,,,,15.0,55.0,58.0,,1237.0,723.0
2020-03-21 16:16:04,2020-03-21,86400,,daily_unique_reset_each_window,1,snowflakes-2020-03.tar.xz:snowflakes-2020-03/21/2020-03-21-16-16-04-snowflake-stats,5937.0,5917.0,1.0,,14.0,,,,,386816.0,2848.0,,0.0,,,,11.0,80.0,43.0,,1242.0,708.0
2020-03-22 16:16:04,2020-03-22,86400,,daily_unique_reset_each_window,1,snowflakes-2020-03.tar.xz:snowflakes-2020-03/22/2020-03-22-16-16-04-snowflake-stats,5869.0,5851.0,1.0,,12.0,,,,,396040.0,2592.0,,0.0,,,,14.0,78.0,64.0,,1204.0,718.0
2020-03-23 16:16:04,2020-03-23,86400,,daily_unique_reset_each_window,1,snowflakes-2020-03.tar.xz:snowflakes-2020-03/23/2020-03-23-16-16-04-snowflake-stats,6190.0,6169.0,2.0,,12.0,,,,,410008.0,1904.0,,0.0,,,,17.0,73.0,62.0,,1210.0,787.0
2020-03-24 16:16:04,2020-03-24,86400,,daily_unique_reset_each_window,1,snowflakes-2020-03.tar.xz:snowflakes-2020-03/24/2020-03-24-16-16-04-snowflake-stats,6116.0,6101.0,3.0,,7.0,,,,,439032.0,1960.0,,0.0,,,,16.0,64.0,61.0,,1233.0,771.0
2020-03-25 16:16:04,2020-03-25,86400,,daily_unique_reset_each_window,1,snowflakes-2020-03.tar.xz:snowflakes-2020-03/25/2020-03-25-16-16-04-snowflake-stats,6317.0,6287.0,4.0,,22.0,,,,,443360.0,1400.0,,0.0,,,,19.0,71.0,70.0,,1332.0,794.0
2020-03-26 16:16:04,2020-03-26,86400,,daily_unique_reset_each_window,1,snowflakes-2020-03.tar.xz:snowflakes-2020-03/26/2020-03-26-16-16-04-snowflake-stats,5797.0,5774.0,6.0,,11.0,,,,,456024.0,1184.0,,0.0,,,,18.0,61.0,60.0,,1192.0,670.0
2020-03-27 16:16:04,2020-03-27,86400,,daily_unique_reset_each_window,1,snowflakes-2020-03.tar.xz:snowflakes-2020-03/27/2020-03-27-16-16-04-snowflake-stats,5934.0,5912.0,8.0,,10.0,,,,,457256.0,2064.0,,0.0,,,,14.0,62.0,61.0,,1257.0,700.0
2020-03-28 16:16:04,2020-03-28,86400,,daily_unique_reset_each_window,1,snowflakes-2020-03.tar.xz:snowflakes-2020-03/28/2020-03-28-16-16-04-snowflake-stats,5810.0,5788.0,5.0,,12.0,,,,,427440.0,1184.0,,0.0,,,,16.0,103.0,47.0,,1218.0,663.0
2020-03-29 16:16:04,2020-03-29,86400,,daily_unique_reset_each_window,1,snowflakes-2020-03.tar.xz:snowflakes-2020-03/29/2020-03-29-16-16-04-snowflake-stats,5620.0,5596.0,3.0,,17.0,,,,,415208.0,1328.0,,0.0,,,,17.0,220.0,43.0,,1194.0,620.0
2020-03-30 16:16:04,2020-03-30,86400,,daily_unique_reset_each_window,1,snowflakes-2020-03.tar.xz:snowflakes-2020-03/30/2020-03-30-16-16-04-snowflake-stats,5889.0,5862.0,3.0,,19.0,,,,,418568.0,1296.0,,0.0,,,,19.0,187.0,57.0,,1176.0,670.0
2020-03-31 16:16:04,2020-03-31,86400,,daily_unique_reset_each_window,1,snowflakes-2020-03.tar.xz:snowflakes-2020-03/31/2020-03-31-16-16-04-snowflake-stats,5980.0,5960.0,2.0,,15.0,,,,,416712.0,944.0,,0.0,,,,17.0,185.0,52.0,,1279.0,715.0
2020-04-01 16:16:04,2020-04-01,86400,,daily_unique_reset_each_window,1,snowflakes-2020-04.tar.xz:snowflakes-2020-04/01/2020-04-01-16-16-04-snowflake-stats,5951.0,5934.0,2.0,,11.0,,,,,410520.0,1408.0,,0.0,,,,12.0,200.0,53.0,,1239.0,630.0
2020-04-02 16:16:04,2020-04-02,86400,,daily_unique_reset_each_window,1,snowflakes-2020-04.tar.xz:snowflakes-2020-04/02/2020-04-02-16-16-04-snowflake-stats,5936.0,5918.0,1.0,,13.0,,,,,409968.0,1008.0,,0.0,,,,14.0,132.0,47.0,,1258.0,697.0
2020-04-03 16:16:04,2020-04-03,86400,,daily_unique_reset_each_window,1,snowflakes-2020-04.tar.xz:snowflakes-2020-04/03/2020-04-03-16-16-04-snowflake-stats,6180.0,6158.0,1.0,,17.0,,,,,408384.0,1840.0,,0.0,,,,23.0,163.0,54.0,,1312.0,657.0
2020-04-04 16:16:04,2020-04-04,86400,,daily_unique_reset_each_window,1,snowflakes-2020-04.tar.xz:snowflakes-2020-04/04/2020-04-04-16-16-04-snowflake-stats,5820.0,5795.0,1.0,,21.0,,,,,403496.0,856.0,,0.0,,,,13.0,100.0,33.0,,1277.0,637.0
2020-04-05 16:16:04,2020-04-05,86400,,daily_unique_reset_each_window,1,snowflakes-2020-04.tar.xz:snowflakes-2020-04/05/2020-04-05-16-16-04-snowflake-stats,5755.0,5731.0,1.0,,19.0,,,,,395744.0,1232.0,,0.0,,,,18.0,61.0,36.0,,1261.0,621.0
2020-04-06 16:16:04,2020-04-06,86400,,daily_unique_reset_each_window,1,snowflakes-2020-04.tar.xz:snowflakes-2020-04/06/2020-04-06-16-16-04-snowflake-stats,6062.0,6037.0,1.0,,20.0,,,,,406712.0,1224.0,,0.0,,,,20.0,138.0,42.0,,1278.0,673.0
2020-04-07 16:16:04,2020-04-07,86400,,daily_unique_reset_each_window,1,snowflakes-2020-04.tar.xz:snowflakes-2020-04/07/2020-04-07-16-16-04-snowflake-stats,6100.0,6065.0,1.0,,28.0,,,,,422720.0,1152.0,,0.0,,,,17.0,222.0,55.0,,1340.0,643.0
2020-04-08 16:16:04,2020-04-08,86400,,daily_unique_reset_each_window,1,snowflakes-2020-04.tar.xz:snowflakes-2020-04/08/2020-04-08-16-16-04-snowflake-stats,6012.0,5968.0,2.0,,38.0,,,,,429968.0,1256.0,,0.0,,,,14.0,116.0,56.0,,1342.0,708.0
2020-04-09 16:16:04,2020-04-09,86400,,daily_unique_reset_each_window,1,snowflakes-2020-04.tar.xz:snowflakes-2020-04/09/2020-04-09-16-16-04-snowflake-stats,5879.0,5848.0,2.0,,24.0,,,,,423888.0,1232.0,,0.0,,,,11.0,119.0,64.0,,1260.0,647.0
2020-04-10 16:16:04,2020-04-10,86400,,daily_unique_reset_each_window,1,snowflakes-2020-04.tar.xz:snowflakes-2020-04/10/2020-04-10-16-16-04-snowflake-stats,5870.0,5847.0,3.0,,16.0,,,,,413384.0,960.0,,0.0,,,,10.0,204.0,52.0,,1270.0,644.0
2020-04-11 16:16:04,2020-04-11,86400,,daily_unique_reset_each_window,1,snowflakes-2020-04.tar.xz:snowflakes-2020-04/11/2020-04-11-16-16-04-snowflake-stats,5649.0,5623.0,4.0,,19.0,,,,,413928.0,944.0,,0.0,,,,13.0,193.0,39.0,,1210.0,644.0
2020-04-12 16:16:04,2020-04-12,86400,,daily_unique_reset_each_window,1,snowflakes-2020-04.tar.xz:snowflakes-2020-04/12/2020-04-12-16-16-04-snowflake-stats,5480.0,5454.0,5.0,,16.0,,,,,399608.0,1000.0,,0.0,,,,14.0,178.0,40.0,,1161.0,630.0
2020-04-13 16:16:04,2020-04-13,86400,,daily_unique_reset_each_window,1,snowflakes-2020-04.tar.xz:snowflakes-2020-04/13/2020-04-13-16-16-04-snowflake-stats,5851.0,5818.0,5.0,,24.0,,,,,401736.0,936.0,,0.0,,,,14.0,184.0,41.0,,1214.0,604.0
2020-04-14 16:16:04,2020-04-14,86400,,daily_unique_reset_each_window,1,snowflakes-2020-04.tar.xz:snowflakes-2020-04/14/2020-04-14-16-16-04-snowflake-stats,6208.0,6180.0,5.0,,18.0,,,,,429672.0,1248.0,,0.0,,,,23.0,158.0,44.0,,1224.0,684.0
2020-04-15 16:16:04,2020-04-15,86400,,daily_unique_reset_each_window,1,snowflakes-2020-04.tar.xz:snowflakes-2020-04/15/2020-04-15-16-16-04-snowflake-stats,5897.0,5854.0,6.0,,33.0,,,,,428048.0,1080.0,,0.0,,,,10.0,77.0,51.0,,1249.0,634.0
2020-04-16 16:16:04,2020-04-16,86400,,daily_unique_reset_each_window,1,snowflakes-2020-04.tar.xz:snowflakes-2020-04/16/2020-04-16-16-16-04-snowflake-stats,5847.0,5816.0,4.0,,24.0,,,,,441480.0,992.0,,0.0,,,,13.0,68.0,41.0,,1284.0,660.0
2020-04-17 16:16:04,2020-04-17,86400,,daily_unique_reset_each_window,1,snowflakes-2020-04.tar.xz:snowflakes-2020-04/17/2020-04-17-16-16-04-snowflake-stats,5939.0,5913.0,3.0,,19.0,,,,,436008.0,1232.0,,0.0,,,,10.0,68.0,48.0,,1278.0,640.0
2020-04-18 16:16:04,2020-04-18,86400,,daily_unique_reset_each_window,1,snowflakes-2020-04.tar.xz:snowflakes-2020-04/18/2020-04-18-16-16-04-snowflake-stats,5657.0,5623.0,3.0,,26.0,,,,,417680.0,1080.0,,0.0,,,,9.0,65.0,44.0,,1280.0,612.0
2020-04-19 16:16:04,2020-04-19,86400,,daily_unique_reset_each_window,1,snowflakes-2020-04.tar.xz:snowflakes-2020-04/19/2020-04-19-16-16-04-snowflake-stats,5402.0,5377.0,3.0,,19.0,,,,,401632.0,1488.0,,0.0,,,,10.0,65.0,48.0,,1153.0,563.0
2020-04-20 16:16:04,2020-04-20,86400,,daily_unique_reset_each_window,1,snowflakes-2020-04.tar.xz:snowflakes-2020-04/20/2020-04-20-16-16-04-snowflake-stats,5810.0,5792.0,2.0,,13.0,,,,,411048.0,1696.0,,0.0,,,,8.0,63.0,56.0,,1147.0,727.0
2020-04-21 16:16:04,2020-04-21,86400,,daily_unique_reset_each_window,1,snowflakes-2020-04.tar.xz:snowflakes-2020-04/21/2020-04-21-16-16-04-snowflake-stats,6022.0,5992.0,3.0,,24.0,,,,,424184.0,1112.0,,0.0,,,,11.0,68.0,68.0,,1239.0,742.0
2020-04-22 16:16:04,2020-04-22,86400,,daily_unique_reset_each_window,1,snowflakes-2020-04.tar.xz:snowflakes-2020-04/22/2020-04-22-16-16-04-snowflake-stats,6035.0,6009.0,3.0,,20.0,,,,,421072.0,1192.0,,0.0,,,,14.0,62.0,58.0,,1198.0,798.0
2020-04-23 16:16:04,2020-04-23,86400,,daily_unique_reset_each_window,1,snowflakes-2020-04.tar.xz:snowflakes-2020-04/23/2020-04-23-16-16-04-snowflake-stats,5986.0,5958.0,1.0,,24.0,,,,,426008.0,1136.0,,0.0,,,,10.0,66.0,56.0,,1235.0,732.0
2020-04-24 16:16:04,2020-04-24,86400,,daily_unique_reset_each_window,1,snowflakes-2020-04.tar.xz:snowflakes-2020-04/24/2020-04-24-16-16-04-snowflake-stats,6041.0,6014.0,2.0,,20.0,,,,,431512.0,1048.0,,0.0,,,,15.0,69.0,67.0,,1264.0,760.0
2020-04-25 16:16:04,2020-04-25,86400,,daily_unique_reset_each_window,1,snowflakes-2020-04.tar.xz:snowflakes-2020-04/25/2020-04-25-16-16-04-snowflake-stats,5754.0,5731.0,2.0,,18.0,,,,,410072.0,744.0,,0.0,,,,10.0,56.0,38.0,,1203.0,702.0
2020-04-26 16:16:04,2020-04-26,86400,,daily_unique_reset_each_window,1,snowflakes-2020-04.tar.xz:snowflakes-2020-04/26/2020-04-26-16-16-04-snowflake-stats,5638.0,5607.0,1.0,,28.0,,,,,404536.0,776.0,,0.0,,,,14.0,52.0,69.0,,1113.0,687.0
2020-04-27 16:16:04,2020-04-27,86400,,daily_unique_reset_each_window,1,snowflakes-2020-04.tar.xz:snowflakes-2020-04/27/2020-04-27-16-16-04-snowflake-stats,5864.0,5841.0,2.0,,18.0,,,,,410712.0,744.0,,0.0,,,,8.0,65.0,66.0,,1167.0,745.0
2020-04-28 16:16:04,2020-04-28,86400,,daily_unique_reset_each_window,1,snowflakes-2020-04.tar.xz:snowflakes-2020-04/28/2020-04-28-16-16-04-snowflake-stats,5948.0,5919.0,4.0,,21.0,,,,,427944.0,712.0,,0.0,,,,11.0,75.0,67.0,,1214.0,784.0
2020-04-29 16:16:04,2020-04-29,86400,,daily_unique_reset_each_window,1,snowflakes-2020-04.tar.xz:snowflakes-2020-04/29/2020-04-29-16-16-04-snowflake-stats,6604.0,6570.0,5.0,,25.0,,,,,484704.0,1080.0,,0.0,,,,12.0,76.0,68.0,,1421.0,812.0
2020-04-30 16:16:04,2020-04-30,86400,,daily_unique_reset_each_window,1,snowflakes-2020-04.tar.xz:snowflakes-2020-04/30/2020-04-30-16-16-04-snowflake-stats,6631.0,6600.0,5.0,,21.0,,,,,504928.0,752.0,,0.0,,,,8.0,69.0,62.0,,1422.0,801.0
2020-05-01 16:16:04,2020-05-01,86400,,daily_unique_reset_each_window,1,snowflakes-2020-05.tar.xz:snowflakes-2020-05/01/2020-05-01-16-16-04-snowflake-stats,6287.0,6265.0,4.0,,15.0,,,,,455432.0,744.0,,0.0,,,,13.0,66.0,47.0,,1387.0,810.0
2020-05-02 16:16:04,2020-05-02,86400,,daily_unique_reset_each_window,1,snowflakes-2020-05.tar.xz:snowflakes-2020-05/02/2020-05-02-16-16-04-snowflake-stats,6078.0,6046.0,4.0,,22.0,,,,,437632.0,592.0,,0.0,,,,12.0,68.0,40.0,,1265.0,733.0
2020-05-03 16:16:04,2020-05-03,86400,,daily_unique_reset_each_window,1,snowflakes-2020-05.tar.xz:snowflakes-2020-05/03/2020-05-03-16-16-04-snowflake-stats,5721.0,5697.0,5.0,,16.0,,,,,424160.0,568.0,,0.0,,,,13.0,54.0,43.0,,1209.0,722.0
2020-05-04 16:16:04,2020-05-04,86400,,daily_unique_reset_each_window,1,snowflakes-2020-05.tar.xz:snowflakes-2020-05/04/2020-05-04-16-16-04-snowflake-stats,6197.0,6159.0,4.0,,32.0,,,,,437240.0,816.0,,0.0,,,,11.0,68.0,42.0,,1260.0,818.0
2020-05-05 16:16:04,2020-05-05,86400,,daily_unique_reset_each_window,1,snowflakes-2020-05.tar.xz:snowflakes-2020-05/05/2020-05-05-16-16-04-snowflake-stats,6615.0,6590.0,4.0,,18.0,,,,,478368.0,792.0,,0.0,,,,11.0,71.0,58.0,,1400.0,842.0
2020-05-06 16:16:04,2020-05-06,86400,,daily_unique_reset_each_window,1,snowflakes-2020-05.tar.xz:snowflakes-2020-05/06/2020-05-06-16-16-04-snowflake-stats,6696.0,6662.0,4.0,,26.0,,,,,474184.0,1032.0,,0.0,,,,13.0,72.0,61.0,,1431.0,880.0
2020-05-07 16:16:04,2020-05-07,86400,,daily_unique_reset_each_window,1,snowflakes-2020-05.tar.xz:snowflakes-2020-05/07/2020-05-07-16-16-04-snowflake-stats,6617.0,6592.0,4.0,,17.0,,,,,443592.0,760.0,,0.0,,,,8.0,83.0,53.0,,1421.0,894.0
2020-05-08 16:16:04,2020-05-08,86400,,daily_unique_reset_each_window,1,snowflakes-2020-05.tar.xz:snowflakes-2020-05/08/2020-05-08-16-16-04-snowflake-stats,6315.0,6290.0,4.0,,19.0,,,,,422680.0,672.0,,0.0,,,,3.0,74.0,56.0,,1377.0,814.0
2020-05-09 16:16:04,2020-05-09,86400,,daily_unique_reset_each_window,1,snowflakes-2020-05.tar.xz:snowflakes-2020-05/09/2020-05-09-16-16-04-snowflake-stats,6403.0,6369.0,4.0,,26.0,,,,,454448.0,640.0,,0.0,,,,8.0,75.0,63.0,,1352.0,824.0
2020-05-10 16:16:04,2020-05-10,86400,,daily_unique_reset_each_window,1,snowflakes-2020-05.tar.xz:snowflakes-2020-05/10/2020-05-10-16-16-04-snowflake-stats,6197.0,6177.0,2.0,,15.0,,,,,426640.0,808.0,,0.0,,,,22.0,55.0,49.0,,1333.0,773.0
2020-05-11 16:16:04,2020-05-11,86400,,daily_unique_reset_each_window,1,snowflakes-2020-05.tar.xz:snowflakes-2020-05/11/2020-05-11-16-16-04-snowflake-stats,6403.0,6380.0,3.0,,16.0,,,,,411120.0,952.0,,0.0,,,,11.0,56.0,42.0,,1330.0,843.0
2020-05-12 16:16:04,2020-05-12,86400,,daily_unique_reset_each_window,1,snowflakes-2020-05.tar.xz:snowflakes-2020-05/12/2020-05-12-16-16-04-snowflake-stats,6309.0,6298.0,3.0,,5.0,,,,,424048.0,888.0,,0.0,,,,13.0,59.0,68.0,,1267.0,787.0
2020-05-13 16:16:04,2020-05-13,86400,,daily_unique_reset_each_window,1,snowflakes-2020-05.tar.xz:snowflakes-2020-05/13/2020-05-13-16-16-04-snowflake-stats,6383.0,6368.0,3.0,,9.0,,,,,416352.0,608.0,,0.0,,,,17.0,59.0,60.0,,1306.0,787.0
2020-05-14 16:16:04,2020-05-14,86400,,daily_unique_reset_each_window,1,snowflakes-2020-05.tar.xz:snowflakes-2020-05/14/2020-05-14-16-16-04-snowflake-stats,6506.0,6488.0,3.0,,12.0,,,,,422504.0,696.0,,0.0,,,,12.0,63.0,76.0,,1344.0,832.0
2020-05-15 16:16:04,2020-05-15,86400,,daily_unique_reset_each_window,1,snowflakes-2020-05.tar.xz:snowflakes-2020-05/15/2020-05-15-16-16-04-snowflake-stats,6313.0,6296.0,3.0,,11.0,,,,,413384.0,680.0,,0.0,,,,11.0,64.0,72.0,,1340.0,775.0
2020-05-16 16:16:04,2020-05-16,86400,,daily_unique_reset_each_window,1,snowflakes-2020-05.tar.xz:snowflakes-2020-05/16/2020-05-16-16-16-04-snowflake-stats,5900.0,5880.0,2.0,,15.0,,,,,396744.0,480.0,,0.0,,,,14.0,65.0,67.0,,1192.0,719.0
2020-05-17 16:16:04,2020-05-17,86400,,daily_unique_reset_each_window,1,snowflakes-2020-05.tar.xz:snowflakes-2020-05/17/2020-05-17-16-16-04-snowflake-stats,5703.0,5688.0,2.0,,10.0,,,,,370344.0,720.0,,0.0,,,,10.0,53.0,60.0,,1130.0,666.0
2020-05-18 16:16:04,2020-05-18,86400,,daily_unique_reset_each_window,1,snowflakes-2020-05.tar.xz:snowflakes-2020-05/18/2020-05-18-16-16-04-snowflake-stats,6057.0,6043.0,2.0,,9.0,,,,,380904.0,792.0,,0.0,,,,12.0,60.0,63.0,,1307.0,769.0
2020-05-19 16:16:04,2020-05-19,86400,,daily_unique_reset_each_window,1,snowflakes-2020-05.tar.xz:snowflakes-2020-05/19/2020-05-19-16-16-04-snowflake-stats,5994.0,5976.0,3.0,,12.0,,,,,392416.0,920.0,,0.0,,,,11.0,65.0,63.0,,1213.0,784.0
2020-05-20 16:16:04,2020-05-20,86400,,daily_unique_reset_each_window,1,snowflakes-2020-05.tar.xz:snowflakes-2020-05/20/2020-05-20-16-16-04-snowflake-stats,5989.0,5978.0,2.0,,6.0,,,,,382784.0,776.0,,0.0,,,,16.0,64.0,71.0,,1248.0,728.0
2020-05-21 16:16:04,2020-05-21,86400,,daily_unique_reset_each_window,1,snowflakes-2020-05.tar.xz:snowflakes-2020-05/21/2020-05-21-16-16-04-snowflake-stats,5983.0,5965.0,3.0,,13.0,,,,,354592.0,1328.0,,0.0,,,,11.0,64.0,102.0,,1285.0,638.0
2020-05-22 16:16:04,2020-05-22,86400,,daily_unique_reset_each_window,1,snowflakes-2020-05.tar.xz:snowflakes-2020-05/22/2020-05-22-16-16-04-snowflake-stats,5797.0,5776.0,4.0,,13.0,,,,,349104.0,7320.0,,0.0,,,,10.0,64.0,87.0,,1203.0,654.0
2020-05-23 16:16:04,2020-05-23,86400,,daily_unique_reset_each_window,1,snowflakes-2020-05.tar.xz:snowflakes-2020-05/23/2020-05-23-16-16-04-snowflake-stats,5546.0,5524.0,5.0,,12.0,,,,,362912.0,640.0,,0.0,,,,7.0,64.0,41.0,,1166.0,676.0
2020-05-24 16:16:04,2020-05-24,86400,,daily_unique_reset_each_window,1,snowflakes-2020-05.tar.xz:snowflakes-2020-05/24/2020-05-24-16-16-04-snowflake-stats,5614.0,5596.0,2.0,,14.0,,,,,354728.0,648.0,,0.0,,,,8.0,50.0,40.0,,1189.0,703.0
2020-05-25 16:16:04,2020-05-25,86400,,daily_unique_reset_each_window,1,snowflakes-2020-05.tar.xz:snowflakes-2020-05/25/2020-05-25-16-16-04-snowflake-stats,5791.0,5774.0,2.0,,10.0,,,,,366112.0,544.0,,0.0,,,,5.0,61.0,72.0,,1174.0,751.0
2020-05-26 16:16:04,2020-05-26,86400,,daily_unique_reset_each_window,1,snowflakes-2020-05.tar.xz:snowflakes-2020-05/26/2020-05-26-16-16-04-snowflake-stats,6025.0,6002.0,4.0,,14.0,,,,,365376.0,696.0,,0.0,,,,9.0,118.0,57.0,,1253.0,753.0
2020-05-27 16:16:04,2020-05-27,86400,,daily_unique_reset_each_window,1,snowflakes-2020-05.tar.xz:snowflakes-2020-05/27/2020-05-27-16-16-04-snowflake-stats,5924.0,5901.0,2.0,,17.0,,,,,375168.0,688.0,,0.0,,,,14.0,134.0,59.0,,1280.0,704.0
2020-05-28 16:16:04,2020-05-28,86400,,daily_unique_reset_each_window,1,snowflakes-2020-05.tar.xz:snowflakes-2020-05/28/2020-05-28-16-16-04-snowflake-stats,6015.0,5978.0,3.0,,29.0,,,,,369160.0,824.0,,0.0,,,,8.0,117.0,58.0,,1316.0,709.0
2020-05-29 16:16:04,2020-05-29,86400,,daily_unique_reset_each_window,1,snowflakes-2020-05.tar.xz:snowflakes-2020-05/29/2020-05-29-16-16-04-snowflake-stats,5980.0,5949.0,4.0,,22.0,,,,,367368.0,1032.0,,0.0,,,,8.0,111.0,56.0,,1299.0,786.0
2020-05-30 16:16:04,2020-05-30,86400,,daily_unique_reset_each_window,1,snowflakes-2020-05.tar.xz:snowflakes-2020-05/30/2020-05-30-16-16-04-snowflake-stats,5707.0,5686.0,5.0,,13.0,,,,,356208.0,856.0,,0.0,,,,5.0,106.0,47.0,,1220.0,691.0
2020-05-31 16:16:04,2020-05-31,86400,,daily_unique_reset_each_window,1,snowflakes-2020-05.tar.xz:snowflakes-2020-05/31/2020-05-31-16-16-04-snowflake-stats,5415.0,5388.0,5.0,,19.0,,,,,352440.0,584.0,,0.0,,,,8.0,90.0,49.0,,1067.0,684.0
2020-06-01 16:16:04,2020-06-01,86400,,daily_unique_reset_each_window,1,snowflakes-2020-06.tar.xz:snowflakes-2020-06/01/2020-06-01-16-16-04-snowflake-stats,5687.0,5666.0,8.0,,9.0,,,,,369040.0,824.0,,0.0,,,,8.0,125.0,71.0,,1112.0,628.0
2020-06-02 16:16:04,2020-06-02,86400,,daily_unique_reset_each_window,1,snowflakes-2020-06.tar.xz:snowflakes-2020-06/02/2020-06-02-16-16-04-snowflake-stats,5913.0,5889.0,6.0,,14.0,,,,,375224.0,800.0,,0.0,,,,4.0,61.0,70.0,,1187.0,716.0
2020-06-03 16:16:04,2020-06-03,86400,,daily_unique_reset_each_window,1,snowflakes-2020-06.tar.xz:snowflakes-2020-06/03/2020-06-03-16-16-04-snowflake-stats,5988.0,5965.0,5.0,,14.0,,,,,365880.0,1680.0,,0.0,,,,9.0,57.0,65.0,,1192.0,711.0
2020-06-04 16:16:04,2020-06-04,86400,,daily_unique_reset_each_window,1,snowflakes-2020-06.tar.xz:snowflakes-2020-06/04/2020-06-04-16-16-04-snowflake-stats,6068.0,6031.0,6.0,,28.0,,,,,347328.0,1368.0,,0.0,,,,6.0,51.0,42.0,,1259.0,724.0
2020-06-05 16:16:04,2020-06-05,86400,,daily_unique_reset_each_window,1,snowflakes-2020-06.tar.xz:snowflakes-2020-06/05/2020-06-05-16-16-04-snowflake-stats,6068.0,6044.0,5.0,,16.0,,,,,358776.0,936.0,,0.0,,,,7.0,54.0,58.0,,1290.0,766.0
2020-06-06 16:16:04,2020-06-06,86400,,daily_unique_reset_each_window,1,snowflakes-2020-06.tar.xz:snowflakes-2020-06/06/2020-06-06-16-16-04-snowflake-stats,5745.0,5720.0,4.0,,19.0,,,,,324312.0,1488.0,,0.0,,,,4.0,53.0,46.0,,1211.0,679.0
2020-06-07 16:16:04,2020-06-07,86400,,daily_unique_reset_each_window,1,snowflakes-2020-06.tar.xz:snowflakes-2020-06/07/2020-06-07-16-16-04-snowflake-stats,5522.0,5498.0,4.0,,18.0,,,,,311376.0,2248.0,,0.0,,,,6.0,52.0,43.0,,1113.0,666.0
2020-06-08 16:16:04,2020-06-08,86400,,daily_unique_reset_each_window,1,snowflakes-2020-06.tar.xz:snowflakes-2020-06/08/2020-06-08-16-16-04-snowflake-stats,5839.0,5810.0,4.0,,22.0,,,,,312656.0,2632.0,,0.0,,,,6.0,56.0,43.0,,1115.0,688.0
2020-06-09 16:16:04,2020-06-09,86400,,daily_unique_reset_each_window,1,snowflakes-2020-06.tar.xz:snowflakes-2020-06/09/2020-06-09-16-16-04-snowflake-stats,5878.0,5843.0,5.0,,23.0,,,,,296312.0,5136.0,,0.0,,,,7.0,46.0,64.0,,1194.0,694.0
2020-06-10 16:16:04,2020-06-10,86400,,daily_unique_reset_each_window,1,snowflakes-2020-06.tar.xz:snowflakes-2020-06/10/2020-06-10-16-16-04-snowflake-stats,5928.0,5901.0,4.0,,19.0,,,,,296600.0,4568.0,,0.0,,,,12.0,51.0,79.0,,1255.0,690.0
2020-06-11 16:16:04,2020-06-11,86400,,daily_unique_reset_each_window,1,snowflakes-2020-06.tar.xz:snowflakes-2020-06/11/2020-06-11-16-16-04-snowflake-stats,5851.0,5813.0,5.0,,29.0,,,,,279112.0,4768.0,,0.0,,,,8.0,47.0,63.0,,1263.0,695.0
2020-06-12 16:16:04,2020-06-12,86400,,daily_unique_reset_each_window,1,snowflakes-2020-06.tar.xz:snowflakes-2020-06/12/2020-06-12-16-16-04-snowflake-stats,5711.0,5686.0,4.0,,18.0,,,,,292184.0,4144.0,,0.0,,,,7.0,56.0,55.0,,1250.0,633.0
2020-06-13 16:16:04,2020-06-13,86400,,daily_unique_reset_each_window,1,snowflakes-2020-06.tar.xz:snowflakes-2020-06/13/2020-06-13-16-16-04-snowflake-stats,5400.0,5375.0,4.0,,19.0,,,,,292944.0,4008.0,,0.0,,,,17.0,52.0,41.0,,1171.0,611.0
2020-06-14 16:16:04,2020-06-14,86400,,daily_unique_reset_each_window,1,snowflakes-2020-06.tar.xz:snowflakes-2020-06/14/2020-06-14-16-16-04-snowflake-stats,5284.0,5244.0,6.0,,31.0,,,,,280912.0,3080.0,,0.0,,,,11.0,55.0,47.0,,1098.0,599.0
2020-06-15 16:16:04,2020-06-15,86400,,daily_unique_reset_each_window,1,snowflakes-2020-06.tar.xz:snowflakes-2020-06/15/2020-06-15-16-16-04-snowflake-stats,5774.0,5740.0,8.0,,22.0,,,,,286920.0,2904.0,,0.0,,,,11.0,53.0,49.0,,1228.0,652.0
2020-06-16 16:16:04,2020-06-16,86400,,daily_unique_reset_each_window,1,snowflakes-2020-06.tar.xz:snowflakes-2020-06/16/2020-06-16-16-16-04-snowflake-stats,6024.0,5964.0,31.0,,25.0,,,,,353200.0,1520.0,,0.0,,,,5.0,50.0,63.0,,1314.0,728.0
2020-06-17 16:16:04,2020-06-17,86400,,daily_unique_reset_each_window,1,snowflakes-2020-06.tar.xz:snowflakes-2020-06/17/2020-06-17-16-16-04-snowflake-stats,5925.0,5894.0,6.0,,20.0,,,,,339576.0,1416.0,,0.0,,,,9.0,58.0,53.0,,1291.0,718.0
2020-06-18 16:16:04,2020-06-18,86400,,daily_unique_reset_each_window,1,snowflakes-2020-06.tar.xz:snowflakes-2020-06/18/2020-06-18-16-16-04-snowflake-stats,5885.0,5847.0,7.0,,27.0,,,,,336912.0,1792.0,,0.0,,,,7.0,65.0,54.0,,1222.0,741.0
2020-06-19 16:16:04,2020-06-19,86400,,daily_unique_reset_each_window,1,snowflakes-2020-06.tar.xz:snowflakes-2020-06/19/2020-06-19-16-16-04-snowflake-stats,5737.0,5696.0,14.0,,23.0,,,,,262824.0,6232.0,,0.0,,,,3.0,57.0,51.0,,1254.0,695.0
2020-06-20 16:16:04,2020-06-20,86400,,daily_unique_reset_each_window,1,snowflakes-2020-06.tar.xz:snowflakes-2020-06/20/2020-06-20-16-16-04-snowflake-stats,5292.0,5264.0,7.0,,17.0,,,,,272816.0,2560.0,,0.0,,,,7.0,42.0,39.0,,1193.0,600.0
2020-06-21 16:16:04,2020-06-21,86400,,daily_unique_reset_each_window,1,snowflakes-2020-06.tar.xz:snowflakes-2020-06/21/2020-06-21-16-16-04-snowflake-stats,5257.0,5216.0,11.0,,26.0,,,,,264640.0,3144.0,,0.0,,,,13.0,46.0,44.0,,1120.0,619.0
2020-06-22 16:16:04,2020-06-22,86400,,daily_unique_reset_each_window,1,snowflakes-2020-06.tar.xz:snowflakes-2020-06/22/2020-06-22-16-16-04-snowflake-stats,5768.0,5730.0,5.0,,29.0,,,,,263816.0,2952.0,,0.0,,,,5.0,51.0,45.0,,1179.0,671.0
2020-06-23 16:16:04,2020-06-23,86400,,daily_unique_reset_each_window,1,snowflakes-2020-06.tar.xz:snowflakes-2020-06/23/2020-06-23-16-16-04-snowflake-stats,5876.0,5845.0,4.0,,23.0,,,,,297384.0,1720.0,,0.0,,,,6.0,50.0,42.0,,1293.0,698.0
2020-06-24 16:16:04,2020-06-24,86400,,daily_unique_reset_each_window,1,snowflakes-2020-06.tar.xz:snowflakes-2020-06/24/2020-06-24-16-16-04-snowflake-stats,5833.0,5803.0,3.0,,23.0,,,,,306784.0,1480.0,,0.0,,,,6.0,52.0,37.0,,1278.0,686.0
2020-06-25 16:16:04,2020-06-25,86400,,daily_unique_reset_each_window,1,snowflakes-2020-06.tar.xz:snowflakes-2020-06/25/2020-06-25-16-16-04-snowflake-stats,5798.0,5771.0,6.0,,17.0,,,,,314856.0,2504.0,,0.0,,,,5.0,56.0,30.0,,1275.0,652.0
2020-06-26 16:16:04,2020-06-26,86400,,daily_unique_reset_each_window,1,snowflakes-2020-06.tar.xz:snowflakes-2020-06/26/2020-06-26-16-16-04-snowflake-stats,5569.0,5548.0,5.0,,12.0,,,,,200880.0,14320.0,,24.0,,,,5.0,54.0,40.0,,1183.0,631.0
2020-06-27 16:16:04,2020-06-27,86400,,daily_unique_reset_each_window,1,snowflakes-2020-06.tar.xz:snowflakes-2020-06/27/2020-06-27-16-16-04-snowflake-stats,5145.0,5120.0,6.0,,16.0,,,,,237584.0,2488.0,,0.0,,,,7.0,49.0,33.0,,1118.0,595.0
2020-06-28 16:16:04,2020-06-28,86400,,daily_unique_reset_each_window,1,snowflakes-2020-06.tar.xz:snowflakes-2020-06/28/2020-06-28-16-16-04-snowflake-stats,5282.0,5252.0,6.0,,21.0,,,,,249312.0,3960.0,,0.0,,,,7.0,50.0,43.0,,1145.0,631.0
2020-06-29 16:16:04,2020-06-29,86400,,daily_unique_reset_each_window,1,snowflakes-2020-06.tar.xz:snowflakes-2020-06/29/2020-06-29-16-16-04-snowflake-stats,5642.0,5602.0,8.0,,28.0,,,,,285568.0,4056.0,,0.0,,,,11.0,52.0,43.0,,1211.0,701.0
2020-06-30 16:16:04,2020-06-30,86400,,daily_unique_reset_each_window,1,snowflakes-2020-06.tar.xz:snowflakes-2020-06/30/2020-06-30-16-16-04-snowflake-stats,5799.0,5775.0,5.0,,14.0,,,,,311648.0,2280.0,,0.0,,,,7.0,61.0,45.0,,1287.0,742.0
2020-07-01 16:16:04,2020-07-01,86400,,daily_unique_reset_each_window,1,snowflakes-2020-07.tar.xz:snowflakes-2020-07/01/2020-07-01-16-16-04-snowflake-stats,5814.0,5786.0,5.0,,19.0,,,,,322960.0,2656.0,,0.0,,,,13.0,62.0,34.0,,1269.0,682.0
2020-07-02 16:16:04,2020-07-02,86400,,daily_unique_reset_each_window,1,snowflakes-2020-07.tar.xz:snowflakes-2020-07/02/2020-07-02-16-16-04-snowflake-stats,5745.0,5706.0,5.0,,29.0,,,,,322160.0,2416.0,,0.0,,,,8.0,61.0,49.0,,1260.0,702.0
2020-07-03 16:16:04,2020-07-03,86400,,daily_unique_reset_each_window,1,snowflakes-2020-07.tar.xz:snowflakes-2020-07/03/2020-07-03-16-16-04-snowflake-stats,5569.0,5542.0,5.0,,17.0,,,,,270384.0,4760.0,,56.0,,,,3.0,64.0,47.0,,1191.0,638.0
2020-07-04 16:16:04,2020-07-04,86400,,daily_unique_reset_each_window,1,snowflakes-2020-07.tar.xz:snowflakes-2020-07/04/2020-07-04-16-16-04-snowflake-stats,5166.0,5137.0,5.0,,21.0,,,,,284600.0,2664.0,,0.0,,,,3.0,54.0,48.0,,1041.0,573.0
2020-07-05 16:16:04,2020-07-05,86400,,daily_unique_reset_each_window,1,snowflakes-2020-07.tar.xz:snowflakes-2020-07/05/2020-07-05-16-16-04-snowflake-stats,5065.0,5025.0,5.0,,32.0,,,,,259512.0,3384.0,,0.0,,,,5.0,59.0,34.0,,1050.0,564.0
2020-07-06 16:16:04,2020-07-06,86400,,daily_unique_reset_each_window,1,snowflakes-2020-07.tar.xz:snowflakes-2020-07/06/2020-07-06-16-16-04-snowflake-stats,5555.0,5537.0,5.0,,10.0,,,,,258056.0,6392.0,,0.0,,,,9.0,64.0,42.0,,1161.0,660.0
2020-07-07 17:41:34,2020-07-07,86400,,daily_unique_reset_each_window,1,snowflakes-2020-07.tar.xz:snowflakes-2020-07/07/2020-07-07-17-41-34-snowflake-stats,6081.0,6058.0,6.0,,13.0,,,,,325056.0,6008.0,,8.0,,,,12.0,68.0,50.0,,1410.0,766.0
2020-07-08 17:41:34,2020-07-08,86400,,daily_unique_reset_each_window,1,snowflakes-2020-07.tar.xz:snowflakes-2020-07/08/2020-07-08-17-41-34-snowflake-stats,6017.0,5991.0,8.0,,14.0,,,,,322456.0,4656.0,,0.0,,,,13.0,69.0,51.0,,1404.0,725.0
2020-07-09 17:41:34,2020-07-09,86400,,daily_unique_reset_each_window,1,snowflakes-2020-07.tar.xz:snowflakes-2020-07/09/2020-07-09-17-41-34-snowflake-stats,5948.0,5913.0,7.0,,24.0,,,,,318864.0,3832.0,,0.0,,,,8.0,56.0,56.0,,1427.0,762.0
2020-07-10 17:41:34,2020-07-10,86400,,daily_unique_reset_each_window,1,snowflakes-2020-07.tar.xz:snowflakes-2020-07/10/2020-07-10-17-41-34-snowflake-stats,5785.0,5755.0,7.0,,19.0,,,,,308440.0,3680.0,,0.0,,,,8.0,59.0,49.0,,1397.0,723.0
2020-07-11 17:41:34,2020-07-11,86400,,daily_unique_reset_each_window,1,snowflakes-2020-07.tar.xz:snowflakes-2020-07/11/2020-07-11-17-41-34-snowflake-stats,5351.0,5321.0,5.0,,22.0,,,,,286200.0,6264.0,,0.0,,,,10.0,50.0,33.0,,1210.0,646.0
2020-07-12 17:41:34,2020-07-12,86400,,daily_unique_reset_each_window,1,snowflakes-2020-07.tar.xz:snowflakes-2020-07/12/2020-07-12-17-41-34-snowflake-stats,5216.0,5184.0,6.0,,24.0,,,,,294056.0,5616.0,,0.0,,,,12.0,61.0,37.0,,1211.0,694.0
2020-07-13 17:41:34,2020-07-13,86400,,daily_unique_reset_each_window,1,snowflakes-2020-07.tar.xz:snowflakes-2020-07/13/2020-07-13-17-41-34-snowflake-stats,5726.0,5692.0,7.0,,21.0,,,,,308288.0,3096.0,,0.0,,,,13.0,63.0,47.0,,1316.0,780.0
2020-07-14 17:41:34,2020-07-14,86400,,daily_unique_reset_each_window,1,snowflakes-2020-07.tar.xz:snowflakes-2020-07/14/2020-07-14-17-41-34-snowflake-stats,5716.0,5678.0,6.0,,28.0,,,,,312304.0,2936.0,,0.0,,,,13.0,54.0,46.0,,1243.0,774.0
2020-07-15 17:41:34,2020-07-15,86400,,daily_unique_reset_each_window,1,snowflakes-2020-07.tar.xz:snowflakes-2020-07/15/2020-07-15-17-41-34-snowflake-stats,5772.0,5741.0,7.0,,20.0,,,,,302264.0,4144.0,,0.0,,,,8.0,62.0,50.0,,1322.0,778.0
2020-07-16 17:41:34,2020-07-16,86400,,daily_unique_reset_each_window,1,snowflakes-2020-07.tar.xz:snowflakes-2020-07/16/2020-07-16-17-41-34-snowflake-stats,5787.0,5757.0,6.0,,19.0,,,,,282088.0,6632.0,,0.0,,,,3.0,62.0,54.0,,1284.0,786.0
2020-07-17 17:41:34,2020-07-17,86400,,daily_unique_reset_each_window,1,snowflakes-2020-07.tar.xz:snowflakes-2020-07/17/2020-07-17-17-41-34-snowflake-stats,5658.0,5629.0,8.0,,17.0,,,,,214952.0,13080.0,,8.0,,,,4.0,50.0,52.0,,1255.0,775.0
2020-07-18 17:41:34,2020-07-18,86400,,daily_unique_reset_each_window,1,snowflakes-2020-07.tar.xz:snowflakes-2020-07/18/2020-07-18-17-41-34-snowflake-stats,5335.0,5302.0,10.0,,20.0,,,,,237840.0,5320.0,,0.0,,,,8.0,70.0,43.0,,1234.0,705.0
2020-07-19 17:41:34,2020-07-19,86400,,daily_unique_reset_each_window,1,snowflakes-2020-07.tar.xz:snowflakes-2020-07/19/2020-07-19-17-41-34-snowflake-stats,4995.0,4967.0,9.0,,17.0,,,,,256352.0,3952.0,,0.0,,,,6.0,63.0,40.0,,1136.0,623.0
2020-07-20 17:41:34,2020-07-20,86400,,daily_unique_reset_each_window,1,snowflakes-2020-07.tar.xz:snowflakes-2020-07/20/2020-07-20-17-41-34-snowflake-stats,5444.0,5420.0,9.0,,12.0,,,,,301048.0,2424.0,,0.0,,,,6.0,68.0,57.0,,1146.0,743.0
2020-07-21 17:41:34,2020-07-21,86400,,daily_unique_reset_each_window,1,snowflakes-2020-07.tar.xz:snowflakes-2020-07/21/2020-07-21-17-41-34-snowflake-stats,5651.0,5613.0,12.0,,23.0,,,,,310728.0,3864.0,,0.0,,,,5.0,61.0,48.0,,1231.0,752.0
2020-07-22 17:41:34,2020-07-22,86400,,daily_unique_reset_each_window,1,snowflakes-2020-07.tar.xz:snowflakes-2020-07/22/2020-07-22-17-41-34-snowflake-stats,5526.0,5488.0,11.0,,24.0,,,,,281280.0,4160.0,,0.0,,,,9.0,62.0,52.0,,1204.0,731.0
2020-07-23 17:41:34,2020-07-23,86400,,daily_unique_reset_each_window,1,snowflakes-2020-07.tar.xz:snowflakes-2020-07/23/2020-07-23-17-41-34-snowflake-stats,5536.0,5499.0,10.0,,26.0,,,,,283272.0,5952.0,,0.0,,,,10.0,78.0,56.0,,1208.0,767.0
2020-07-24 17:41:34,2020-07-24,86400,,daily_unique_reset_each_window,1,snowflakes-2020-07.tar.xz:snowflakes-2020-07/24/2020-07-24-17-41-34-snowflake-stats,5327.0,5292.0,11.0,,21.0,,,,,268648.0,6008.0,,0.0,,,,7.0,57.0,55.0,,1167.0,700.0
2020-07-25 17:41:34,2020-07-25,86400,,daily_unique_reset_each_window,1,snowflakes-2020-07.tar.xz:snowflakes-2020-07/25/2020-07-25-17-41-34-snowflake-stats,5165.0,5123.0,12.0,,29.0,,,,,281904.0,6376.0,,0.0,,,,7.0,63.0,41.0,,1196.0,646.0
2020-07-26 17:41:34,2020-07-26,86400,,daily_unique_reset_each_window,1,snowflakes-2020-07.tar.xz:snowflakes-2020-07/26/2020-07-26-17-41-34-snowflake-stats,5147.0,5104.0,11.0,,31.0,,,,,271104.0,4912.0,,0.0,,,,12.0,56.0,49.0,,1159.0,645.0
2020-07-27 17:41:34,2020-07-27,86400,,daily_unique_reset_each_window,1,snowflakes-2020-07.tar.xz:snowflakes-2020-07/27/2020-07-27-17-41-34-snowflake-stats,5404.0,5348.0,8.0,,46.0,,,,,296416.0,2824.0,,0.0,,,,8.0,54.0,47.0,,1151.0,677.0
2020-07-28 17:41:34,2020-07-28,86400,,daily_unique_reset_each_window,1,snowflakes-2020-07.tar.xz:snowflakes-2020-07/28/2020-07-28-17-41-34-snowflake-stats,5446.0,5410.0,8.0,,26.0,,,,,309160.0,4576.0,,0.0,,,,14.0,62.0,56.0,,1200.0,697.0
2020-07-29 17:41:34,2020-07-29,86400,,daily_unique_reset_each_window,1,snowflakes-2020-07.tar.xz:snowflakes-2020-07/29/2020-07-29-17-41-34-snowflake-stats,5534.0,5504.0,7.0,,22.0,,,,,314368.0,3920.0,,0.0,,,,7.0,51.0,44.0,,1242.0,700.0
2020-07-30 17:41:34,2020-07-30,86400,,daily_unique_reset_each_window,1,snowflakes-2020-07.tar.xz:snowflakes-2020-07/30/2020-07-30-17-41-34-snowflake-stats,5443.0,5410.0,8.0,,22.0,,,,,293304.0,5176.0,,0.0,,,,7.0,68.0,47.0,,1173.0,696.0
2020-07-31 17:41:34,2020-07-31,86400,,daily_unique_reset_each_window,1,snowflakes-2020-07.tar.xz:snowflakes-2020-07/31/2020-07-31-17-41-34-snowflake-stats,5323.0,5276.0,10.0,,35.0,,,,,289480.0,8472.0,,0.0,,,,3.0,60.0,54.0,,1194.0,715.0
2020-08-01 17:41:34,2020-08-01,86400,,daily_unique_reset_each_window,1,snowflakes-2020-08.tar.xz:snowflakes-2020-08/01/2020-08-01-17-41-34-snowflake-stats,5082.0,5049.0,7.0,,24.0,,,,,276296.0,4944.0,,0.0,,,,9.0,52.0,39.0,,1134.0,648.0
2020-08-02 17:41:34,2020-08-02,86400,,daily_unique_reset_each_window,1,snowflakes-2020-08.tar.xz:snowflakes-2020-08/02/2020-08-02-17-41-34-snowflake-stats,5144.0,5109.0,8.0,,26.0,,,,,281416.0,3792.0,,0.0,,,,9.0,59.0,37.0,,1212.0,665.0
2020-08-03 17:41:34,2020-08-03,86400,,daily_unique_reset_each_window,1,snowflakes-2020-08.tar.xz:snowflakes-2020-08/03/2020-08-03-17-41-34-snowflake-stats,5494.0,5453.0,12.0,,27.0,,,,,301848.0,3080.0,,0.0,,,,10.0,65.0,42.0,,1216.0,725.0
2020-08-04 17:41:34,2020-08-04,86400,,daily_unique_reset_each_window,1,snowflakes-2020-08.tar.xz:snowflakes-2020-08/04/2020-08-04-17-41-34-snowflake-stats,5432.0,5404.0,9.0,,17.0,,,,,270136.0,5160.0,,0.0,,,,9.0,54.0,50.0,,1253.0,683.0
2020-08-05 17:41:34,2020-08-05,86400,,daily_unique_reset_each_window,1,snowflakes-2020-08.tar.xz:snowflakes-2020-08/05/2020-08-05-17-41-34-snowflake-stats,5342.0,5309.0,10.0,,20.0,,,,,249816.0,7688.0,,0.0,,,,9.0,58.0,50.0,,1206.0,681.0
2020-08-06 17:41:34,2020-08-06,86400,,daily_unique_reset_each_window,1,snowflakes-2020-08.tar.xz:snowflakes-2020-08/06/2020-08-06-17-41-34-snowflake-stats,5469.0,5436.0,9.0,,21.0,,,,,282216.0,4096.0,,0.0,,,,3.0,66.0,51.0,,1249.0,692.0
2020-08-07 17:41:34,2020-08-07,86400,,daily_unique_reset_each_window,1,snowflakes-2020-08.tar.xz:snowflakes-2020-08/07/2020-08-07-17-41-34-snowflake-stats,5321.0,5284.0,8.0,,27.0,,,,,213520.0,10544.0,,408.0,,,,5.0,60.0,56.0,,1191.0,675.0
2020-08-08 17:41:34,2020-08-08,86400,,daily_unique_reset_each_window,1,snowflakes-2020-08.tar.xz:snowflakes-2020-08/08/2020-08-08-17-41-34-snowflake-stats,5473.0,5256.0,12.0,,203.0,,,,,270712.0,2864.0,,0.0,,,,8.0,53.0,49.0,,1301.0,673.0
2020-08-09 17:41:34,2020-08-09,86400,,daily_unique_reset_each_window,1,snowflakes-2020-08.tar.xz:snowflakes-2020-08/09/2020-08-09-17-41-34-snowflake-stats,5391.0,5285.0,19.0,,84.0,,,,,302544.0,2776.0,,0.0,,,,2.0,62.0,42.0,,1221.0,684.0
2020-08-10 17:41:34,2020-08-10,86400,,daily_unique_reset_each_window,1,snowflakes-2020-08.tar.xz:snowflakes-2020-08/10/2020-08-10-17-41-34-snowflake-stats,5763.0,5687.0,12.0,,61.0,,,,,312376.0,4096.0,,0.0,,,,10.0,57.0,56.0,,1305.0,715.0
2020-08-11 17:41:34,2020-08-11,86400,,daily_unique_reset_each_window,1,snowflakes-2020-08.tar.xz:snowflakes-2020-08/11/2020-08-11-17-41-34-snowflake-stats,5730.0,5653.0,16.0,,57.0,,,,,352032.0,3536.0,,0.0,,,,5.0,55.0,58.0,,1295.0,672.0
2020-08-12 17:41:34,2020-08-12,86400,,daily_unique_reset_each_window,1,snowflakes-2020-08.tar.xz:snowflakes-2020-08/12/2020-08-12-17-41-34-snowflake-stats,6069.0,5896.0,18.0,,152.0,,,,,350016.0,3296.0,,0.0,,,,5.0,62.0,62.0,,1297.0,773.0
2020-08-13 17:41:34,2020-08-13,86400,,daily_unique_reset_each_window,1,snowflakes-2020-08.tar.xz:snowflakes-2020-08/13/2020-08-13-17-41-34-snowflake-stats,6085.0,6005.0,17.0,,60.0,,,,,418040.0,2952.0,,0.0,,,,5.0,66.0,65.0,,1338.0,784.0
2020-08-14 17:41:34,2020-08-14,86400,,daily_unique_reset_each_window,1,snowflakes-2020-08.tar.xz:snowflakes-2020-08/14/2020-08-14-17-41-34-snowflake-stats,6612.0,6533.0,21.0,,55.0,,,,,472616.0,2184.0,,0.0,,,,9.0,72.0,66.0,,1511.0,792.0
2020-08-15 17:41:34,2020-08-15,86400,,daily_unique_reset_each_window,1,snowflakes-2020-08.tar.xz:snowflakes-2020-08/15/2020-08-15-17-41-34-snowflake-stats,6153.0,6095.0,19.0,,36.0,,,,,463632.0,1984.0,,0.0,,,,16.0,57.0,58.0,,1391.0,763.0
2020-08-16 17:41:34,2020-08-16,86400,,daily_unique_reset_each_window,1,snowflakes-2020-08.tar.xz:snowflakes-2020-08/16/2020-08-16-17-41-34-snowflake-stats,5962.0,5915.0,18.0,,26.0,,,,,402520.0,2464.0,,0.0,,,,10.0,53.0,56.0,,1332.0,755.0
2020-08-17 17:41:34,2020-08-17,86400,,daily_unique_reset_each_window,1,snowflakes-2020-08.tar.xz:snowflakes-2020-08/17/2020-08-17-17-41-34-snowflake-stats,6321.0,6272.0,17.0,,28.0,,,,,396224.0,2664.0,,0.0,,,,6.0,54.0,59.0,,1508.0,818.0
2020-08-18 17:41:34,2020-08-18,86400,,daily_unique_reset_each_window,1,snowflakes-2020-08.tar.xz:snowflakes-2020-08/18/2020-08-18-17-41-34-snowflake-stats,6432.0,6389.0,16.0,,24.0,,,,,311880.0,7152.0,,0.0,,,,5.0,65.0,63.0,,1535.0,815.0
2020-08-19 17:41:34,2020-08-19,86400,,daily_unique_reset_each_window,1,snowflakes-2020-08.tar.xz:snowflakes-2020-08/19/2020-08-19-17-41-34-snowflake-stats,6426.0,6376.0,16.0,,31.0,,,,,355736.0,4184.0,,0.0,,,,5.0,69.0,63.0,,1533.0,812.0
2020-08-20 17:41:34,2020-08-20,86400,,daily_unique_reset_each_window,1,snowflakes-2020-08.tar.xz:snowflakes-2020-08/20/2020-08-20-17-41-34-snowflake-stats,6362.0,6321.0,16.0,,22.0,,,,,367768.0,4648.0,,0.0,,,,12.0,90.0,55.0,,1541.0,807.0
2020-08-21 17:41:34,2020-08-21,86400,,daily_unique_reset_each_window,1,snowflakes-2020-08.tar.xz:snowflakes-2020-08/21/2020-08-21-17-41-34-snowflake-stats,6387.0,6342.0,18.0,,23.0,,,,,312792.0,8368.0,,1736.0,,,,20.0,119.0,68.0,,1417.0,759.0
2020-08-22 17:41:34,2020-08-22,86400,,daily_unique_reset_each_window,1,snowflakes-2020-08.tar.xz:snowflakes-2020-08/22/2020-08-22-17-41-34-snowflake-stats,5802.0,5727.0,13.0,,60.0,,,,,277336.0,6800.0,,0.0,,,,30.0,122.0,62.0,,1419.0,652.0
2020-08-23 17:41:34,2020-08-23,86400,,daily_unique_reset_each_window,1,snowflakes-2020-08.tar.xz:snowflakes-2020-08/23/2020-08-23-17-41-34-snowflake-stats,5552.0,5500.0,15.0,,35.0,,,,,319216.0,3160.0,,0.0,,,,16.0,109.0,45.0,,1246.0,656.0
2020-08-25 13:53:42,2020-08-25,86400,,daily_unique_reset_each_window,1,snowflakes-2020-08.tar.xz:snowflakes-2020-08/25/2020-08-25-13-53-42-snowflake-stats,6131.0,6082.0,18.0,,28.0,,708.0,1.0,5412.0,353448.0,5720.0,,0.0,,,,11.0,132.0,58.0,,1407.0,755.0
2020-08-26 13:53:42,2020-08-26,86400,,daily_unique_reset_each_window,1,snowflakes-2020-08.tar.xz:snowflakes-2020-08/26/2020-08-26-13-53-42-snowflake-stats,6250.0,6209.0,16.0,,22.0,,814.0,1.0,5427.0,360040.0,4256.0,,0.0,,,,6.0,125.0,65.0,,1370.0,761.0
2020-08-27 13:53:42,2020-08-27,86400,,daily_unique_reset_each_window,1,snowflakes-2020-08.tar.xz:snowflakes-2020-08/27/2020-08-27-13-53-42-snowflake-stats,6044.0,5998.0,19.0,,23.0,,858.0,2.0,5176.0,351768.0,5208.0,,0.0,,,,5.0,106.0,69.0,,1348.0,736.0
2020-08-28 13:53:42,2020-08-28,86400,,daily_unique_reset_each_window,1,snowflakes-2020-08.tar.xz:snowflakes-2020-08/28/2020-08-28-13-53-42-snowflake-stats,6026.0,5969.0,19.0,,34.0,,861.0,1.0,5154.0,352688.0,4160.0,,0.0,,,,7.0,93.0,64.0,,1312.0,800.0
2020-08-29 13:53:42,2020-08-29,86400,,daily_unique_reset_each_window,1,snowflakes-2020-08.tar.xz:snowflakes-2020-08/29/2020-08-29-13-53-42-snowflake-stats,5664.0,5606.0,19.0,,37.0,,900.0,1.0,4751.0,331440.0,5256.0,,0.0,,,,13.0,98.0,43.0,,1294.0,724.0
2020-08-30 13:53:42,2020-08-30,86400,,daily_unique_reset_each_window,1,snowflakes-2020-08.tar.xz:snowflakes-2020-08/30/2020-08-30-13-53-42-snowflake-stats,5603.0,5546.0,22.0,,33.0,,1006.0,1.0,4584.0,320104.0,8424.0,,8.0,,,,8.0,108.0,51.0,,1174.0,707.0
2020-08-31 13:53:42,2020-08-31,86400,,daily_unique_reset_each_window,1,snowflakes-2020-08.tar.xz:snowflakes-2020-08/31/2020-08-31-13-53-42-snowflake-stats,5845.0,5798.0,18.0,,23.0,,796.0,1.0,5039.0,331152.0,5336.0,,0.0,,,,9.0,107.0,57.0,,1215.0,760.0
2020-09-01 13:53:42,2020-09-01,86400,,daily_unique_reset_each_window,1,snowflakes-2020-09.tar.xz:snowflakes-2020-09/01/2020-09-01-13-53-42-snowflake-stats,6178.0,6128.0,16.0,,31.0,,855.0,1.0,5313.0,341584.0,4728.0,,0.0,,,,7.0,117.0,58.0,,1397.0,761.0
2020-09-02 13:53:42,2020-09-02,86400,,daily_unique_reset_each_window,1,snowflakes-2020-09.tar.xz:snowflakes-2020-09/02/2020-09-02-13-53-42-snowflake-stats,6254.0,6202.0,19.0,,29.0,,819.0,1.0,5419.0,345344.0,6472.0,,0.0,,,,10.0,116.0,72.0,,1411.0,788.0
2020-09-03 13:53:42,2020-09-03,86400,,daily_unique_reset_each_window,1,snowflakes-2020-09.tar.xz:snowflakes-2020-09/03/2020-09-03-13-53-42-snowflake-stats,6107.0,6055.0,20.0,,29.0,,696.0,1.0,5400.0,346040.0,5936.0,,0.0,,,,8.0,113.0,57.0,,1382.0,802.0
2020-09-04 13:53:42,2020-09-04,86400,,daily_unique_reset_each_window,1,snowflakes-2020-09.tar.xz:snowflakes-2020-09/04/2020-09-04-13-53-42-snowflake-stats,5947.0,5891.0,22.0,,31.0,,735.0,2.0,5204.0,320040.0,9240.0,,8.0,,,,11.0,123.0,55.0,,1295.0,749.0
2020-09-05 13:53:42,2020-09-05,86400,,daily_unique_reset_each_window,1,snowflakes-2020-09.tar.xz:snowflakes-2020-09/05/2020-09-05-13-53-42-snowflake-stats,5629.0,5570.0,22.0,,35.0,,596.0,2.0,5025.0,300160.0,9984.0,,0.0,,,,15.0,81.0,58.0,,1238.0,741.0
2020-09-06 13:53:42,2020-09-06,86400,,daily_unique_reset_each_window,1,snowflakes-2020-09.tar.xz:snowflakes-2020-09/06/2020-09-06-13-53-42-snowflake-stats,5405.0,5356.0,18.0,,30.0,,663.0,1.0,4730.0,304256.0,9416.0,,0.0,,,,7.0,54.0,60.0,1.0,1190.0,701.0
2020-09-07 13:53:42,2020-09-07,86400,,daily_unique_reset_each_window,1,snowflakes-2020-09.tar.xz:snowflakes-2020-09/07/2020-09-07-13-53-42-snowflake-stats,5691.0,5654.0,19.0,,17.0,,608.0,2.0,5075.0,328872.0,9544.0,,0.0,,,,7.0,65.0,63.0,,1138.0,734.0
2020-09-08 13:53:42,2020-09-08,86400,,daily_unique_reset_each_window,1,snowflakes-2020-09.tar.xz:snowflakes-2020-09/08/2020-09-08-13-53-42-snowflake-stats,5999.0,5951.0,23.0,,24.0,,645.0,1.0,5342.0,339536.0,6144.0,,0.0,,,,10.0,56.0,56.0,,1286.0,764.0
2020-09-09 13:53:42,2020-09-09,86400,,daily_unique_reset_each_window,1,snowflakes-2020-09.tar.xz:snowflakes-2020-09/09/2020-09-09-13-53-42-snowflake-stats,6071.0,6029.0,22.0,,18.0,,571.0,1.0,5490.0,373656.0,5040.0,,0.0,,,,8.0,60.0,56.0,1.0,1376.0,764.0
2020-09-10 13:53:42,2020-09-10,86400,,daily_unique_reset_each_window,1,snowflakes-2020-09.tar.xz:snowflakes-2020-09/10/2020-09-10-13-53-42-snowflake-stats,6142.0,6102.0,22.0,,16.0,,729.0,1.0,5405.0,361776.0,4920.0,,0.0,,,,9.0,62.0,68.0,,1371.0,770.0
2020-09-11 13:53:42,2020-09-11,86400,,daily_unique_reset_each_window,1,snowflakes-2020-09.tar.xz:snowflakes-2020-09/11/2020-09-11-13-53-42-snowflake-stats,6083.0,6028.0,20.0,,33.0,,596.0,1.0,5481.0,379808.0,4776.0,,0.0,,,,9.0,64.0,67.0,,1440.0,757.0
2020-09-12 13:53:42,2020-09-12,86400,,daily_unique_reset_each_window,1,snowflakes-2020-09.tar.xz:snowflakes-2020-09/12/2020-09-12-13-53-42-snowflake-stats,5770.0,5727.0,23.0,,19.0,,714.0,2.0,5048.0,344896.0,8496.0,,0.0,,,,6.0,54.0,60.0,,1358.0,732.0
2020-09-13 13:53:42,2020-09-13,86400,,daily_unique_reset_each_window,1,snowflakes-2020-09.tar.xz:snowflakes-2020-09/13/2020-09-13-13-53-42-snowflake-stats,5495.0,5439.0,23.0,,31.0,,1459.0,2.0,4031.0,308736.0,7088.0,,0.0,,,,8.0,60.0,60.0,,1242.0,692.0
2020-09-14 13:53:42,2020-09-14,86400,,daily_unique_reset_each_window,1,snowflakes-2020-09.tar.xz:snowflakes-2020-09/14/2020-09-14-13-53-42-snowflake-stats,6008.0,5963.0,17.0,,27.0,,1150.0,1.0,4854.0,319368.0,6488.0,,0.0,,,,13.0,64.0,67.0,,1318.0,750.0
2020-09-15 13:53:42,2020-09-15,86400,,daily_unique_reset_each_window,1,snowflakes-2020-09.tar.xz:snowflakes-2020-09/15/2020-09-15-13-53-42-snowflake-stats,5960.0,5904.0,19.0,,36.0,,1011.0,2.0,4936.0,329352.0,6152.0,,0.0,,,,5.0,59.0,67.0,,1325.0,770.0
2020-09-16 13:53:42,2020-09-16,86400,,daily_unique_reset_each_window,1,snowflakes-2020-09.tar.xz:snowflakes-2020-09/16/2020-09-16-13-53-42-snowflake-stats,6063.0,6011.0,23.0,,26.0,,1057.0,3.0,4993.0,357776.0,4264.0,,0.0,,,,8.0,60.0,58.0,,1340.0,748.0
2020-09-17 13:53:42,2020-09-17,86400,,daily_unique_reset_each_window,1,snowflakes-2020-09.tar.xz:snowflakes-2020-09/17/2020-09-17-13-53-42-snowflake-stats,5948.0,5910.0,20.0,,17.0,,1428.0,1.0,4512.0,300192.0,10136.0,,8504.0,,,,13.0,69.0,53.0,,1271.0,761.0
2020-09-18 13:53:42,2020-09-18,86400,,daily_unique_reset_each_window,1,snowflakes-2020-09.tar.xz:snowflakes-2020-09/18/2020-09-18-13-53-42-snowflake-stats,5952.0,5910.0,20.0,,20.0,,2148.0,1.0,3797.0,263824.0,7768.0,,2336.0,,,,12.0,64.0,70.0,,1350.0,709.0
2020-09-19 13:53:42,2020-09-19,86400,,daily_unique_reset_each_window,1,snowflakes-2020-09.tar.xz:snowflakes-2020-09/19/2020-09-19-13-53-42-snowflake-stats,5643.0,5591.0,19.0,,32.0,,1429.0,1.0,4207.0,280304.0,5912.0,,8.0,,,,13.0,63.0,68.0,1.0,1293.0,719.0
2020-09-20 13:53:42,2020-09-20,86400,,daily_unique_reset_each_window,1,snowflakes-2020-09.tar.xz:snowflakes-2020-09/20/2020-09-20-13-53-42-snowflake-stats,5244.0,5202.0,22.0,,18.0,,1356.0,1.0,3881.0,288288.0,5960.0,,328.0,,,,21.0,58.0,56.0,,1143.0,678.0
2020-09-21 13:53:42,2020-09-21,86400,,daily_unique_reset_each_window,1,snowflakes-2020-09.tar.xz:snowflakes-2020-09/21/2020-09-21-13-53-42-snowflake-stats,5804.0,5767.0,16.0,,18.0,,2423.0,0.0,3371.0,330792.0,5256.0,,8.0,,,,21.0,69.0,74.0,,1220.0,704.0
2020-09-22 13:53:42,2020-09-22,86400,,daily_unique_reset_each_window,1,snowflakes-2020-09.tar.xz:snowflakes-2020-09/22/2020-09-22-13-53-42-snowflake-stats,5867.0,5826.0,17.0,,22.0,,1441.0,1.0,4417.0,398960.0,2880.0,,0.0,,,,9.0,61.0,57.0,,1217.0,764.0
2020-09-23 13:53:42,2020-09-23,86400,,daily_unique_reset_each_window,1,snowflakes-2020-09.tar.xz:snowflakes-2020-09/23/2020-09-23-13-53-42-snowflake-stats,5908.0,5863.0,22.0,,21.0,,1233.0,4.0,4663.0,373320.0,4824.0,,0.0,,,,11.0,52.0,67.0,,1287.0,769.0
2020-09-24 13:53:42,2020-09-24,86400,,daily_unique_reset_each_window,1,snowflakes-2020-09.tar.xz:snowflakes-2020-09/24/2020-09-24-13-53-42-snowflake-stats,6054.0,6008.0,22.0,,22.0,,1142.0,3.0,4902.0,357304.0,5360.0,,0.0,,,,11.0,57.0,67.0,,1285.0,799.0
2020-09-25 13:53:42,2020-09-25,86400,,daily_unique_reset_each_window,1,snowflakes-2020-09.tar.xz:snowflakes-2020-09/25/2020-09-25-13-53-42-snowflake-stats,6416.0,6368.0,25.0,,21.0,,1312.0,0.0,5101.0,347768.0,5208.0,,0.0,,,,10.0,54.0,62.0,,1432.0,839.0
2020-09-26 13:53:42,2020-09-26,86400,,daily_unique_reset_each_window,1,snowflakes-2020-09.tar.xz:snowflakes-2020-09/26/2020-09-26-13-53-42-snowflake-stats,6163.0,6126.0,16.0,,20.0,,1111.0,0.0,5046.0,337216.0,6616.0,,0.0,,,,8.0,59.0,69.0,,1353.0,817.0
2020-09-27 13:53:42,2020-09-27,86400,,daily_unique_reset_each_window,1,snowflakes-2020-09.tar.xz:snowflakes-2020-09/27/2020-09-27-13-53-42-snowflake-stats,5714.0,5671.0,17.0,,25.0,,1053.0,0.0,4652.0,329456.0,6328.0,,0.0,,,,12.0,56.0,76.0,,1246.0,735.0
2020-09-28 13:53:42,2020-09-28,86400,,daily_unique_reset_each_window,1,snowflakes-2020-09.tar.xz:snowflakes-2020-09/28/2020-09-28-13-53-42-snowflake-stats,6065.0,6015.0,14.0,,34.0,,1307.0,0.0,4751.0,334504.0,6160.0,,8.0,,,,8.0,61.0,67.0,,1312.0,781.0
2020-09-29 13:53:42,2020-09-29,86400,,daily_unique_reset_each_window,1,snowflakes-2020-09.tar.xz:snowflakes-2020-09/29/2020-09-29-13-53-42-snowflake-stats,6343.0,6303.0,20.0,,18.0,,1123.0,0.0,5215.0,339936.0,12784.0,,664.0,,,,9.0,51.0,78.0,,1447.0,864.0
2020-09-30 13:53:42,2020-09-30,86400,,daily_unique_reset_each_window,1,snowflakes-2020-09.tar.xz:snowflakes-2020-09/30/2020-09-30-13-53-42-snowflake-stats,6225.0,6185.0,15.0,,23.0,,1393.0,0.0,4826.0,282184.0,18080.0,,1992.0,,,,8.0,61.0,71.0,,1339.0,800.0
2020-10-01 13:53:42,2020-10-01,86400,,daily_unique_reset_each_window,1,snowflakes-2020-10.tar.xz:snowflakes-2020-10/01/2020-10-01-13-53-42-snowflake-stats,6058.0,6008.0,19.0,,29.0,,1374.0,0.0,4674.0,243216.0,20600.0,,3048.0,,,,5.0,58.0,42.0,,1349.0,794.0
2020-10-02 13:53:42,2020-10-02,86400,,daily_unique_reset_each_window,1,snowflakes-2020-10.tar.xz:snowflakes-2020-10/02/2020-10-02-13-53-42-snowflake-stats,6079.0,6048.0,16.0,,13.0,,1118.0,0.0,4959.0,241768.0,20992.0,,3632.0,,,,12.0,57.0,59.0,,1332.0,784.0
2020-10-03 13:53:42,2020-10-03,86400,,daily_unique_reset_each_window,1,snowflakes-2020-10.tar.xz:snowflakes-2020-10/03/2020-10-03-13-53-42-snowflake-stats,5889.0,5854.0,14.0,,20.0,,988.0,0.0,4891.0,241456.0,22632.0,,4008.0,,,,7.0,54.0,59.0,,1379.0,770.0
2020-10-04 13:53:42,2020-10-04,86400,,daily_unique_reset_each_window,1,snowflakes-2020-10.tar.xz:snowflakes-2020-10/04/2020-10-04-13-53-42-snowflake-stats,5624.0,5583.0,19.0,,20.0,,888.0,0.0,4731.0,224888.0,22704.0,,4864.0,,,,7.0,54.0,49.0,,1224.0,732.0
2020-10-05 13:53:42,2020-10-05,86400,,daily_unique_reset_each_window,1,snowflakes-2020-10.tar.xz:snowflakes-2020-10/05/2020-10-05-13-53-42-snowflake-stats,6081.0,6027.0,17.0,,35.0,,1063.0,0.0,5011.0,261968.0,18216.0,,1224.0,,,,7.0,47.0,66.0,,1244.0,811.0
2020-10-06 13:53:42,2020-10-06,86400,,daily_unique_reset_each_window,1,snowflakes-2020-10.tar.xz:snowflakes-2020-10/06/2020-10-06-13-53-42-snowflake-stats,6519.0,6483.0,15.0,,19.0,,1005.0,0.0,5512.0,276440.0,26456.0,,7040.0,,,,7.0,56.0,52.0,,1416.0,878.0
2020-10-07 13:53:42,2020-10-07,86400,,daily_unique_reset_each_window,1,snowflakes-2020-10.tar.xz:snowflakes-2020-10/07/2020-10-07-13-53-42-snowflake-stats,6815.0,6784.0,14.0,,15.0,,795.0,0.0,6015.0,297840.0,22496.0,,2792.0,,,,11.0,63.0,45.0,,1454.0,923.0
2020-10-08 13:53:42,2020-10-08,86400,,daily_unique_reset_each_window,1,snowflakes-2020-10.tar.xz:snowflakes-2020-10/08/2020-10-08-13-53-42-snowflake-stats,6630.0,6595.0,14.0,,19.0,,1171.0,0.0,5455.0,246008.0,23384.0,,5656.0,,,,8.0,61.0,64.0,,1407.0,926.0
2020-10-09 13:53:42,2020-10-09,86400,,daily_unique_reset_each_window,1,snowflakes-2020-10.tar.xz:snowflakes-2020-10/09/2020-10-09-13-53-42-snowflake-stats,6388.0,6329.0,17.0,,40.0,,1014.0,0.0,5369.0,230440.0,22264.0,,3712.0,,,,9.0,55.0,58.0,,1410.0,838.0
2020-10-10 13:53:42,2020-10-10,86400,,daily_unique_reset_each_window,1,snowflakes-2020-10.tar.xz:snowflakes-2020-10/10/2020-10-10-13-53-42-snowflake-stats,6060.0,6025.0,14.0,,19.0,,921.0,0.0,5133.0,228984.0,23016.0,,1560.0,,,,6.0,59.0,63.0,,1340.0,812.0
2020-10-11 13:53:42,2020-10-11,86400,,daily_unique_reset_each_window,1,snowflakes-2020-10.tar.xz:snowflakes-2020-10/11/2020-10-11-13-53-42-snowflake-stats,5740.0,5696.0,18.0,,24.0,,901.0,0.0,4829.0,205600.0,25032.0,,10728.0,,,,7.0,51.0,59.0,,1203.0,777.0
2020-10-12 13:53:42,2020-10-12,86400,,daily_unique_reset_each_window,1,snowflakes-2020-10.tar.xz:snowflakes-2020-10/12/2020-10-12-13-53-42-snowflake-stats,6154.0,6107.0,22.0,,22.0,,1125.0,0.0,5020.0,230688.0,25552.0,,6336.0,,,,7.0,62.0,74.0,,1272.0,812.0
2020-10-13 13:53:42,2020-10-13,86400,,daily_unique_reset_each_window,1,snowflakes-2020-10.tar.xz:snowflakes-2020-10/13/2020-10-13-13-53-42-snowflake-stats,6366.0,6310.0,30.0,,23.0,,1236.0,4.0,5118.0,261184.0,24064.0,,8256.0,,,,4.0,61.0,62.0,,1364.0,877.0
2020-10-14 13:53:42,2020-10-14,86400,,daily_unique_reset_each_window,1,snowflakes-2020-10.tar.xz:snowflakes-2020-10/14/2020-10-14-13-53-42-snowflake-stats,6499.0,6467.0,22.0,,8.0,,1460.0,0.0,5035.0,259296.0,22064.0,,9480.0,,,,7.0,67.0,75.0,,1377.0,928.0
2020-10-15 13:53:42,2020-10-15,86400,,daily_unique_reset_each_window,1,snowflakes-2020-10.tar.xz:snowflakes-2020-10/15/2020-10-15-13-53-42-snowflake-stats,6396.0,6352.0,17.0,,24.0,,1347.0,0.0,5039.0,262872.0,20472.0,,3112.0,,,,9.0,78.0,70.0,,1373.0,873.0
2020-10-16 13:53:42,2020-10-16,86400,,daily_unique_reset_each_window,1,snowflakes-2020-10.tar.xz:snowflakes-2020-10/16/2020-10-16-13-53-42-snowflake-stats,6567.0,6530.0,18.0,,16.0,,1820.0,1.0,4740.0,231968.0,21120.0,,9872.0,,,,7.0,60.0,67.0,,1414.0,898.0
2020-10-17 13:53:42,2020-10-17,86400,,daily_unique_reset_each_window,1,snowflakes-2020-10.tar.xz:snowflakes-2020-10/17/2020-10-17-13-53-42-snowflake-stats,6013.0,5980.0,16.0,,14.0,,1822.0,0.0,4183.0,220648.0,17184.0,,9144.0,,,,8.0,64.0,45.0,,1317.0,818.0
2020-10-18 13:53:42,2020-10-18,86400,,daily_unique_reset_each_window,1,snowflakes-2020-10.tar.xz:snowflakes-2020-10/18/2020-10-18-13-53-42-snowflake-stats,5899.0,5865.0,13.0,,20.0,,2194.0,0.0,3701.0,211856.0,18720.0,,44360.0,,,,15.0,67.0,48.0,,1315.0,779.0
2020-10-19 13:53:42,2020-10-19,86400,,daily_unique_reset_each_window,1,snowflakes-2020-10.tar.xz:snowflakes-2020-10/19/2020-10-19-13-53-42-snowflake-stats,6101.0,6076.0,14.0,,9.0,,2484.0,0.0,3611.0,232776.0,18440.0,,22800.0,,,,9.0,61.0,55.0,,1261.0,806.0
2020-10-20 13:53:42,2020-10-20,86400,,daily_unique_reset_each_window,1,snowflakes-2020-10.tar.xz:snowflakes-2020-10/20/2020-10-20-13-53-42-snowflake-stats,6369.0,6325.0,21.0,,21.0,,2315.0,1.0,4048.0,242648.0,19320.0,,12296.0,,,,6.0,54.0,65.0,,1309.0,858.0
2020-10-21 13:53:42,2020-10-21,86400,,daily_unique_reset_each_window,1,snowflakes-2020-10.tar.xz:snowflakes-2020-10/21/2020-10-21-13-53-42-snowflake-stats,6563.0,6529.0,17.0,,15.0,,2315.0,0.0,4241.0,254552.0,18400.0,,16480.0,,,,8.0,70.0,65.0,,1360.0,912.0
2020-10-22 13:53:42,2020-10-22,86400,,daily_unique_reset_each_window,1,snowflakes-2020-10.tar.xz:snowflakes-2020-10/22/2020-10-22-13-53-42-snowflake-stats,6424.0,6388.0,16.0,,19.0,,2501.0,0.0,3919.0,263696.0,21776.0,,13008.0,,,,8.0,73.0,59.0,,1312.0,870.0
2020-10-23 13:53:42,2020-10-23,86400,,daily_unique_reset_each_window,1,snowflakes-2020-10.tar.xz:snowflakes-2020-10/23/2020-10-23-13-53-42-snowflake-stats,6416.0,6373.0,26.0,,16.0,,2303.0,0.0,4106.0,279400.0,16464.0,,8816.0,,,,9.0,75.0,67.0,,1350.0,872.0
2020-10-24 13:53:42,2020-10-24,86400,,daily_unique_reset_each_window,1,snowflakes-2020-10.tar.xz:snowflakes-2020-10/24/2020-10-24-13-53-42-snowflake-stats,6190.0,6150.0,26.0,,13.0,,2034.0,2.0,4146.0,240672.0,23040.0,,11752.0,,,,11.0,53.0,61.0,,1391.0,869.0
2020-10-25 13:53:42,2020-10-25,86400,,daily_unique_reset_each_window,1,snowflakes-2020-10.tar.xz:snowflakes-2020-10/25/2020-10-25-13-53-42-snowflake-stats,5913.0,5877.0,22.0,,14.0,,2494.0,5.0,3403.0,211368.0,14744.0,,216264.0,,,,10.0,46.0,48.0,,1302.0,896.0
2020-10-26 13:53:42,2020-10-26,86400,,daily_unique_reset_each_window,1,snowflakes-2020-10.tar.xz:snowflakes-2020-10/26/2020-10-26-13-53-42-snowflake-stats,6370.0,6322.0,18.0,,28.0,,2224.0,2.0,4135.0,254744.0,17896.0,,22744.0,,,,5.0,131.0,55.0,,1358.0,874.0
2020-10-27 13:53:42,2020-10-27,86400,,daily_unique_reset_each_window,1,snowflakes-2020-10.tar.xz:snowflakes-2020-10/27/2020-10-27-13-53-42-snowflake-stats,6474.0,6431.0,20.0,,21.0,,2248.0,2.0,4215.0,248608.0,19344.0,,19848.0,,,,7.0,123.0,68.0,,1395.0,845.0
2020-10-28 13:53:42,2020-10-28,86400,,daily_unique_reset_each_window,1,snowflakes-2020-10.tar.xz:snowflakes-2020-10/28/2020-10-28-13-53-42-snowflake-stats,6565.0,6529.0,21.0,,14.0,,2734.0,0.0,3825.0,266232.0,17120.0,,38800.0,,,,3.0,123.0,79.0,,1376.0,866.0
2020-10-29 13:53:42,2020-10-29,86400,,daily_unique_reset_each_window,1,snowflakes-2020-10.tar.xz:snowflakes-2020-10/29/2020-10-29-13-53-42-snowflake-stats,6648.0,6596.0,25.0,,23.0,,2898.0,2.0,3741.0,252096.0,18328.0,,45920.0,,,,9.0,125.0,73.0,,1387.0,905.0
2020-10-30 13:53:42,2020-10-30,86400,,daily_unique_reset_each_window,1,snowflakes-2020-10.tar.xz:snowflakes-2020-10/30/2020-10-30-13-53-42-snowflake-stats,7278.0,7236.0,17.0,,23.0,,2552.0,1.0,4715.0,668152.0,20976.0,,14176.0,,,,10.0,140.0,62.0,,1588.0,1008.0
2020-10-31 13:53:42,2020-10-31,86400,,daily_unique_reset_each_window,1,snowflakes-2020-10.tar.xz:snowflakes-2020-10/31/2020-10-31-13-53-42-snowflake-stats,6677.0,6641.0,20.0,,15.0,,3109.0,1.0,3562.0,839392.0,15424.0,,10600.0,,,,10.0,111.0,71.0,1.0,1463.0,867.0
2020-11-01 13:53:42,2020-11-01,86400,,daily_unique_reset_each_window,1,snowflakes-2020-11.tar.xz:snowflakes-2020-11/01/2020-11-01-13-53-42-snowflake-stats,5859.0,5825.0,17.0,,16.0,,2614.0,0.0,3241.0,777712.0,17240.0,,2128.0,,,,10.0,105.0,71.0,1.0,1232.0,806.0
2020-11-02 13:53:42,2020-11-02,86400,,daily_unique_reset_each_window,1,snowflakes-2020-11.tar.xz:snowflakes-2020-11/02/2020-11-02-13-53-42-snowflake-stats,6298.0,6263.0,19.0,,15.0,,1690.0,0.0,4603.0,810496.0,18896.0,,1384.0,,,,9.0,103.0,80.0,,1308.0,846.0
2020-11-03 13:53:42,2020-11-03,86400,,daily_unique_reset_each_window,1,snowflakes-2020-11.tar.xz:snowflakes-2020-11/03/2020-11-03-13-53-42-snowflake-stats,6525.0,6489.0,20.0,,14.0,,1630.0,1.0,4886.0,786944.0,22752.0,,1040.0,,,,4.0,111.0,61.0,,1375.0,898.0
2020-11-04 22:00:16,2020-11-04,86400,,daily_unique_reset_each_window,1,snowflakes-2020-11.tar.xz:snowflakes-2020-11/04/2020-11-04-22-00-16-snowflake-stats,6585.0,6545.0,17.0,,21.0,,1553.0,1.0,5023.0,724864.0,24872.0,,4640.0,,,,7.0,96.0,57.0,,1431.0,905.0
2020-11-06 19:24:38,2020-11-06,86400,,daily_unique_reset_each_window,1,snowflakes-2020-11.tar.xz:snowflakes-2020-11/06/2020-11-06-19-24-38-snowflake-stats,6525.0,6484.0,16.0,,24.0,,2454.0,0.0,4055.0,762624.0,17072.0,,11936.0,,,,10.0,116.0,54.0,,1476.0,884.0
2020-11-07 19:24:38,2020-11-07,86400,,daily_unique_reset_each_window,1,snowflakes-2020-11.tar.xz:snowflakes-2020-11/07/2020-11-07-19-24-38-snowflake-stats,6136.0,6090.0,13.0,,32.0,,3080.0,0.0,3037.0,721120.0,13768.0,,27560.0,,,,8.0,97.0,54.0,,1412.0,885.0
2020-11-08 19:24:38,2020-11-08,86400,,daily_unique_reset_each_window,1,snowflakes-2020-11.tar.xz:snowflakes-2020-11/08/2020-11-08-19-24-38-snowflake-stats,3531.0,3496.0,24.0,,11.0,,2641.0,0.0,885.0,506256.0,53064.0,,53880.0,,,,3.0,51.0,15.0,,916.0,469.0
2020-11-09 19:24:38,2020-11-09,86400,,daily_unique_reset_each_window,1,snowflakes-2020-11.tar.xz:snowflakes-2020-11/09/2020-11-09-19-24-38-snowflake-stats,5290.0,5241.0,26.0,,22.0,,1936.0,0.0,3341.0,577568.0,19560.0,,13088.0,,,,7.0,97.0,55.0,,1095.0,842.0
2020-11-10 19:24:38,2020-11-10,86400,,daily_unique_reset_each_window,1,snowflakes-2020-11.tar.xz:snowflakes-2020-11/10/2020-11-10-19-24-38-snowflake-stats,6472.0,6430.0,21.0,,20.0,,3194.0,0.0,3270.0,804272.0,13264.0,,13184.0,,,,12.0,107.0,51.0,,1432.0,916.0
2020-11-11 19:24:38,2020-11-11,86400,,daily_unique_reset_each_window,1,snowflakes-2020-11.tar.xz:snowflakes-2020-11/11/2020-11-11-19-24-38-snowflake-stats,6651.0,6613.0,25.0,,12.0,,3067.0,0.0,3576.0,820816.0,15288.0,,11216.0,,,,5.0,105.0,63.0,1.0,1506.0,931.0
2020-11-12 19:24:38,2020-11-12,86400,,daily_unique_reset_each_window,1,snowflakes-2020-11.tar.xz:snowflakes-2020-11/12/2020-11-12-19-24-38-snowflake-stats,6578.0,6544.0,18.0,,15.0,,3128.0,0.0,3443.0,851976.0,13128.0,,19496.0,,,,10.0,132.0,55.0,1.0,1444.0,876.0
2020-11-13 19:24:38,2020-11-13,86400,,daily_unique_reset_each_window,1,snowflakes-2020-11.tar.xz:snowflakes-2020-11/13/2020-11-13-19-24-38-snowflake-stats,6511.0,6471.0,19.0,,20.0,,3209.0,0.0,3293.0,841688.0,14024.0,,23264.0,,,,6.0,110.0,52.0,,1437.0,893.0
2020-11-14 19:24:38,2020-11-14,86400,,daily_unique_reset_each_window,1,snowflakes-2020-11.tar.xz:snowflakes-2020-11/14/2020-11-14-19-24-38-snowflake-stats,6030.0,5998.0,22.0,,9.0,,2760.0,0.0,3266.0,678504.0,23784.0,,78896.0,,,,8.0,83.0,40.0,,1387.0,805.0
2020-11-15 19:24:38,2020-11-15,86400,,daily_unique_reset_each_window,1,snowflakes-2020-11.tar.xz:snowflakes-2020-11/15/2020-11-15-19-24-38-snowflake-stats,5948.0,5914.0,22.0,,11.0,,2498.0,0.0,3448.0,646856.0,22600.0,,34792.0,,,,8.0,95.0,53.0,1.0,1311.0,795.0
2020-11-16 19:24:38,2020-11-16,86400,,daily_unique_reset_each_window,1,snowflakes-2020-11.tar.xz:snowflakes-2020-11/16/2020-11-16-19-24-38-snowflake-stats,6484.0,6446.0,20.0,,17.0,,2238.0,3.0,4239.0,759440.0,15904.0,,25968.0,,,,10.0,109.0,63.0,1.0,1396.0,867.0
2020-11-17 19:24:38,2020-11-17,86400,,daily_unique_reset_each_window,1,snowflakes-2020-11.tar.xz:snowflakes-2020-11/17/2020-11-17-19-24-38-snowflake-stats,6848.0,6812.0,17.0,,18.0,,3073.0,14.0,3752.0,928912.0,17336.0,,19416.0,,,,7.0,118.0,69.0,1.0,1498.0,909.0
2020-11-18 19:24:38,2020-11-18,86400,,daily_unique_reset_each_window,1,snowflakes-2020-11.tar.xz:snowflakes-2020-11/18/2020-11-18-19-24-38-snowflake-stats,7154.0,7102.0,18.0,,32.0,,3543.0,64.0,3527.0,985416.0,16936.0,,11744.0,,,,7.0,112.0,68.0,1.0,1616.0,960.0
2020-11-19 19:24:38,2020-11-19,86400,,daily_unique_reset_each_window,1,snowflakes-2020-11.tar.xz:snowflakes-2020-11/19/2020-11-19-19-24-38-snowflake-stats,6763.0,6714.0,18.0,,30.0,,3474.0,58.0,3218.0,550104.0,30024.0,,72320.0,,,,10.0,105.0,84.0,,1482.0,921.0
2020-11-20 19:24:38,2020-11-20,86400,,daily_unique_reset_each_window,1,snowflakes-2020-11.tar.xz:snowflakes-2020-11/20/2020-11-20-19-24-38-snowflake-stats,6421.0,6384.0,15.0,,21.0,,3291.0,20.0,3102.0,696528.0,14320.0,,39760.0,,,,9.0,106.0,82.0,,1419.0,829.0
2020-11-21 19:24:38,2020-11-21,86400,,daily_unique_reset_each_window,1,snowflakes-2020-11.tar.xz:snowflakes-2020-11/21/2020-11-21-19-24-38-snowflake-stats,6313.0,6272.0,24.0,,16.0,,3212.0,24.0,3070.0,714552.0,15872.0,,20600.0,,,,8.0,104.0,79.0,,1429.0,844.0
2020-11-22 19:24:38,2020-11-22,86400,,daily_unique_reset_each_window,1,snowflakes-2020-11.tar.xz:snowflakes-2020-11/22/2020-11-22-19-24-38-snowflake-stats,6082.0,6025.0,22.0,,34.0,,3076.0,44.0,2945.0,731888.0,16368.0,,17272.0,,,,11.0,92.0,56.0,,1273.0,884.0
2020-11-23 19:24:38,2020-11-23,86400,,daily_unique_reset_each_window,1,snowflakes-2020-11.tar.xz:snowflakes-2020-11/23/2020-11-23-19-24-38-snowflake-stats,6672.0,6622.0,18.0,,31.0,,3271.0,49.0,3339.0,818440.0,16896.0,,295752.0,,,,10.0,105.0,72.0,,1498.0,946.0
2020-11-24 19:24:38,2020-11-24,86400,,daily_unique_reset_each_window,1,snowflakes-2020-11.tar.xz:snowflakes-2020-11/24/2020-11-24-19-24-38-snowflake-stats,6660.0,6610.0,25.0,,24.0,,3281.0,33.0,3338.0,885496.0,16136.0,,18208.0,,,,8.0,112.0,61.0,,1470.0,868.0
2020-11-25 19:24:38,2020-11-25,86400,,daily_unique_reset_each_window,1,snowflakes-2020-11.tar.xz:snowflakes-2020-11/25/2020-11-25-19-24-38-snowflake-stats,6574.0,6523.0,27.0,,23.0,,3404.0,27.0,3136.0,824576.0,14864.0,,79192.0,,,,10.0,91.0,71.0,,1426.0,865.0
2020-11-26 19:24:38,2020-11-26,86400,,daily_unique_reset_each_window,1,snowflakes-2020-11.tar.xz:snowflakes-2020-11/26/2020-11-26-19-24-38-snowflake-stats,6488.0,6441.0,22.0,,24.0,,3257.0,29.0,3197.0,839912.0,12912.0,,11888.0,,,,6.0,104.0,63.0,,1367.0,874.0
2020-11-27 19:24:38,2020-11-27,86400,,daily_unique_reset_each_window,1,snowflakes-2020-11.tar.xz:snowflakes-2020-11/27/2020-11-27-19-24-38-snowflake-stats,6428.0,6383.0,22.0,,21.0,,3071.0,48.0,3304.0,876776.0,11536.0,,2872.0,,,,7.0,113.0,76.0,,1408.0,844.0
2020-11-28 19:24:38,2020-11-28,86400,,daily_unique_reset_each_window,1,snowflakes-2020-11.tar.xz:snowflakes-2020-11/28/2020-11-28-19-24-38-snowflake-stats,6333.0,6292.0,22.0,,18.0,,3039.0,35.0,3252.0,912456.0,9264.0,,1312.0,,,,9.0,82.0,53.0,,1625.0,812.0
2020-11-29 19:24:38,2020-11-29,86400,,daily_unique_reset_each_window,1,snowflakes-2020-11.tar.xz:snowflakes-2020-11/29/2020-11-29-19-24-38-snowflake-stats,6336.0,6285.0,25.0,,26.0,,2899.0,39.0,3385.0,937960.0,9856.0,,2760.0,,,,14.0,97.0,54.0,,1487.0,828.0
2020-11-30 19:24:38,2020-11-30,86400,,daily_unique_reset_each_window,1,snowflakes-2020-11.tar.xz:snowflakes-2020-11/30/2020-11-30-19-24-38-snowflake-stats,7145.0,7100.0,21.0,,23.0,,3198.0,27.0,3911.0,1048688.0,9360.0,,7776.0,,,,10.0,86.0,61.0,,2043.0,855.0
2020-12-01 19:24:38,2020-12-01,86400,,daily_unique_reset_each_window,1,snowflakes-2020-12.tar.xz:snowflakes-2020-12/01/2020-12-01-19-24-38-snowflake-stats,7208.0,7154.0,29.0,,25.0,,3280.0,40.0,3879.0,1066272.0,9872.0,,64.0,,,,10.0,115.0,55.0,,2004.0,859.0
2020-12-02 19:24:38,2020-12-02,86400,,daily_unique_reset_each_window,1,snowflakes-2020-12.tar.xz:snowflakes-2020-12/02/2020-12-02-19-24-38-snowflake-stats,6883.0,6834.0,21.0,,28.0,,3369.0,29.0,3473.0,1021800.0,10480.0,,188920.0,,,,7.0,104.0,69.0,,1692.0,854.0
2020-12-03 19:24:38,2020-12-03,86400,,daily_unique_reset_each_window,1,snowflakes-2020-12.tar.xz:snowflakes-2020-12/03/2020-12-03-19-24-38-snowflake-stats,7000.0,6956.0,20.0,,23.0,,3185.0,44.0,3765.0,1119136.0,8432.0,,992.0,,,,13.0,110.0,71.0,,1833.0,797.0
2020-12-04 19:24:38,2020-12-04,86400,,daily_unique_reset_each_window,1,snowflakes-2020-12.tar.xz:snowflakes-2020-12/04/2020-12-04-19-24-38-snowflake-stats,7033.0,6980.0,19.0,,34.0,,3337.0,43.0,3645.0,1034568.0,11424.0,,31640.0,,,,10.0,104.0,80.0,,1733.0,877.0
2020-12-05 19:24:38,2020-12-05,86400,,daily_unique_reset_each_window,1,snowflakes-2020-12.tar.xz:snowflakes-2020-12/05/2020-12-05-19-24-38-snowflake-stats,6424.0,6380.0,17.0,,27.0,,3127.0,25.0,3262.0,952264.0,10184.0,,12448.0,,,,7.0,88.0,75.0,,1666.0,778.0
2020-12-06 19:24:38,2020-12-06,86400,,daily_unique_reset_each_window,1,snowflakes-2020-12.tar.xz:snowflakes-2020-12/06/2020-12-06-19-24-38-snowflake-stats,6226.0,6179.0,20.0,,26.0,,3105.0,25.0,3086.0,904152.0,12712.0,,398320.0,,,,8.0,97.0,56.0,,1561.0,725.0
2020-12-07 19:24:38,2020-12-07,86400,,daily_unique_reset_each_window,1,snowflakes-2020-12.tar.xz:snowflakes-2020-12/07/2020-12-07-19-24-38-snowflake-stats,6828.0,6792.0,16.0,,19.0,,3271.0,29.0,3523.0,970592.0,12048.0,,5768.0,,,,10.0,95.0,61.0,,1667.0,873.0
2020-12-08 19:24:38,2020-12-08,86400,,daily_unique_reset_each_window,1,snowflakes-2020-12.tar.xz:snowflakes-2020-12/08/2020-12-08-19-24-38-snowflake-stats,6908.0,6866.0,14.0,,27.0,,3246.0,29.0,3623.0,982368.0,10752.0,,1736.0,,,,13.0,102.0,55.0,,1802.0,860.0
2020-12-09 19:24:38,2020-12-09,86400,,daily_unique_reset_each_window,1,snowflakes-2020-12.tar.xz:snowflakes-2020-12/09/2020-12-09-19-24-38-snowflake-stats,7108.0,7055.0,10.0,,42.0,,3385.0,25.0,3683.0,953560.0,13536.0,,16984.0,,,,11.0,123.0,55.0,,1833.0,862.0
2020-12-10 19:24:38,2020-12-10,86400,,daily_unique_reset_each_window,1,snowflakes-2020-12.tar.xz:snowflakes-2020-12/10/2020-12-10-19-24-38-snowflake-stats,6934.0,6889.0,10.0,,34.0,,3220.0,29.0,3674.0,932296.0,13680.0,,6680.0,,,,27.0,107.0,68.0,,1641.0,859.0
2020-12-11 19:24:38,2020-12-11,86400,,daily_unique_reset_each_window,1,snowflakes-2020-12.tar.xz:snowflakes-2020-12/11/2020-12-11-19-24-38-snowflake-stats,6809.0,6763.0,24.0,,22.0,,3392.0,39.0,3370.0,877440.0,12304.0,,11904.0,,,,8.0,105.0,87.0,,1571.0,860.0
2020-12-12 19:24:38,2020-12-12,86400,,daily_unique_reset_each_window,1,snowflakes-2020-12.tar.xz:snowflakes-2020-12/12/2020-12-12-19-24-38-snowflake-stats,6626.0,6589.0,14.0,,22.0,,3179.0,23.0,3415.0,868832.0,11312.0,,6704.0,,,,12.0,96.0,60.0,,1648.0,813.0
2020-12-13 19:24:38,2020-12-13,86400,,daily_unique_reset_each_window,1,snowflakes-2020-12.tar.xz:snowflakes-2020-12/13/2020-12-13-19-24-38-snowflake-stats,6512.0,6466.0,16.0,,29.0,,3127.0,45.0,3330.0,872280.0,11832.0,,33568.0,,,,14.0,102.0,57.0,,1613.0,819.0
2020-12-14 19:24:38,2020-12-14,86400,,daily_unique_reset_each_window,1,snowflakes-2020-12.tar.xz:snowflakes-2020-12/14/2020-12-14-19-24-38-snowflake-stats,6972.0,6924.0,17.0,,30.0,,3073.0,27.0,3861.0,941448.0,9944.0,,1384.0,,,,13.0,98.0,57.0,,1739.0,902.0
2020-12-15 19:24:38,2020-12-15,86400,,daily_unique_reset_each_window,1,snowflakes-2020-12.tar.xz:snowflakes-2020-12/15/2020-12-15-19-24-38-snowflake-stats,6874.0,6819.0,22.0,,32.0,,3221.0,27.0,3616.0,920112.0,10376.0,,3968.0,,,,12.0,90.0,60.0,,1651.0,881.0
2020-12-16 19:24:38,2020-12-16,86400,,daily_unique_reset_each_window,1,snowflakes-2020-12.tar.xz:snowflakes-2020-12/16/2020-12-16-19-24-38-snowflake-stats,6943.0,6882.0,32.0,,27.0,,3140.0,29.0,3768.0,956568.0,11456.0,,640.0,,,,12.0,113.0,74.0,,1716.0,877.0
2020-12-17 19:24:38,2020-12-17,86400,,daily_unique_reset_each_window,1,snowflakes-2020-12.tar.xz:snowflakes-2020-12/17/2020-12-17-19-24-38-snowflake-stats,6331.0,6272.0,37.0,,21.0,,2993.0,32.0,3302.0,828392.0,9296.0,,168.0,,,,8.0,93.0,55.0,,1567.0,817.0
2020-12-18 19:24:38,2020-12-18,86400,,daily_unique_reset_each_window,1,snowflakes-2020-12.tar.xz:snowflakes-2020-12/18/2020-12-18-19-24-38-snowflake-stats,6461.0,6403.0,26.0,,31.0,,2344.0,44.0,4066.0,1061264.0,8360.0,,0.0,,,,19.0,93.0,83.0,,1546.0,851.0
2020-12-19 19:24:38,2020-12-19,86400,,daily_unique_reset_each_window,1,snowflakes-2020-12.tar.xz:snowflakes-2020-12/19/2020-12-19-19-24-38-snowflake-stats,6258.0,6211.0,22.0,,24.0,,2732.0,57.0,3457.0,963752.0,9408.0,,0.0,,,,14.0,87.0,62.0,,1511.0,840.0
2020-12-20 19:24:38,2020-12-20,86400,,daily_unique_reset_each_window,1,snowflakes-2020-12.tar.xz:snowflakes-2020-12/20/2020-12-20-19-24-38-snowflake-stats,6191.0,6123.0,39.0,,28.0,,2725.0,80.0,3374.0,976744.0,9240.0,,8.0,,,,12.0,97.0,72.0,,1420.0,842.0
2020-12-21 19:24:38,2020-12-21,86400,,daily_unique_reset_each_window,1,snowflakes-2020-12.tar.xz:snowflakes-2020-12/21/2020-12-21-19-24-38-snowflake-stats,6235.0,6175.0,31.0,,28.0,,2498.0,58.0,3671.0,998528.0,9720.0,,24.0,,,,11.0,121.0,69.0,,1317.0,849.0
2020-12-22 19:24:38,2020-12-22,86400,,daily_unique_reset_each_window,1,snowflakes-2020-12.tar.xz:snowflakes-2020-12/22/2020-12-22-19-24-38-snowflake-stats,6158.0,6100.0,23.0,,34.0,,2855.0,55.0,3237.0,945864.0,10056.0,,880.0,,,,16.0,96.0,61.0,,1372.0,842.0
2020-12-23 19:24:38,2020-12-23,86400,,daily_unique_reset_each_window,1,snowflakes-2020-12.tar.xz:snowflakes-2020-12/23/2020-12-23-19-24-38-snowflake-stats,6131.0,6046.0,21.0,,63.0,,2581.0,55.0,3488.0,1020888.0,8616.0,,0.0,,,,15.0,109.0,63.0,,1365.0,835.0
2020-12-24 19:24:38,2020-12-24,86400,,daily_unique_reset_each_window,1,snowflakes-2020-12.tar.xz:snowflakes-2020-12/24/2020-12-24-19-24-38-snowflake-stats,5713.0,5646.0,22.0,,44.0,,2549.0,45.0,3115.0,883736.0,9960.0,,9720.0,,,,15.0,96.0,61.0,,1385.0,696.0
2020-12-25 19:24:38,2020-12-25,86400,,daily_unique_reset_each_window,1,snowflakes-2020-12.tar.xz:snowflakes-2020-12/25/2020-12-25-19-24-38-snowflake-stats,5230.0,5174.0,23.0,,30.0,,2579.0,53.0,2593.0,753200.0,13064.0,,35128.0,,,,13.0,94.0,67.0,,1266.0,640.0
2020-12-26 19:24:38,2020-12-26,86400,,daily_unique_reset_each_window,1,snowflakes-2020-12.tar.xz:snowflakes-2020-12/26/2020-12-26-19-24-38-snowflake-stats,5546.0,5504.0,24.0,,17.0,,2900.0,76.0,2562.0,655872.0,18848.0,,98960.0,,,,19.0,87.0,55.0,,1377.0,722.0
2020-12-27 19:24:38,2020-12-27,86400,,daily_unique_reset_each_window,1,snowflakes-2020-12.tar.xz:snowflakes-2020-12/27/2020-12-27-19-24-38-snowflake-stats,5907.0,5863.0,18.0,,25.0,,3043.0,71.0,2788.0,726240.0,11464.0,,5672.0,,,,13.0,81.0,57.0,,1678.0,704.0
2020-12-28 19:24:38,2020-12-28,86400,,daily_unique_reset_each_window,1,snowflakes-2020-12.tar.xz:snowflakes-2020-12/28/2020-12-28-19-24-38-snowflake-stats,5921.0,5885.0,18.0,,17.0,,2478.0,57.0,3382.0,924088.0,7360.0,,8.0,,,,14.0,107.0,63.0,,1495.0,704.0
2020-12-29 19:24:38,2020-12-29,86400,,daily_unique_reset_each_window,1,snowflakes-2020-12.tar.xz:snowflakes-2020-12/29/2020-12-29-19-24-38-snowflake-stats,5857.0,5814.0,17.0,,25.0,,2401.0,82.0,3366.0,949720.0,7536.0,,64.0,,,,17.0,98.0,75.0,,1451.0,689.0
2020-12-30 19:24:38,2020-12-30,86400,,daily_unique_reset_each_window,1,snowflakes-2020-12.tar.xz:snowflakes-2020-12/30/2020-12-30-19-24-38-snowflake-stats,5660.0,5622.0,19.0,,18.0,,2487.0,46.0,3124.0,804904.0,13304.0,,13864.0,,,,9.0,97.0,52.0,,1360.0,692.0
2020-12-31 19:24:38,2020-12-31,86400,,daily_unique_reset_each_window,1,snowflakes-2020-12.tar.xz:snowflakes-2020-12/31/2020-12-31-19-24-38-snowflake-stats,5873.0,5818.0,19.0,,34.0,,2962.0,82.0,2818.0,700192.0,14456.0,,18032.0,,,,12.0,119.0,75.0,,1496.0,724.0
2021-01-01 19:24:38,2021-01-01,86400,,daily_unique_reset_each_window,1,snowflakes-2021-01.tar.xz:snowflakes-2021-01/01/2021-01-01-19-24-38-snowflake-stats,5247.0,5188.0,16.0,,42.0,,2626.0,70.0,2542.0,609840.0,16056.0,,91880.0,,,,7.0,102.0,55.0,,1280.0,662.0
2021-01-02 19:24:38,2021-01-02,86400,,daily_unique_reset_each_window,1,snowflakes-2021-01.tar.xz:snowflakes-2021-01/02/2021-01-02-19-24-38-snowflake-stats,5503.0,5468.0,17.0,,17.0,,2472.0,97.0,2929.0,861192.0,6288.0,,0.0,,,,12.0,103.0,63.0,,1266.0,746.0
2021-01-03 19:24:38,2021-01-03,86400,,daily_unique_reset_each_window,1,snowflakes-2021-01.tar.xz:snowflakes-2021-01/03/2021-01-03-19-24-38-snowflake-stats,5488.0,5450.0,19.0,,19.0,,2146.0,67.0,3267.0,876840.0,8912.0,,2176.0,,,,17.0,95.0,53.0,,1261.0,746.0
2021-01-04 19:24:38,2021-01-04,86400,,daily_unique_reset_each_window,1,snowflakes-2021-01.tar.xz:snowflakes-2021-01/04/2021-01-04-19-24-38-snowflake-stats,6138.0,6087.0,18.0,,32.0,,2495.0,34.0,3603.0,1015096.0,7496.0,,0.0,,,,15.0,114.0,75.0,,1438.0,810.0
2021-01-05 19:24:38,2021-01-05,86400,,daily_unique_reset_each_window,1,snowflakes-2021-01.tar.xz:snowflakes-2021-01/05/2021-01-05-19-24-38-snowflake-stats,6376.0,6320.0,19.0,,36.0,,2593.0,52.0,3718.0,969424.0,10656.0,,5552.0,,,,11.0,109.0,74.0,,1534.0,847.0
2021-01-06 19:24:38,2021-01-06,86400,,daily_unique_reset_each_window,1,snowflakes-2021-01.tar.xz:snowflakes-2021-01/06/2021-01-06-19-24-38-snowflake-stats,6280.0,6223.0,17.0,,39.0,,2910.0,114.0,3248.0,886376.0,10312.0,,9576.0,,,,14.0,111.0,66.0,,1414.0,839.0
2021-01-07 19:24:38,2021-01-07,86400,,daily_unique_reset_each_window,1,snowflakes-2021-01.tar.xz:snowflakes-2021-01/07/2021-01-07-19-24-38-snowflake-stats,6247.0,6189.0,19.0,,36.0,,2726.0,88.0,3425.0,945280.0,10280.0,,2816.0,,,,9.0,100.0,53.0,,1397.0,797.0
2021-01-08 19:24:38,2021-01-08,86400,,daily_unique_reset_each_window,1,snowflakes-2021-01.tar.xz:snowflakes-2021-01/08/2021-01-08-19-24-38-snowflake-stats,6265.0,6227.0,18.0,,19.0,,3184.0,95.0,2978.0,711832.0,19976.0,,55344.0,,,,8.0,105.0,45.0,,1376.0,880.0
2021-01-09 19:24:38,2021-01-09,86400,,daily_unique_reset_each_window,1,snowflakes-2021-01.tar.xz:snowflakes-2021-01/09/2021-01-09-19-24-38-snowflake-stats,6190.0,6154.0,13.0,,22.0,,3254.0,102.0,2825.0,736576.0,17488.0,,29272.0,,,,9.0,119.0,35.0,,1420.0,831.0
2021-01-10 19:24:38,2021-01-10,86400,,daily_unique_reset_each_window,1,snowflakes-2021-01.tar.xz:snowflakes-2021-01/10/2021-01-10-19-24-38-snowflake-stats,5846.0,5794.0,18.0,,33.0,,2830.0,115.0,2891.0,855680.0,11296.0,,7640.0,,,,9.0,103.0,33.0,,1359.0,792.0
2021-01-11 19:24:38,2021-01-11,86400,,daily_unique_reset_each_window,1,snowflakes-2021-01.tar.xz:snowflakes-2021-01/11/2021-01-11-19-24-38-snowflake-stats,6419.0,6352.0,19.0,,47.0,,2890.0,81.0,3434.0,951336.0,10536.0,,320.0,,,,10.0,113.0,40.0,,1461.0,861.0
2021-01-12 19:24:38,2021-01-12,86400,,daily_unique_reset_each_window,1,snowflakes-2021-01.tar.xz:snowflakes-2021-01/12/2021-01-12-19-24-38-snowflake-stats,6632.0,6562.0,18.0,,48.0,,2970.0,65.0,3586.0,951576.0,12584.0,,5464.0,,,,17.0,109.0,52.0,,1556.0,888.0
2021-01-13 19:24:38,2021-01-13,86400,,daily_unique_reset_each_window,1,snowflakes-2021-01.tar.xz:snowflakes-2021-01/13/2021-01-13-19-24-38-snowflake-stats,6505.0,6447.0,21.0,,36.0,,3235.0,53.0,3211.0,872120.0,14992.0,,33432.0,,,,14.0,109.0,64.0,,1398.0,895.0
2021-01-14 19:24:38,2021-01-14,86400,,daily_unique_reset_each_window,1,snowflakes-2021-01.tar.xz:snowflakes-2021-01/14/2021-01-14-19-24-38-snowflake-stats,6562.0,6522.0,18.0,,21.0,,2899.0,52.0,3606.0,880184.0,13208.0,,0.0,,,,13.0,108.0,50.0,,1604.0,847.0
2021-01-16 18:26:24,2021-01-16,86400,,daily_unique_reset_each_window,1,snowflakes-2021-01.tar.xz:snowflakes-2021-01/16/2021-01-16-18-26-24-snowflake-stats,6199.0,6149.0,27.0,,22.0,,2454.0,77.0,3654.0,1336168.0,2120.0,,81912.0,,,,29.0,105.0,47.0,,1424.0,807.0
2021-01-17 18:26:24,2021-01-17,86400,,daily_unique_reset_each_window,1,snowflakes-2021-01.tar.xz:snowflakes-2021-01/17/2021-01-17-18-26-24-snowflake-stats,5982.0,5947.0,18.0,,16.0,,1018.0,0.0,4958.0,1517008.0,168.0,,225240.0,,,,27.0,102.0,33.0,,1285.0,795.0
2021-01-18 18:26:24,2021-01-18,86400,,daily_unique_reset_each_window,1,snowflakes-2021-01.tar.xz:snowflakes-2021-01/18/2021-01-18-18-26-24-snowflake-stats,6356.0,6313.0,22.0,,20.0,,822.0,0.0,5523.0,1639280.0,800.0,,306792.0,,,,13.0,104.0,52.0,,1431.0,855.0
2021-01-19 18:26:24,2021-01-19,86400,,daily_unique_reset_each_window,1,snowflakes-2021-01.tar.xz:snowflakes-2021-01/19/2021-01-19-18-26-24-snowflake-stats,6397.0,6354.0,20.0,,22.0,,821.0,1.0,5566.0,1688904.0,576.0,,256008.0,,,,14.0,104.0,56.0,,1614.0,829.0
2021-01-20 18:26:24,2021-01-20,86400,,daily_unique_reset_each_window,1,snowflakes-2021-01.tar.xz:snowflakes-2021-01/20/2021-01-20-18-26-24-snowflake-stats,6286.0,6240.0,24.0,,21.0,,616.0,2.0,5661.0,1776096.0,328.0,,297384.0,,,,17.0,112.0,46.0,,1489.0,796.0
2021-01-21 19:49:32,2021-01-21,86400,,daily_unique_reset_each_window,1,snowflakes-2021-01.tar.xz:snowflakes-2021-01/21/2021-01-21-19-49-32-snowflake-stats,6168.0,6114.0,21.0,,30.0,,1307.0,16.0,4835.0,961792.0,10480.0,,152.0,,,,10.0,101.0,49.0,,1399.0,812.0
2021-01-22 19:49:32,2021-01-22,86400,,daily_unique_reset_each_window,1,snowflakes-2021-01.tar.xz:snowflakes-2021-01/22/2021-01-22-19-49-32-snowflake-stats,6369.0,6327.0,23.0,,18.0,,2996.0,58.0,3310.0,834320.0,11400.0,,14352.0,,,,12.0,98.0,52.0,,1513.0,842.0
2021-01-23 19:49:32,2021-01-23,86400,,daily_unique_reset_each_window,1,snowflakes-2021-01.tar.xz:snowflakes-2021-01/23/2021-01-23-19-49-32-snowflake-stats,5842.0,5789.0,21.0,,31.0,,2804.0,44.0,2987.0,850520.0,11712.0,,6528.0,,,,12.0,97.0,44.0,,1311.0,769.0
2021-01-24 19:49:32,2021-01-24,86400,,daily_unique_reset_each_window,1,snowflakes-2021-01.tar.xz:snowflakes-2021-01/24/2021-01-24-19-49-32-snowflake-stats,5745.0,5690.0,24.0,,30.0,,2948.0,83.0,2708.0,674776.0,20192.0,,77480.0,,,,9.0,118.0,40.0,,1206.0,740.0
2021-01-25 19:49:32,2021-01-25,86400,,daily_unique_reset_each_window,1,snowflakes-2021-01.tar.xz:snowflakes-2021-01/25/2021-01-25-19-49-32-snowflake-stats,6267.0,6209.0,27.0,,30.0,,3102.0,84.0,3071.0,777648.0,14544.0,,17112.0,,,,10.0,130.0,39.0,,1338.0,834.0
2021-01-26 19:49:32,2021-01-26,86400,,daily_unique_reset_each_window,1,snowflakes-2021-01.tar.xz:snowflakes-2021-01/26/2021-01-26-19-49-32-snowflake-stats,6374.0,6317.0,26.0,,30.0,,2988.0,72.0,3306.0,928616.0,9688.0,,288.0,,,,9.0,118.0,34.0,,1413.0,821.0
2021-01-28 17:42:40,2021-01-28,86400,,daily_unique_reset_each_window,1,snowflakes-2021-01.tar.xz:snowflakes-2021-01/28/2021-01-28-17-42-40-snowflake-stats,7468.0,7404.0,24.0,,39.0,,3064.0,48.0,4344.0,2022968.0,7520.0,,47744.0,,,,8.0,128.0,56.0,,1708.0,1017.0
2021-01-29 17:42:40,2021-01-29,86400,,daily_unique_reset_each_window,1,snowflakes-2021-01.tar.xz:snowflakes-2021-01/29/2021-01-29-17-42-40-snowflake-stats,6946.0,6875.0,26.0,,44.0,,3305.0,151.0,3478.0,1999728.0,7264.0,,12288.0,,,,10.0,126.0,38.0,,1632.0,977.0
2021-01-30 17:42:40,2021-01-30,86400,,daily_unique_reset_each_window,1,snowflakes-2021-01.tar.xz:snowflakes-2021-01/30/2021-01-30-17-42-40-snowflake-stats,6229.0,6173.0,30.0,,25.0,,2792.0,119.0,3314.0,1722352.0,6808.0,,30408.0,,,,14.0,105.0,37.0,,1454.0,845.0
2021-01-31 17:42:40,2021-01-31,86400,,daily_unique_reset_each_window,1,snowflakes-2021-01.tar.xz:snowflakes-2021-01/31/2021-01-31-17-42-40-snowflake-stats,6254.0,6212.0,23.0,,19.0,,2751.0,120.0,3377.0,1376448.0,10736.0,,18544.0,,,,14.0,107.0,43.0,,1378.0,874.0
2021-02-01 17:42:40,2021-02-01,86400,,daily_unique_reset_each_window,1,snowflakes-2021-02.tar.xz:snowflakes-2021-02/01/2021-02-01-17-42-40-snowflake-stats,6951.0,6884.0,35.0,,31.0,,2950.0,149.0,3841.0,1460944.0,9032.0,,374008.0,,,,11.0,122.0,53.0,,1568.0,1042.0
2021-02-02 17:42:40,2021-02-02,86400,,daily_unique_reset_each_window,1,snowflakes-2021-02.tar.xz:snowflakes-2021-02/02/2021-02-02-17-42-40-snowflake-stats,6921.0,6863.0,22.0,,35.0,,2889.0,58.0,3964.0,1363416.0,10168.0,,267592.0,,,,11.0,107.0,46.0,,1542.0,1146.0
2021-02-03 17:42:40,2021-02-03,86400,,daily_unique_reset_each_window,1,snowflakes-2021-02.tar.xz:snowflakes-2021-02/03/2021-02-03-17-42-40-snowflake-stats,7096.0,7032.0,27.0,,35.0,,2886.0,119.0,4080.0,1547680.0,12192.0,,27608.0,,,,12.0,121.0,44.0,,1693.0,1139.0
2021-02-04 17:42:40,2021-02-04,86400,,daily_unique_reset_each_window,1,snowflakes-2021-02.tar.xz:snowflakes-2021-02/04/2021-02-04-17-42-40-snowflake-stats,6849.0,6804.0,23.0,,21.0,,2823.0,135.0,3885.0,1361440.0,16256.0,,32344.0,,,,11.0,127.0,58.0,,1488.0,1110.0
2021-02-05 17:42:40,2021-02-05,86400,,daily_unique_reset_each_window,1,snowflakes-2021-02.tar.xz:snowflakes-2021-02/05/2021-02-05-17-42-40-snowflake-stats,7078.0,7016.0,25.0,,36.0,,2939.0,120.0,4009.0,1083272.0,20192.0,,54536.0,,,,19.0,123.0,57.0,,1517.0,1102.0
2021-02-06 17:42:40,2021-02-06,86400,,daily_unique_reset_each_window,1,snowflakes-2021-02.tar.xz:snowflakes-2021-02/06/2021-02-06-17-42-40-snowflake-stats,6900.0,6843.0,22.0,,34.0,,2952.0,120.0,3819.0,1106848.0,13696.0,,50560.0,,,,15.0,111.0,40.0,,1633.0,1064.0
2021-02-07 17:42:40,2021-02-07,86400,,daily_unique_reset_each_window,1,snowflakes-2021-02.tar.xz:snowflakes-2021-02/07/2021-02-07-17-42-40-snowflake-stats,6508.0,6464.0,22.0,,22.0,,2662.0,119.0,3724.0,1138312.0,13792.0,,493664.0,,,,12.0,114.0,55.0,,1409.0,1053.0
2021-02-08 17:42:40,2021-02-08,86400,,daily_unique_reset_each_window,1,snowflakes-2021-02.tar.xz:snowflakes-2021-02/08/2021-02-08-17-42-40-snowflake-stats,7074.0,7035.0,20.0,,18.0,,2871.0,164.0,4034.0,1371936.0,11608.0,,104648.0,,,,14.0,145.0,50.0,,1634.0,1082.0
2021-02-09 17:42:40,2021-02-09,86400,,daily_unique_reset_each_window,1,snowflakes-2021-02.tar.xz:snowflakes-2021-02/09/2021-02-09-17-42-40-snowflake-stats,6936.0,6895.0,15.0,,25.0,,2801.0,126.0,4007.0,1522200.0,10808.0,,156456.0,,,,13.0,126.0,43.0,,1581.0,1067.0
2021-02-10 17:42:40,2021-02-10,86400,,daily_unique_reset_each_window,1,snowflakes-2021-02.tar.xz:snowflakes-2021-02/10/2021-02-10-17-42-40-snowflake-stats,7008.0,6969.0,17.0,,21.0,,2692.0,128.0,4184.0,1423064.0,12544.0,,72608.0,,,,12.0,124.0,38.0,,1562.0,1125.0
2021-02-11 17:42:40,2021-02-11,86400,,daily_unique_reset_each_window,1,snowflakes-2021-02.tar.xz:snowflakes-2021-02/11/2021-02-11-17-42-40-snowflake-stats,7169.0,7113.0,20.0,,36.0,,2887.0,121.0,4156.0,1377640.0,12880.0,,104976.0,,,,8.0,140.0,39.0,,1682.0,1142.0
2021-02-12 17:42:40,2021-02-12,86400,,daily_unique_reset_each_window,1,snowflakes-2021-02.tar.xz:snowflakes-2021-02/12/2021-02-12-17-42-40-snowflake-stats,7135.0,7087.0,21.0,,26.0,,2927.0,152.0,4044.0,1322424.0,11760.0,,116984.0,,,,10.0,143.0,39.0,,1682.0,1140.0
2021-02-13 17:42:40,2021-02-13,86400,,daily_unique_reset_each_window,1,snowflakes-2021-02.tar.xz:snowflakes-2021-02/13/2021-02-13-17-42-40-snowflake-stats,6509.0,6467.0,18.0,,23.0,,2588.0,109.0,3805.0,1235064.0,12016.0,,170728.0,,,,9.0,132.0,24.0,,1574.0,1045.0
2021-02-14 17:42:40,2021-02-14,86400,,daily_unique_reset_each_window,1,snowflakes-2021-02.tar.xz:snowflakes-2021-02/14/2021-02-14-17-42-40-snowflake-stats,6293.0,6256.0,15.0,,21.0,,2391.0,108.0,3788.0,1190904.0,12776.0,,209088.0,,,,11.0,130.0,36.0,,1363.0,1005.0
2021-02-15 17:42:40,2021-02-15,86400,,daily_unique_reset_each_window,1,snowflakes-2021-02.tar.xz:snowflakes-2021-02/15/2021-02-15-17-42-40-snowflake-stats,6567.0,6531.0,16.0,,19.0,,2364.0,109.0,4090.0,1307656.0,10904.0,,223816.0,,,,13.0,127.0,26.0,,1450.0,1026.0
2021-02-16 17:42:40,2021-02-16,86400,,daily_unique_reset_each_window,1,snowflakes-2021-02.tar.xz:snowflakes-2021-02/16/2021-02-16-17-42-40-snowflake-stats,6753.0,6715.0,13.0,,24.0,,2671.0,101.0,3971.0,1157224.0,14040.0,,202768.0,,,,15.0,137.0,39.0,,1553.0,1060.0
2021-02-17 17:42:40,2021-02-17,86400,,daily_unique_reset_each_window,1,snowflakes-2021-02.tar.xz:snowflakes-2021-02/17/2021-02-17-17-42-40-snowflake-stats,6960.0,6917.0,22.0,,20.0,,2753.0,100.0,4104.0,1302288.0,11952.0,,154392.0,,,,12.0,112.0,39.0,,1661.0,1084.0
2021-02-18 17:42:40,2021-02-18,86400,,daily_unique_reset_each_window,1,snowflakes-2021-02.tar.xz:snowflakes-2021-02/18/2021-02-18-17-42-40-snowflake-stats,6877.0,6832.0,16.0,,28.0,,2667.0,112.0,4092.0,1276584.0,12728.0,,238280.0,,,,10.0,121.0,42.0,,1738.0,1017.0
2021-02-19 17:42:40,2021-02-19,86400,,daily_unique_reset_each_window,1,snowflakes-2021-02.tar.xz:snowflakes-2021-02/19/2021-02-19-17-42-40-snowflake-stats,6838.0,6804.0,18.0,,15.0,,2504.0,110.0,4220.0,1269680.0,11360.0,,310272.0,,,,13.0,126.0,41.0,,1657.0,1027.0
2021-02-20 17:42:40,2021-02-20,86400,,daily_unique_reset_each_window,1,snowflakes-2021-02.tar.xz:snowflakes-2021-02/20/2021-02-20-17-42-40-snowflake-stats,6323.0,6285.0,18.0,,19.0,,2541.0,104.0,3673.0,1239144.0,9400.0,,129008.0,,,,14.0,139.0,48.0,,1500.0,913.0
2021-02-21 17:42:40,2021-02-21,86400,,daily_unique_reset_each_window,1,snowflakes-2021-02.tar.xz:snowflakes-2021-02/21/2021-02-21-17-42-40-snowflake-stats,6099.0,6052.0,21.0,,25.0,,2339.0,86.0,3666.0,944696.0,15720.0,,118296.0,,,,19.0,119.0,37.0,,1345.0,938.0
2021-02-22 17:42:40,2021-02-22,86400,,daily_unique_reset_each_window,1,snowflakes-2021-02.tar.xz:snowflakes-2021-02/22/2021-02-22-17-42-40-snowflake-stats,6679.0,6632.0,18.0,,28.0,,2518.0,121.0,4039.0,1100448.0,11840.0,,108184.0,,,,10.0,115.0,50.0,,1444.0,1010.0
2021-02-23 17:42:40,2021-02-23,86400,,daily_unique_reset_each_window,1,snowflakes-2021-02.tar.xz:snowflakes-2021-02/23/2021-02-23-17-42-40-snowflake-stats,6927.0,6885.0,32.0,,9.0,,2733.0,111.0,4080.0,1238696.0,11064.0,,114784.0,,,,12.0,117.0,41.0,,1620.0,1066.0
2021-02-24 17:42:40,2021-02-24,86400,,daily_unique_reset_each_window,1,snowflakes-2021-02.tar.xz:snowflakes-2021-02/24/2021-02-24-17-42-40-snowflake-stats,6789.0,6703.0,68.0,,15.0,,2654.0,104.0,4024.0,1287720.0,11712.0,,124688.0,,,,10.0,133.0,54.0,,1539.0,1061.0
2021-02-25 17:42:40,2021-02-25,86400,,daily_unique_reset_each_window,1,snowflakes-2021-02.tar.xz:snowflakes-2021-02/25/2021-02-25-17-42-40-snowflake-stats,7138.0,6953.0,125.0,,42.0,,2815.0,116.0,4188.0,1334768.0,14168.0,,87752.0,,,,22.0,138.0,49.0,,1675.0,1097.0
2021-02-26 17:42:40,2021-02-26,86400,,daily_unique_reset_each_window,1,snowflakes-2021-02.tar.xz:snowflakes-2021-02/26/2021-02-26-17-42-40-snowflake-stats,6899.0,6762.0,114.0,,23.0,,2685.0,123.0,4084.0,1322640.0,16568.0,,87784.0,,,,16.0,131.0,53.0,,1541.0,1066.0
2021-02-27 17:42:40,2021-02-27,86400,,daily_unique_reset_each_window,1,snowflakes-2021-02.tar.xz:snowflakes-2021-02/27/2021-02-27-17-42-40-snowflake-stats,6804.0,6644.0,136.0,,24.0,,2841.0,90.0,3864.0,1226072.0,11840.0,,199760.0,,,,15.0,111.0,43.0,,1687.0,1015.0
2021-02-28 17:42:40,2021-02-28,86400,,daily_unique_reset_each_window,1,snowflakes-2021-02.tar.xz:snowflakes-2021-02/28/2021-02-28-17-42-40-snowflake-stats,6509.0,6294.0,187.0,,26.0,,2611.0,83.0,3803.0,1186288.0,15968.0,,130864.0,,,,8.0,145.0,44.0,,1440.0,1014.0
2021-03-01 17:42:40,2021-03-01,86400,,daily_unique_reset_each_window,1,snowflakes-2021-03.tar.xz:snowflakes-2021-03/01/2021-03-01-17-42-40-snowflake-stats,7512.0,7038.0,442.0,,27.0,,2998.0,130.0,4362.0,1429216.0,18304.0,,63912.0,,,,6.0,334.0,48.0,,1841.0,1093.0
2021-03-02 17:42:40,2021-03-02,86400,,daily_unique_reset_each_window,1,snowflakes-2021-03.tar.xz:snowflakes-2021-03/02/2021-03-02-17-42-40-snowflake-stats,7481.0,6937.0,427.0,,99.0,,3005.0,118.0,4322.0,1518496.0,15216.0,,87704.0,,,,13.0,384.0,42.0,,1645.0,1110.0
2021-03-03 17:42:40,2021-03-03,86400,,daily_unique_reset_each_window,1,snowflakes-2021-03.tar.xz:snowflakes-2021-03/03/2021-03-03-17-42-40-snowflake-stats,7281.0,7079.0,153.0,,47.0,,2913.0,123.0,4227.0,1492288.0,11384.0,,153288.0,,,,16.0,164.0,49.0,,1634.0,1088.0
2021-03-04 17:42:40,2021-03-04,86400,,daily_unique_reset_each_window,1,snowflakes-2021-03.tar.xz:snowflakes-2021-03/04/2021-03-04-17-42-40-snowflake-stats,7378.0,7114.0,207.0,,35.0,,2983.0,118.0,4258.0,1524104.0,16144.0,,141856.0,,,,12.0,165.0,50.0,,1716.0,1084.0
2021-03-05 17:42:40,2021-03-05,86400,,daily_unique_reset_each_window,1,snowflakes-2021-03.tar.xz:snowflakes-2021-03/05/2021-03-05-17-42-40-snowflake-stats,7276.0,7011.0,222.0,,37.0,,2911.0,121.0,4230.0,1496176.0,18288.0,,132200.0,,,,13.0,151.0,57.0,,1560.0,1119.0
2021-03-06 17:42:40,2021-03-06,86400,,daily_unique_reset_each_window,1,snowflakes-2021-03.tar.xz:snowflakes-2021-03/06/2021-03-06-17-42-40-snowflake-stats,7008.0,6796.0,186.0,,25.0,,3009.0,124.0,3869.0,1402576.0,16640.0,,99768.0,,,,10.0,151.0,52.0,,1739.0,1066.0
2021-03-07 17:42:40,2021-03-07,86400,,daily_unique_reset_each_window,1,snowflakes-2021-03.tar.xz:snowflakes-2021-03/07/2021-03-07-17-42-40-snowflake-stats,6899.0,6688.0,170.0,,39.0,,2766.0,140.0,3981.0,1230048.0,14816.0,,89792.0,,,,12.0,152.0,46.0,,1693.0,1024.0
2021-03-08 17:42:40,2021-03-08,86400,,daily_unique_reset_each_window,1,snowflakes-2021-03.tar.xz:snowflakes-2021-03/08/2021-03-08-17-42-40-snowflake-stats,6957.0,6736.0,155.0,,34.0,,2759.0,115.0,4065.0,1341480.0,22056.0,,79312.0,,,,11.0,123.0,42.0,,1547.0,1057.0
2021-03-09 17:42:40,2021-03-09,86400,,daily_unique_reset_each_window,1,snowflakes-2021-03.tar.xz:snowflakes-2021-03/09/2021-03-09-17-42-40-snowflake-stats,7644.0,7396.0,173.0,,54.0,,3168.0,149.0,4305.0,1525280.0,13992.0,,78376.0,,,,16.0,140.0,45.0,,1840.0,1136.0
2021-03-10 17:42:40,2021-03-10,86400,,daily_unique_reset_each_window,1,snowflakes-2021-03.tar.xz:snowflakes-2021-03/10/2021-03-10-17-42-40-snowflake-stats,7917.0,7572.0,227.0,,88.0,,3094.0,117.0,4673.0,1607896.0,12016.0,,98768.0,,,,47.0,131.0,44.0,,1789.0,1177.0
2021-03-11 17:42:40,2021-03-11,86400,,daily_unique_reset_each_window,1,snowflakes-2021-03.tar.xz:snowflakes-2021-03/11/2021-03-11-17-42-40-snowflake-stats,7896.0,7641.0,198.0,,53.0,,3215.0,132.0,4535.0,1587856.0,14144.0,,95944.0,,,,24.0,167.0,47.0,,1653.0,1216.0
2021-03-12 17:42:40,2021-03-12,86400,,daily_unique_reset_each_window,1,snowflakes-2021-03.tar.xz:snowflakes-2021-03/12/2021-03-12-17-42-40-snowflake-stats,7910.0,7626.0,236.0,,48.0,,3115.0,123.0,4658.0,1620152.0,20528.0,,65968.0,,,,34.0,153.0,53.0,,1918.0,1151.0
2021-03-13 17:42:40,2021-03-13,86400,,daily_unique_reset_each_window,1,snowflakes-2021-03.tar.xz:snowflakes-2021-03/13/2021-03-13-17-42-40-snowflake-stats,7254.0,6980.0,221.0,,52.0,,2790.0,133.0,4317.0,1584632.0,21904.0,,84664.0,,,,44.0,184.0,51.0,,1608.0,1126.0
2021-03-14 17:42:40,2021-03-14,86400,,daily_unique_reset_each_window,1,snowflakes-2021-03.tar.xz:snowflakes-2021-03/14/2021-03-14-17-42-40-snowflake-stats,7194.0,6954.0,205.0,,35.0,,2891.0,96.0,4200.0,1447888.0,19904.0,,84800.0,,,,30.0,164.0,48.0,,1560.0,1139.0
2021-03-15 17:42:40,2021-03-15,86400,,daily_unique_reset_each_window,1,snowflakes-2021-03.tar.xz:snowflakes-2021-03/15/2021-03-15-17-42-40-snowflake-stats,7771.0,7493.0,230.0,,37.0,,3048.0,96.0,4615.0,1649976.0,16896.0,,88712.0,,,,30.0,179.0,78.0,,1723.0,1127.0
2021-03-16 17:42:40,2021-03-16,86400,,daily_unique_reset_each_window,1,snowflakes-2021-03.tar.xz:snowflakes-2021-03/16/2021-03-16-17-42-40-snowflake-stats,7757.0,7516.0,198.0,,38.0,,2992.0,120.0,4632.0,1645504.0,20272.0,,97024.0,,,,22.0,187.0,46.0,,1772.0,1180.0
2021-03-17 17:42:40,2021-03-17,86400,,daily_unique_reset_each_window,1,snowflakes-2021-03.tar.xz:snowflakes-2021-03/17/2021-03-17-17-42-40-snowflake-stats,7824.0,7531.0,232.0,,41.0,,3119.0,117.0,4576.0,1728672.0,16840.0,,110992.0,,,,34.0,164.0,47.0,,1795.0,1180.0
2021-03-18 17:42:40,2021-03-18,86400,,daily_unique_reset_each_window,1,snowflakes-2021-03.tar.xz:snowflakes-2021-03/18/2021-03-18-17-42-40-snowflake-stats,7851.0,7562.0,243.0,,43.0,,3175.0,117.0,4550.0,1654696.0,17632.0,,112520.0,,,,27.0,168.0,54.0,,1785.0,1183.0
2021-03-19 17:42:40,2021-03-19,86400,,daily_unique_reset_each_window,1,snowflakes-2021-03.tar.xz:snowflakes-2021-03/19/2021-03-19-17-42-40-snowflake-stats,7637.0,7327.0,271.0,,33.0,,3009.0,103.0,4515.0,1656240.0,19088.0,,107672.0,,,,40.0,193.0,51.0,,1679.0,1113.0
2021-03-20 17:42:40,2021-03-20,86400,,daily_unique_reset_each_window,1,snowflakes-2021-03.tar.xz:snowflakes-2021-03/20/2021-03-20-17-42-40-snowflake-stats,7235.0,6926.0,266.0,,34.0,,2883.0,101.0,4238.0,1576040.0,20528.0,,107272.0,,,,20.0,159.0,32.0,,1617.0,1114.0
2021-03-21 17:42:40,2021-03-21,86400,,daily_unique_reset_each_window,1,snowflakes-2021-03.tar.xz:snowflakes-2021-03/21/2021-03-21-17-42-40-snowflake-stats,7172.0,6852.0,275.0,,33.0,,3014.0,129.0,4012.0,1497496.0,17528.0,,116568.0,,,,17.0,191.0,31.0,,1558.0,1131.0
2021-03-22 17:42:40,2021-03-22,86400,,daily_unique_reset_each_window,1,snowflakes-2021-03.tar.xz:snowflakes-2021-03/22/2021-03-22-17-42-40-snowflake-stats,7537.0,7247.0,250.0,,21.0,,3032.0,123.0,4373.0,1632248.0,18152.0,,98360.0,,,,17.0,165.0,46.0,,1701.0,1092.0
2021-03-23 17:42:40,2021-03-23,86400,,daily_unique_reset_each_window,1,snowflakes-2021-03.tar.xz:snowflakes-2021-03/23/2021-03-23-17-42-40-snowflake-stats,7817.0,7478.0,290.0,,35.0,,3171.0,131.0,4500.0,1501144.0,19704.0,,109288.0,,,,36.0,187.0,41.0,,1785.0,1181.0
2021-03-24 17:42:40,2021-03-24,86400,,daily_unique_reset_each_window,1,snowflakes-2021-03.tar.xz:snowflakes-2021-03/24/2021-03-24-17-42-40-snowflake-stats,7944.0,7578.0,321.0,,29.0,,3376.0,157.0,4401.0,1437984.0,19504.0,,101688.0,,,,21.0,193.0,46.0,,1836.0,1212.0
2021-03-25 17:42:40,2021-03-25,86400,,daily_unique_reset_each_window,1,snowflakes-2021-03.tar.xz:snowflakes-2021-03/25/2021-03-25-17-42-40-snowflake-stats,7718.0,7329.0,336.0,,51.0,,3470.0,150.0,4070.0,1456976.0,19568.0,,117360.0,,,,23.0,165.0,48.0,,1649.0,1295.0
2021-03-26 17:42:40,2021-03-26,86400,,daily_unique_reset_each_window,1,snowflakes-2021-03.tar.xz:snowflakes-2021-03/26/2021-03-26-17-42-40-snowflake-stats,7767.0,7378.0,364.0,,24.0,,3565.0,159.0,4033.0,1698904.0,20240.0,,105248.0,,,,29.0,156.0,55.0,,1769.0,1173.0
2021-03-27 17:42:40,2021-03-27,86400,,daily_unique_reset_each_window,1,snowflakes-2021-03.tar.xz:snowflakes-2021-03/27/2021-03-27-17-42-40-snowflake-stats,7113.0,6789.0,299.0,,24.0,,3528.0,177.0,3392.0,1506808.0,16872.0,,134400.0,,,,29.0,160.0,48.0,,1582.0,1077.0
2021-03-28 17:42:40,2021-03-28,86400,,daily_unique_reset_each_window,1,snowflakes-2021-03.tar.xz:snowflakes-2021-03/28/2021-03-28-17-42-40-snowflake-stats,6928.0,6581.0,329.0,,17.0,,3474.0,151.0,3297.0,1359696.0,20704.0,,122368.0,,,,17.0,151.0,40.0,,1646.0,1050.0
2021-03-29 17:42:40,2021-03-29,86400,,daily_unique_reset_each_window,1,snowflakes-2021-03.tar.xz:snowflakes-2021-03/29/2021-03-29-17-42-40-snowflake-stats,7560.0,7211.0,324.0,,24.0,,3758.0,164.0,3630.0,1517024.0,23432.0,,103848.0,,,,36.0,194.0,45.0,,1714.0,1110.0
2021-03-30 17:42:40,2021-03-30,86400,,daily_unique_reset_each_window,1,snowflakes-2021-03.tar.xz:snowflakes-2021-03/30/2021-03-30-17-42-40-snowflake-stats,7537.0,7220.0,285.0,,31.0,,3803.0,151.0,3567.0,1636216.0,15888.0,,133128.0,,,,38.0,197.0,44.0,,1736.0,1122.0
2021-03-31 17:42:40,2021-03-31,86400,,daily_unique_reset_each_window,1,snowflakes-2021-03.tar.xz:snowflakes-2021-03/31/2021-03-31-17-42-40-snowflake-stats,7421.0,7102.0,281.0,,37.0,,3724.0,155.0,3535.0,1619424.0,17184.0,,117360.0,,,,19.0,187.0,47.0,1.0,1744.0,1074.0
2021-04-02 17:49:50,2021-04-02,86400,,daily_unique_reset_each_window,1,snowflakes-2021-04.tar.xz:snowflakes-2021-04/02/2021-04-02-17-49-50-snowflake-stats,7135.0,6849.0,261.0,,23.0,,3493.0,154.0,3484.0,1406192.0,19808.0,,105192.0,,,,27.0,152.0,53.0,,1746.0,1069.0
2021-04-03 17:49:50,2021-04-03,86400,,daily_unique_reset_each_window,1,snowflakes-2021-04.tar.xz:snowflakes-2021-04/03/2021-04-03-17-49-50-snowflake-stats,6735.0,6372.0,341.0,,20.0,,3321.0,274.0,3133.0,1433976.0,22496.0,,102416.0,,,,29.0,166.0,35.0,,1674.0,1015.0
2021-04-04 17:49:50,2021-04-04,86400,,daily_unique_reset_each_window,1,snowflakes-2021-04.tar.xz:snowflakes-2021-04/04/2021-04-04-17-49-50-snowflake-stats,6550.0,6241.0,281.0,,27.0,,3297.0,156.0,3091.0,1390176.0,18304.0,,109752.0,,,,33.0,192.0,38.0,,1525.0,996.0
2021-04-05 17:49:50,2021-04-05,86400,,daily_unique_reset_each_window,1,snowflakes-2021-04.tar.xz:snowflakes-2021-04/05/2021-04-05-17-49-50-snowflake-stats,7090.0,6781.0,280.0,,27.0,,3408.0,172.0,3500.0,1523376.0,14712.0,,116720.0,,,,28.0,154.0,42.0,,1687.0,1083.0
2021-04-06 17:49:50,2021-04-06,86400,,daily_unique_reset_each_window,1,snowflakes-2021-04.tar.xz:snowflakes-2021-04/06/2021-04-06-17-49-50-snowflake-stats,7432.0,7145.0,255.0,,30.0,,3682.0,186.0,3553.0,1785224.0,19184.0,,122560.0,,,,31.0,163.0,36.0,,1697.0,1178.0
2021-04-07 17:49:50,2021-04-07,86400,,daily_unique_reset_each_window,1,snowflakes-2021-04.tar.xz:snowflakes-2021-04/07/2021-04-07-17-49-50-snowflake-stats,7400.0,7103.0,260.0,,35.0,,3755.0,161.0,3473.0,1720328.0,15056.0,,138856.0,,,,33.0,171.0,60.0,,1717.0,1061.0
2021-04-08 17:49:50,2021-04-08,86400,,daily_unique_reset_each_window,1,snowflakes-2021-04.tar.xz:snowflakes-2021-04/08/2021-04-08-17-49-50-snowflake-stats,7567.0,7299.0,235.0,,32.0,,3841.0,160.0,3559.0,1673320.0,15032.0,,141104.0,,,,39.0,196.0,52.0,,1814.0,1118.0
2021-04-09 17:49:50,2021-04-09,86400,,daily_unique_reset_each_window,1,snowflakes-2021-04.tar.xz:snowflakes-2021-04/09/2021-04-09-17-49-50-snowflake-stats,7278.0,7055.0,191.0,,31.0,,3564.0,158.0,3545.0,1599000.0,17440.0,,130848.0,,,,44.0,158.0,53.0,,1706.0,1114.0
2021-04-10 17:49:50,2021-04-10,86400,,daily_unique_reset_each_window,1,snowflakes-2021-04.tar.xz:snowflakes-2021-04/10/2021-04-10-17-49-50-snowflake-stats,6891.0,6638.0,214.0,,38.0,,3490.0,163.0,3218.0,1500448.0,19496.0,,102992.0,,,,29.0,164.0,47.0,,1672.0,1051.0
2021-04-11 17:49:50,2021-04-11,86400,,daily_unique_reset_each_window,1,snowflakes-2021-04.tar.xz:snowflakes-2021-04/11/2021-04-11-17-49-50-snowflake-stats,6827.0,6564.0,243.0,,19.0,,3512.0,161.0,3147.0,1437256.0,21792.0,,94448.0,,,,36.0,206.0,52.0,,1525.0,1074.0
2021-04-12 17:49:50,2021-04-12,86400,,daily_unique_reset_each_window,1,snowflakes-2021-04.tar.xz:snowflakes-2021-04/12/2021-04-12-17-49-50-snowflake-stats,7379.0,7107.0,250.0,,21.0,,3741.0,195.0,3434.0,1589104.0,18784.0,,96016.0,,,,23.0,161.0,48.0,,1664.0,1145.0
2021-04-13 17:49:50,2021-04-13,86400,,daily_unique_reset_each_window,1,snowflakes-2021-04.tar.xz:snowflakes-2021-04/13/2021-04-13-17-49-50-snowflake-stats,8256.0,7964.0,277.0,,15.0,,3958.0,251.0,4043.0,2130416.0,21936.0,,95856.0,,,,47.0,171.0,88.0,,1817.0,1230.0
2021-04-14 17:49:50,2021-04-14,86400,,daily_unique_reset_each_window,1,snowflakes-2021-04.tar.xz:snowflakes-2021-04/14/2021-04-14-17-49-50-snowflake-stats,8462.0,8143.0,304.0,,14.0,,4443.0,275.0,3736.0,2096272.0,24472.0,,101352.0,,,,49.0,163.0,50.0,,1970.0,1260.0
2021-04-15 17:49:50,2021-04-15,86400,,daily_unique_reset_each_window,1,snowflakes-2021-04.tar.xz:snowflakes-2021-04/15/2021-04-15-17-49-50-snowflake-stats,8540.0,8176.0,315.0,,48.0,,4186.0,268.0,4067.0,1862312.0,23912.0,,101088.0,,,,49.0,169.0,62.0,,1956.0,1209.0
2021-04-16 17:49:50,2021-04-16,86400,,daily_unique_reset_each_window,1,snowflakes-2021-04.tar.xz:snowflakes-2021-04/16/2021-04-16-17-49-50-snowflake-stats,8583.0,8247.0,278.0,,57.0,,4349.0,200.0,4015.0,1842720.0,21312.0,,142184.0,,,,105.0,222.0,53.0,,2015.0,1231.0
2021-04-17 17:49:50,2021-04-17,86400,,daily_unique_reset_each_window,1,snowflakes-2021-04.tar.xz:snowflakes-2021-04/17/2021-04-17-17-49-50-snowflake-stats,7981.0,7677.0,262.0,,41.0,,4148.0,190.0,3631.0,1746736.0,17928.0,,128680.0,,,,121.0,167.0,46.0,,1780.0,1238.0
2021-04-18 17:49:50,2021-04-18,86400,,daily_unique_reset_each_window,1,snowflakes-2021-04.tar.xz:snowflakes-2021-04/18/2021-04-18-17-49-50-snowflake-stats,7788.0,7467.0,281.0,,39.0,,4035.0,230.0,3514.0,1681248.0,20464.0,,116480.0,,,,122.0,156.0,40.0,,1785.0,1175.0
2021-04-19 17:49:50,2021-04-19,86400,,daily_unique_reset_each_window,1,snowflakes-2021-04.tar.xz:snowflakes-2021-04/19/2021-04-19-17-49-50-snowflake-stats,8179.0,7854.0,287.0,,37.0,,4133.0,183.0,3846.0,1812728.0,21784.0,,103272.0,,,,106.0,182.0,52.0,,1815.0,1209.0
2021-04-20 17:49:50,2021-04-20,86400,,daily_unique_reset_each_window,1,snowflakes-2021-04.tar.xz:snowflakes-2021-04/20/2021-04-20-17-49-50-snowflake-stats,8532.0,8216.0,285.0,,29.0,,4351.0,259.0,3915.0,1778400.0,24008.0,,111328.0,,,,134.0,186.0,58.0,,1962.0,1254.0
2021-04-21 17:49:50,2021-04-21,86400,,daily_unique_reset_each_window,1,snowflakes-2021-04.tar.xz:snowflakes-2021-04/21/2021-04-21-17-49-50-snowflake-stats,8478.0,8177.0,267.0,,34.0,,4335.0,275.0,3861.0,1705376.0,19360.0,,153312.0,,,,113.0,178.0,45.0,,1968.0,1254.0
2021-04-22 17:49:50,2021-04-22,86400,,daily_unique_reset_each_window,1,snowflakes-2021-04.tar.xz:snowflakes-2021-04/22/2021-04-22-17-49-50-snowflake-stats,8663.0,8128.0,508.0,,25.0,,4470.0,342.0,3837.0,1529120.0,30256.0,,94952.0,,,,84.0,210.0,70.0,,2069.0,1218.0
2021-04-23 17:49:50,2021-04-23,86400,,daily_unique_reset_each_window,1,snowflakes-2021-04.tar.xz:snowflakes-2021-04/23/2021-04-23-17-49-50-snowflake-stats,8319.0,8017.0,275.0,,25.0,,4303.0,231.0,3775.0,1575904.0,23480.0,,102872.0,,,,110.0,194.0,80.0,,1872.0,1224.0
2021-04-24 17:49:50,2021-04-24,86400,,daily_unique_reset_each_window,1,snowflakes-2021-04.tar.xz:snowflakes-2021-04/24/2021-04-24-17-49-50-snowflake-stats,7771.0,7488.0,262.0,,19.0,,4015.0,180.0,3570.0,1470120.0,20936.0,,97272.0,,,,117.0,178.0,78.0,,1785.0,1150.0
2021-04-25 17:49:50,2021-04-25,86400,,daily_unique_reset_each_window,1,snowflakes-2021-04.tar.xz:snowflakes-2021-04/25/2021-04-25-17-49-50-snowflake-stats,7600.0,7277.0,299.0,,22.0,,3898.0,185.0,3511.0,1448096.0,22328.0,,82640.0,,,,96.0,171.0,60.0,,1738.0,1133.0
2021-04-26 17:49:50,2021-04-26,86400,,daily_unique_reset_each_window,1,snowflakes-2021-04.tar.xz:snowflakes-2021-04/26/2021-04-26-17-49-50-snowflake-stats,8586.0,8230.0,327.0,,27.0,,4379.0,200.0,4000.0,1601472.0,23688.0,,92272.0,,,,103.0,198.0,51.0,,1880.0,1250.0
2021-04-27 17:49:50,2021-04-27,86400,,daily_unique_reset_each_window,1,snowflakes-2021-04.tar.xz:snowflakes-2021-04/27/2021-04-27-17-49-50-snowflake-stats,8714.0,8313.0,368.0,,31.0,,4609.0,216.0,3880.0,1678840.0,26848.0,,82384.0,,,,99.0,220.0,52.0,,2059.0,1208.0
2021-04-28 17:49:50,2021-04-28,86400,,daily_unique_reset_each_window,1,snowflakes-2021-04.tar.xz:snowflakes-2021-04/28/2021-04-28-17-49-50-snowflake-stats,8545.0,8142.0,371.0,,30.0,,4531.0,197.0,3808.0,1712568.0,26992.0,,85008.0,,,,98.0,209.0,61.0,,1946.0,1257.0
2021-04-30 01:43:02,2021-04-29,86400,,daily_unique_reset_each_window,1,snowflakes-2021-04.tar.xz:snowflakes-2021-04/30/2021-04-30-01-43-02-snowflake-stats,8169.0,7810.0,315.0,,42.0,,3905.0,161.0,4080.0,1625080.0,27064.0,,86208.0,,,,106.0,183.0,49.0,,1903.0,1068.0
2021-05-01 01:43:02,2021-04-30,86400,,daily_unique_reset_each_window,1,snowflakes-2021-05.tar.xz:snowflakes-2021-05/01/2021-05-01-01-43-02-snowflake-stats,8329.0,7889.0,378.0,,60.0,,3838.0,165.0,4306.0,1577752.0,26704.0,,97936.0,,,,108.0,189.0,40.0,,1894.0,1102.0
2021-05-02 01:43:02,2021-05-01,86400,,daily_unique_reset_each_window,1,snowflakes-2021-05.tar.xz:snowflakes-2021-05/02/2021-05-02-01-43-02-snowflake-stats,7615.0,7204.0,381.0,,29.0,,3602.0,219.0,3778.0,1475184.0,25208.0,,100328.0,,,,111.0,163.0,27.0,,1672.0,1043.0
2021-05-03 01:43:02,2021-05-02,86400,,daily_unique_reset_each_window,1,snowflakes-2021-05.tar.xz:snowflakes-2021-05/03/2021-05-03-01-43-02-snowflake-stats,7747.0,7320.0,389.0,,36.0,,3667.0,174.0,3891.0,1491544.0,25216.0,,89152.0,,,,103.0,164.0,34.0,,1758.0,1026.0
2021-05-04 01:43:02,2021-05-03,86400,,daily_unique_reset_each_window,1,snowflakes-2021-05.tar.xz:snowflakes-2021-05/04/2021-05-04-01-43-02-snowflake-stats,6305.0,5787.0,482.0,,34.0,,3181.0,240.0,2871.0,976144.0,67664.0,,63232.0,,,,51.0,140.0,23.0,,1627.0,738.0
2021-05-05 01:43:02,2021-05-04,86400,,daily_unique_reset_each_window,1,snowflakes-2021-05.tar.xz:snowflakes-2021-05/05/2021-05-05-01-43-02-snowflake-stats,8207.0,7645.0,519.0,,40.0,,3575.0,282.0,4338.0,1534384.0,34888.0,,74304.0,,,,73.0,185.0,41.0,,1887.0,1064.0
2021-05-06 01:43:02,2021-05-05,86400,,daily_unique_reset_each_window,1,snowflakes-2021-05.tar.xz:snowflakes-2021-05/06/2021-05-06-01-43-02-snowflake-stats,8378.0,7854.0,434.0,,88.0,,3790.0,240.0,4313.0,1610040.0,28464.0,,76224.0,,,,77.0,151.0,48.0,,1912.0,1100.0
2021-05-07 01:43:02,2021-05-06,86400,,daily_unique_reset_each_window,1,snowflakes-2021-05.tar.xz:snowflakes-2021-05/07/2021-05-07-01-43-02-snowflake-stats,8404.0,7897.0,423.0,,84.0,,3871.0,188.0,4319.0,1582312.0,31832.0,,74944.0,,,,79.0,169.0,70.0,,1876.0,1104.0
2021-05-08 01:43:02,2021-05-07,86400,,daily_unique_reset_each_window,1,snowflakes-2021-05.tar.xz:snowflakes-2021-05/08/2021-05-08-01-43-02-snowflake-stats,8273.0,7777.0,374.0,,121.0,,3867.0,166.0,4210.0,1576112.0,40800.0,,76664.0,,,,80.0,193.0,55.0,,1843.0,1091.0
2021-05-09 01:43:02,2021-05-08,86400,,daily_unique_reset_each_window,1,snowflakes-2021-05.tar.xz:snowflakes-2021-05/09/2021-05-09-01-43-02-snowflake-stats,7616.0,7078.0,423.0,,115.0,,3615.0,150.0,3821.0,1479032.0,36120.0,,77432.0,,,,93.0,175.0,46.0,,1790.0,993.0
2021-05-10 01:43:02,2021-05-09,86400,,daily_unique_reset_each_window,1,snowflakes-2021-05.tar.xz:snowflakes-2021-05/10/2021-05-10-01-43-02-snowflake-stats,7491.0,7039.0,425.0,,27.0,,3586.0,149.0,3741.0,1450000.0,30936.0,,63376.0,,,,80.0,176.0,37.0,,1732.0,929.0
2021-05-11 01:43:02,2021-05-10,86400,,daily_unique_reset_each_window,1,snowflakes-2021-05.tar.xz:snowflakes-2021-05/11/2021-05-11-01-43-02-snowflake-stats,8311.0,7776.0,513.0,,22.0,,3816.0,163.0,4323.0,1658384.0,33064.0,,63920.0,,,,67.0,204.0,46.0,,1970.0,980.0
2021-05-12 01:43:02,2021-05-11,86400,,daily_unique_reset_each_window,1,snowflakes-2021-05.tar.xz:snowflakes-2021-05/12/2021-05-12-01-43-02-snowflake-stats,8792.0,7927.0,836.0,,27.0,,4066.0,260.0,4447.0,1788144.0,34904.0,,65512.0,,,,86.0,267.0,41.0,,2045.0,1086.0
2021-05-13 01:43:02,2021-05-12,86400,,daily_unique_reset_each_window,1,snowflakes-2021-05.tar.xz:snowflakes-2021-05/13/2021-05-13-01-43-02-snowflake-stats,8876.0,7920.0,934.0,,21.0,,4174.0,262.0,4426.0,2013608.0,39360.0,,51624.0,,,,71.0,239.0,38.0,,2129.0,1038.0
2021-05-14 01:43:02,2021-05-13,86400,,daily_unique_reset_each_window,1,snowflakes-2021-05.tar.xz:snowflakes-2021-05/14/2021-05-14-01-43-02-snowflake-stats,8633.0,7562.0,1053.0,,17.0,,4152.0,235.0,4233.0,2115392.0,39616.0,,59152.0,,,,81.0,248.0,34.0,,2105.0,990.0
2021-05-15 01:43:02,2021-05-14,86400,,daily_unique_reset_each_window,1,snowflakes-2021-05.tar.xz:snowflakes-2021-05/15/2021-05-15-01-43-02-snowflake-stats,8595.0,7604.0,978.0,,12.0,,4076.0,245.0,4259.0,2058280.0,61712.0,,54744.0,,,,83.0,253.0,42.0,,2139.0,986.0
2021-05-16 01:43:02,2021-05-15,86400,,daily_unique_reset_each_window,1,snowflakes-2021-05.tar.xz:snowflakes-2021-05/16/2021-05-16-01-43-02-snowflake-stats,8389.0,7265.0,1106.0,,17.0,,4134.0,266.0,3971.0,2071160.0,67192.0,,34624.0,,,,91.0,264.0,45.0,,1978.0,1025.0
2021-05-17 01:43:02,2021-05-16,86400,,daily_unique_reset_each_window,1,snowflakes-2021-05.tar.xz:snowflakes-2021-05/17/2021-05-17-01-43-02-snowflake-stats,8578.0,7285.0,1275.0,,17.0,,4215.0,244.0,4100.0,2105168.0,51736.0,,66896.0,,,,79.0,270.0,48.0,,1993.0,1014.0
2021-05-18 01:43:02,2021-05-17,86400,,daily_unique_reset_each_window,1,snowflakes-2021-05.tar.xz:snowflakes-2021-05/18/2021-05-18-01-43-02-snowflake-stats,8709.0,7397.0,1282.0,,29.0,,4264.0,217.0,4223.0,1931480.0,54392.0,,97576.0,,,,77.0,282.0,47.0,1.0,2028.0,990.0
2021-05-19 01:43:02,2021-05-18,86400,,daily_unique_reset_each_window,1,snowflakes-2021-05.tar.xz:snowflakes-2021-05/19/2021-05-19-01-43-02-snowflake-stats,9056.0,7845.0,1181.0,,29.0,,4376.0,226.0,4441.0,2176656.0,41440.0,,91704.0,,,,100.0,298.0,46.0,,2172.0,1068.0
2021-05-20 01:43:02,2021-05-19,86400,,daily_unique_reset_each_window,1,snowflakes-2021-05.tar.xz:snowflakes-2021-05/20/2021-05-20-01-43-02-snowflake-stats,9110.0,7794.0,1281.0,,34.0,,4383.0,240.0,4480.0,2128856.0,49408.0,,65568.0,,,,75.0,321.0,56.0,,2094.0,1112.0
2021-05-21 01:43:02,2021-05-20,86400,,daily_unique_reset_each_window,1,snowflakes-2021-05.tar.xz:snowflakes-2021-05/21/2021-05-21-01-43-02-snowflake-stats,8966.0,7685.0,1256.0,,24.0,,4350.0,205.0,4397.0,2242976.0,39624.0,,83032.0,,,,82.0,331.0,46.0,,2254.0,1010.0
2021-05-22 01:43:02,2021-05-21,86400,,daily_unique_reset_each_window,1,snowflakes-2021-05.tar.xz:snowflakes-2021-05/22/2021-05-22-01-43-02-snowflake-stats,8992.0,7609.0,1355.0,,27.0,,4565.0,211.0,4205.0,2291288.0,32248.0,,77864.0,,,,65.0,370.0,58.0,,2147.0,1052.0
2021-05-23 01:43:02,2021-05-22,86400,,daily_unique_reset_each_window,1,snowflakes-2021-05.tar.xz:snowflakes-2021-05/23/2021-05-23-01-43-02-snowflake-stats,8234.0,6852.0,1354.0,,28.0,,4258.0,131.0,3836.0,2250040.0,19040.0,,136248.0,,,,90.0,289.0,64.0,,2063.0,1035.0
2021-05-24 01:43:02,2021-05-23,86400,,daily_unique_reset_each_window,1,snowflakes-2021-05.tar.xz:snowflakes-2021-05/24/2021-05-24-01-43-02-snowflake-stats,8244.0,6917.0,1310.0,,17.0,,4138.0,122.0,3972.0,2280376.0,18744.0,,162824.0,,,,96.0,302.0,50.0,,2010.0,938.0
2021-05-25 01:43:02,2021-05-24,86400,,daily_unique_reset_each_window,1,snowflakes-2021-05.tar.xz:snowflakes-2021-05/25/2021-05-25-01-43-02-snowflake-stats,8883.0,7338.0,1523.0,,21.0,,4390.0,146.0,4332.0,2481832.0,19472.0,,123816.0,,,,84.0,442.0,54.0,,2146.0,1015.0
2021-05-26 01:43:02,2021-05-25,86400,,daily_unique_reset_each_window,1,snowflakes-2021-05.tar.xz:snowflakes-2021-05/26/2021-05-26-01-43-02-snowflake-stats,9233.0,7676.0,1526.0,,30.0,,4735.0,131.0,4353.0,2578024.0,15240.0,,153192.0,,,,108.0,355.0,69.0,,2135.0,1081.0
2021-05-27 01:43:02,2021-05-26,86400,,daily_unique_reset_each_window,1,snowflakes-2021-05.tar.xz:snowflakes-2021-05/27/2021-05-27-01-43-02-snowflake-stats,9381.0,7627.0,1713.0,,40.0,,4767.0,141.0,4455.0,2585048.0,26640.0,,107392.0,,,,94.0,427.0,49.0,,2237.0,1080.0
2021-05-28 01:43:02,2021-05-27,86400,,daily_unique_reset_each_window,1,snowflakes-2021-05.tar.xz:snowflakes-2021-05/28/2021-05-28-01-43-02-snowflake-stats,9442.0,7642.0,1782.0,,17.0,,4837.0,184.0,4411.0,2523400.0,29896.0,,96456.0,,,,85.0,332.0,61.0,,2316.0,1077.0
2021-05-29 01:43:02,2021-05-28,86400,,daily_unique_reset_each_window,1,snowflakes-2021-05.tar.xz:snowflakes-2021-05/29/2021-05-29-01-43-02-snowflake-stats,9043.0,7302.0,1717.0,,23.0,,4514.0,109.0,4406.0,2496552.0,18872.0,,136824.0,,,,87.0,346.0,69.0,,2112.0,1027.0
2021-05-30 01:43:02,2021-05-29,86400,,daily_unique_reset_each_window,1,snowflakes-2021-05.tar.xz:snowflakes-2021-05/30/2021-05-30-01-43-02-snowflake-stats,8622.0,6708.0,1895.0,,19.0,,4285.0,117.0,4211.0,2431240.0,15696.0,,151528.0,,,,76.0,335.0,68.0,,1992.0,946.0
2021-05-31 01:43:02,2021-05-30,86400,,daily_unique_reset_each_window,1,snowflakes-2021-05.tar.xz:snowflakes-2021-05/31/2021-05-31-01-43-02-snowflake-stats,8890.0,7038.0,1834.0,,17.0,,4508.0,123.0,4252.0,2408952.0,15392.0,,149344.0,,,,90.0,372.0,76.0,,2009.0,1004.0
2021-06-01 01:43:02,2021-05-31,86400,,daily_unique_reset_each_window,1,snowflakes-2021-06.tar.xz:snowflakes-2021-06/01/2021-06-01-01-43-02-snowflake-stats,9214.0,7526.0,1673.0,,15.0,,4749.0,88.0,4367.0,2640624.0,16376.0,,135536.0,,,,60.0,361.0,58.0,,2052.0,1068.0
2021-06-02 01:43:02,2021-06-01,86400,,daily_unique_reset_each_window,1,snowflakes-2021-06.tar.xz:snowflakes-2021-06/02/2021-06-02-01-43-02-snowflake-stats,9656.0,7727.0,1905.0,,24.0,,4913.0,189.0,4539.0,2669912.0,35360.0,,104232.0,,,,74.0,367.0,61.0,,2363.0,1114.0
2021-06-03 01:43:02,2021-06-02,86400,,daily_unique_reset_each_window,1,snowflakes-2021-06.tar.xz:snowflakes-2021-06/03/2021-06-03-01-43-02-snowflake-stats,9718.0,7772.0,1930.0,,16.0,,4930.0,307.0,4465.0,2687320.0,70032.0,,24696.0,,,,85.0,411.0,71.0,,2417.0,1145.0
2021-06-04 01:43:02,2021-06-03,86400,,daily_unique_reset_each_window,1,snowflakes-2021-06.tar.xz:snowflakes-2021-06/04/2021-06-04-01-43-02-snowflake-stats,9629.0,7591.0,2014.0,,24.0,,4997.0,293.0,4312.0,2629776.0,77168.0,,16608.0,,,,69.0,422.0,61.0,,2393.0,1125.0
2021-06-05 01:43:02,2021-06-04,86400,,daily_unique_reset_each_window,1,snowflakes-2021-06.tar.xz:snowflakes-2021-06/05/2021-06-05-01-43-02-snowflake-stats,9657.0,7594.0,2041.0,,22.0,,4876.0,289.0,4480.0,2648448.0,79376.0,,9760.0,,,,65.0,374.0,65.0,,2320.0,1006.0
2021-06-06 01:43:02,2021-06-05,86400,,daily_unique_reset_each_window,1,snowflakes-2021-06.tar.xz:snowflakes-2021-06/06/2021-06-06-01-43-02-snowflake-stats,8885.0,6816.0,2046.0,,23.0,,4584.0,299.0,3992.0,2519344.0,73024.0,,8360.0,,,,83.0,362.0,60.0,,2223.0,1023.0
2021-06-07 01:43:02,2021-06-06,86400,,daily_unique_reset_each_window,1,snowflakes-2021-06.tar.xz:snowflakes-2021-06/07/2021-06-07-01-43-02-snowflake-stats,8680.0,6733.0,1932.0,,15.0,,4468.0,321.0,3881.0,2350832.0,76952.0,,22368.0,,,,81.0,426.0,59.0,,2311.0,962.0
2021-06-08 01:43:02,2021-06-07,86400,,daily_unique_reset_each_window,1,snowflakes-2021-06.tar.xz:snowflakes-2021-06/08/2021-06-08-01-43-02-snowflake-stats,9816.0,7780.0,2014.0,,21.0,,4814.0,326.0,4668.0,2696880.0,73704.0,,11576.0,,,,101.0,528.0,51.0,,2484.0,1097.0
2021-06-09 14:16:15,2021-06-09,86400,,daily_unique_reset_each_window,1,snowflakes-2021-06.tar.xz:snowflakes-2021-06/09/2021-06-09-14-16-15-snowflake-stats,10399.0,8213.0,2164.0,,21.0,,5563.0,354.0,4460.0,2861064.0,76224.0,,14784.0,,,,90.0,531.0,60.0,,2497.0,1253.0
2021-06-10 14:16:15,2021-06-10,86400,,daily_unique_reset_each_window,1,snowflakes-2021-06.tar.xz:snowflakes-2021-06/10/2021-06-10-14-16-15-snowflake-stats,10524.0,8155.0,2331.0,,37.0,,5699.0,361.0,4441.0,2781120.0,80112.0,,23400.0,,,,115.0,567.0,56.0,,2513.0,1221.0
2021-06-11 14:16:15,2021-06-11,86400,,daily_unique_reset_each_window,1,snowflakes-2021-06.tar.xz:snowflakes-2021-06/11/2021-06-11-14-16-15-snowflake-stats,10150.0,8042.0,2088.0,,19.0,,5491.0,325.0,4321.0,2722624.0,73088.0,,9032.0,,,,84.0,522.0,67.0,,2226.0,1165.0
2021-06-12 14:16:15,2021-06-12,86400,,daily_unique_reset_each_window,1,snowflakes-2021-06.tar.xz:snowflakes-2021-06/12/2021-06-12-14-16-15-snowflake-stats,9313.0,7252.0,2037.0,,23.0,,5259.0,354.0,3688.0,2437784.0,93120.0,,15760.0,,,,78.0,430.0,54.0,,2253.0,1019.0
2021-06-13 14:16:15,2021-06-13,86400,,daily_unique_reset_each_window,1,snowflakes-2021-06.tar.xz:snowflakes-2021-06/13/2021-06-13-14-16-15-snowflake-stats,5211.0,2652.0,2553.0,,5.0,,4084.0,258.0,852.0,1334064.0,145376.0,,5712.0,,,,56.0,385.0,21.0,,1806.0,445.0
2021-06-14 14:16:15,2021-06-14,86400,,daily_unique_reset_each_window,1,snowflakes-2021-06.tar.xz:snowflakes-2021-06/14/2021-06-14-14-16-15-snowflake-stats,8876.0,6850.0,2003.0,,22.0,,3930.0,241.0,4693.0,2353968.0,67576.0,,13496.0,,,,82.0,478.0,49.0,,2043.0,1030.0
2021-06-15 14:16:15,2021-06-15,86400,,daily_unique_reset_each_window,1,snowflakes-2021-06.tar.xz:snowflakes-2021-06/15/2021-06-15-14-16-15-snowflake-stats,9766.0,7672.0,2080.0,,13.0,,5098.0,291.0,4372.0,2667688.0,71256.0,,18232.0,,,,86.0,471.0,40.0,,2284.0,1111.0
2021-06-16 14:16:15,2021-06-16,86400,,daily_unique_reset_each_window,1,snowflakes-2021-06.tar.xz:snowflakes-2021-06/16/2021-06-16-14-16-15-snowflake-stats,9648.0,7786.0,1824.0,,37.0,,5006.0,295.0,4338.0,2666144.0,77824.0,,18208.0,,,,81.0,439.0,68.0,,2244.0,1103.0
2021-06-17 14:16:15,2021-06-17,86400,,daily_unique_reset_each_window,1,snowflakes-2021-06.tar.xz:snowflakes-2021-06/17/2021-06-17-14-16-15-snowflake-stats,9985.0,7968.0,1972.0,,44.0,,5162.0,346.0,4457.0,2767632.0,87800.0,,4840.0,,,,89.0,442.0,58.0,,2366.0,1135.0
2021-06-18 14:16:15,2021-06-18,86400,,daily_unique_reset_each_window,1,snowflakes-2021-06.tar.xz:snowflakes-2021-06/18/2021-06-18-14-16-15-snowflake-stats,9963.0,7932.0,1967.0,,64.0,,5357.0,317.0,4239.0,2661536.0,97296.0,,11360.0,,,,98.0,432.0,66.0,,2389.0,1137.0
2021-06-19 14:16:15,2021-06-19,86400,,daily_unique_reset_each_window,1,snowflakes-2021-06.tar.xz:snowflakes-2021-06/19/2021-06-19-14-16-15-snowflake-stats,9262.0,7372.0,1861.0,,28.0,,4828.0,270.0,4150.0,2429984.0,72184.0,,20688.0,,,,76.0,372.0,67.0,,2200.0,1123.0
2021-06-20 14:16:15,2021-06-20,86400,,daily_unique_reset_each_window,1,snowflakes-2021-06.tar.xz:snowflakes-2021-06/20/2021-06-20-14-16-15-snowflake-stats,9549.0,7342.0,2172.0,,35.0,,5233.0,344.0,3952.0,2643728.0,86304.0,,44264.0,,,,101.0,389.0,84.0,,2158.0,1126.0
2021-06-21 14:16:15,2021-06-21,86400,,daily_unique_reset_each_window,1,snowflakes-2021-06.tar.xz:snowflakes-2021-06/21/2021-06-21-14-16-15-snowflake-stats,8752.0,5431.0,3301.0,,20.0,,5523.0,496.0,2717.0,2180304.0,166184.0,,67800.0,,,,63.0,439.0,35.0,,2392.0,932.0
2021-06-22 14:16:15,2021-06-22,86400,,daily_unique_reset_each_window,1,snowflakes-2021-06.tar.xz:snowflakes-2021-06/22/2021-06-22-14-16-15-snowflake-stats,10984.0,7524.0,3417.0,,43.0,,5035.0,442.0,5480.0,2652376.0,100352.0,,87952.0,,,,92.0,551.0,56.0,,2488.0,1091.0
2021-06-23 14:16:15,2021-06-23,86400,,daily_unique_reset_each_window,1,snowflakes-2021-06.tar.xz:snowflakes-2021-06/23/2021-06-23-14-16-15-snowflake-stats,11617.0,8291.0,3291.0,,35.0,,5921.0,359.0,5325.0,3010480.0,99456.0,,59208.0,,,,103.0,514.0,74.0,,2481.0,1223.0
2021-06-24 14:16:15,2021-06-24,86400,,daily_unique_reset_each_window,1,snowflakes-2021-06.tar.xz:snowflakes-2021-06/24/2021-06-24-14-16-15-snowflake-stats,11896.0,8144.0,3723.0,,29.0,,5886.0,305.0,5681.0,3023584.0,93872.0,,45016.0,,,,130.0,868.0,65.0,,2499.0,1246.0
2021-06-25 14:16:15,2021-06-25,86400,,daily_unique_reset_each_window,1,snowflakes-2021-06.tar.xz:snowflakes-2021-06/25/2021-06-25-14-16-15-snowflake-stats,11019.0,8162.0,2826.0,,31.0,,5729.0,320.0,4944.0,2994800.0,89192.0,,31544.0,,,,119.0,460.0,78.0,,2456.0,1218.0
2021-06-26 14:16:15,2021-06-26,86400,,daily_unique_reset_each_window,1,snowflakes-2021-06.tar.xz:snowflakes-2021-06/26/2021-06-26-14-16-15-snowflake-stats,10264.0,7579.0,2657.0,,28.0,,5257.0,349.0,4638.0,2884952.0,82424.0,,51080.0,,,,80.0,448.0,50.0,,2250.0,1108.0
2021-06-27 14:16:15,2021-06-27,86400,,daily_unique_reset_each_window,1,snowflakes-2021-06.tar.xz:snowflakes-2021-06/27/2021-06-27-14-16-15-snowflake-stats,9507.0,7126.0,2356.0,,25.0,,5173.0,290.0,4028.0,2909992.0,75168.0,,40056.0,,,,95.0,450.0,51.0,,2328.0,1003.0
2021-06-28 14:16:15,2021-06-28,86400,,daily_unique_reset_each_window,1,snowflakes-2021-06.tar.xz:snowflakes-2021-06/28/2021-06-28-14-16-15-snowflake-stats,10314.0,7932.0,2359.0,,23.0,,5484.0,309.0,4504.0,2921064.0,70824.0,,50648.0,,,,105.0,507.0,74.0,,2301.0,1101.0
2021-06-29 14:16:15,2021-06-29,86400,,daily_unique_reset_each_window,1,snowflakes-2021-06.tar.xz:snowflakes-2021-06/29/2021-06-29-14-16-15-snowflake-stats,10594.0,8120.0,2456.0,,18.0,,5776.0,294.0,4507.0,3113376.0,64224.0,,52576.0,,,,113.0,509.0,81.0,,2410.0,1199.0
2021-06-30 14:16:15,2021-06-30,86400,,daily_unique_reset_each_window,1,snowflakes-2021-06.tar.xz:snowflakes-2021-06/30/2021-06-30-14-16-15-snowflake-stats,9998.0,7891.0,2083.0,,24.0,,5351.0,245.0,4383.0,3027992.0,63392.0,,59168.0,,,,77.0,476.0,69.0,,2210.0,1172.0
2021-07-01 14:16:15,2021-07-01,86400,,daily_unique_reset_each_window,1,snowflakes-2021-07.tar.xz:snowflakes-2021-07/01/2021-07-01-14-16-15-snowflake-stats,9966.0,7722.0,2229.0,,15.0,,5310.0,283.0,4356.0,3033928.0,58336.0,,84376.0,,,,76.0,485.0,54.0,,2161.0,1145.0
2021-07-02 14:16:15,2021-07-02,86400,,daily_unique_reset_each_window,1,snowflakes-2021-07.tar.xz:snowflakes-2021-07/02/2021-07-02-14-16-15-snowflake-stats,10002.0,7637.0,2323.0,,42.0,,5450.0,268.0,4266.0,3124032.0,57200.0,,64688.0,,,,72.0,560.0,48.0,,2169.0,1150.0
2021-07-03 14:16:15,2021-07-03,86400,,daily_unique_reset_each_window,1,snowflakes-2021-07.tar.xz:snowflakes-2021-07/03/2021-07-03-14-16-15-snowflake-stats,9391.0,7122.0,2239.0,,30.0,,5061.0,260.0,4051.0,3067960.0,54024.0,,62624.0,,,,93.0,440.0,33.0,,2081.0,1009.0
2021-07-04 14:16:15,2021-07-04,86400,,daily_unique_reset_each_window,1,snowflakes-2021-07.tar.xz:snowflakes-2021-07/04/2021-07-04-14-16-15-snowflake-stats,9531.0,6939.0,2559.0,,33.0,,4913.0,331.0,4270.0,2989816.0,70488.0,,49048.0,,,,80.0,471.0,20.0,,2070.0,1073.0
2021-07-05 14:16:15,2021-07-05,86400,,daily_unique_reset_each_window,1,snowflakes-2021-07.tar.xz:snowflakes-2021-07/05/2021-07-05-14-16-15-snowflake-stats,10232.0,7642.0,2560.0,,30.0,,5441.0,294.0,4481.0,2990464.0,92928.0,,26520.0,,,,97.0,477.0,44.0,,2346.0,1188.0
2021-07-06 14:16:15,2021-07-06,86400,,daily_unique_reset_each_window,1,snowflakes-2021-07.tar.xz:snowflakes-2021-07/06/2021-07-06-14-16-15-snowflake-stats,10229.0,7830.0,2377.0,,22.0,,5514.0,319.0,4384.0,2994968.0,79328.0,,49464.0,,,,102.0,425.0,47.0,,2366.0,1193.0
2021-07-07 14:16:15,2021-07-07,86400,,daily_unique_reset_each_window,1,snowflakes-2021-07.tar.xz:snowflakes-2021-07/07/2021-07-07-14-16-15-snowflake-stats,10769.0,8403.0,2304.0,,62.0,,5832.0,270.0,4638.0,3019984.0,101368.0,,53232.0,,,,95.0,481.0,53.0,,2492.0,1358.0
2021-07-08 14:16:15,2021-07-08,86400,,daily_unique_reset_each_window,1,snowflakes-2021-07.tar.xz:snowflakes-2021-07/08/2021-07-08-14-16-15-snowflake-stats,11114.0,8582.0,2442.0,,90.0,,5848.0,277.0,4951.0,3044848.0,92008.0,,50224.0,,,,113.0,517.0,51.0,,2624.0,1373.0
2021-07-09 14:16:15,2021-07-09,86400,,daily_unique_reset_each_window,1,snowflakes-2021-07.tar.xz:snowflakes-2021-07/09/2021-07-09-14-16-15-snowflake-stats,10759.0,8373.0,2337.0,,49.0,,5729.0,245.0,4758.0,3204048.0,97592.0,,70616.0,,,,100.0,479.0,87.0,,2609.0,1262.0
2021-07-10 14:16:15,2021-07-10,86400,,daily_unique_reset_each_window,1,snowflakes-2021-07.tar.xz:snowflakes-2021-07/10/2021-07-10-14-16-15-snowflake-stats,10643.0,7959.0,2639.0,,45.0,,5980.0,241.0,4396.0,3139800.0,78968.0,,82104.0,,,,98.0,468.0,73.0,,2706.0,1187.0
2021-07-11 18:20:16,2021-07-11,86400,,daily_unique_reset_each_window,1,snowflakes-2021-07.tar.xz:snowflakes-2021-07/11/2021-07-11-18-20-16-snowflake-stats,9977.0,7301.0,2639.0,,37.0,,5665.0,304.0,3983.0,3162576.0,74248.0,,76744.0,,,,99.0,471.0,55.0,,2473.0,1085.0
2021-07-12 18:20:16,2021-07-12,86400,,daily_unique_reset_each_window,1,snowflakes-2021-07.tar.xz:snowflakes-2021-07/12/2021-07-12-18-20-16-snowflake-stats,10685.0,8068.0,2581.0,,36.0,,5915.0,222.0,4518.0,3274400.0,72392.0,,70960.0,,,,134.0,467.0,55.0,,2549.0,1151.0
2021-07-13 18:20:16,2021-07-13,86400,,daily_unique_reset_each_window,1,snowflakes-2021-07.tar.xz:snowflakes-2021-07/13/2021-07-13-18-20-16-snowflake-stats,10963.0,8251.0,2668.0,,44.0,,6071.0,212.0,4657.0,3294944.0,79504.0,,51976.0,,,,87.0,510.0,55.0,,2639.0,1179.0
2021-07-14 18:20:16,2021-07-14,86400,,daily_unique_reset_each_window,1,snowflakes-2021-07.tar.xz:snowflakes-2021-07/14/2021-07-14-18-20-16-snowflake-stats,10981.0,8166.0,2771.0,,44.0,,6015.0,213.0,4726.0,3228824.0,86752.0,,44920.0,,,,98.0,446.0,59.0,,2808.0,1237.0
2021-07-15 18:20:16,2021-07-15,86400,,daily_unique_reset_each_window,1,snowflakes-2021-07.tar.xz:snowflakes-2021-07/15/2021-07-15-18-20-16-snowflake-stats,10779.0,8241.0,2510.0,,27.0,,5521.0,210.0,5022.0,3149896.0,78632.0,,64440.0,,,,74.0,478.0,63.0,,2748.0,1230.0
2021-07-16 18:20:16,2021-07-16,86400,,daily_unique_reset_each_window,1,snowflakes-2021-07.tar.xz:snowflakes-2021-07/16/2021-07-16-18-20-16-snowflake-stats,10924.0,8341.0,2560.0,,23.0,,5731.0,232.0,4944.0,3118408.0,82624.0,,53128.0,,,,61.0,551.0,67.0,,2955.0,1211.0
2021-07-17 18:20:16,2021-07-17,86400,,daily_unique_reset_each_window,1,snowflakes-2021-07.tar.xz:snowflakes-2021-07/17/2021-07-17-18-20-16-snowflake-stats,10225.0,7791.0,2411.0,,23.0,,5418.0,233.0,4541.0,3005344.0,79704.0,,23224.0,,,,64.0,591.0,49.0,,2736.0,1154.0
2021-07-18 18:20:16,2021-07-18,86400,,daily_unique_reset_each_window,1,snowflakes-2021-07.tar.xz:snowflakes-2021-07/18/2021-07-18-18-20-16-snowflake-stats,9871.0,7517.0,2329.0,,25.0,,5200.0,199.0,4446.0,2997832.0,76872.0,,38760.0,,,,77.0,528.0,67.0,,2454.0,1112.0
2021-07-19 18:20:16,2021-07-19,86400,,daily_unique_reset_each_window,1,snowflakes-2021-07.tar.xz:snowflakes-2021-07/19/2021-07-19-18-20-16-snowflake-stats,10512.0,8116.0,2364.0,,32.0,,5447.0,198.0,4844.0,3065816.0,76864.0,,91032.0,,,,58.0,510.0,69.0,,2547.0,1172.0
2021-07-20 18:20:16,2021-07-20,86400,,daily_unique_reset_each_window,1,snowflakes-2021-07.tar.xz:snowflakes-2021-07/20/2021-07-20-18-20-16-snowflake-stats,10682.0,8256.0,2400.0,,26.0,,5528.0,202.0,4933.0,3080840.0,72040.0,,88192.0,,,,69.0,479.0,54.0,,2716.0,1218.0
2021-07-21 18:20:16,2021-07-21,86400,,daily_unique_reset_each_window,1,snowflakes-2021-07.tar.xz:snowflakes-2021-07/21/2021-07-21-18-20-16-snowflake-stats,10937.0,8317.0,2579.0,,41.0,,5547.0,220.0,5151.0,3061968.0,63520.0,,63568.0,,,,64.0,479.0,79.0,,2933.0,1233.0
2021-07-22 18:20:16,2021-07-22,86400,,daily_unique_reset_each_window,1,snowflakes-2021-07.tar.xz:snowflakes-2021-07/22/2021-07-22-18-20-16-snowflake-stats,11173.0,8362.0,2769.0,,42.0,,5638.0,167.0,5338.0,3157256.0,73392.0,,47776.0,,,,63.0,435.0,52.0,,2824.0,1210.0
2021-07-23 18:20:16,2021-07-23,86400,,daily_unique_reset_each_window,1,snowflakes-2021-07.tar.xz:snowflakes-2021-07/23/2021-07-23-18-20-16-snowflake-stats,11217.0,8568.0,2612.0,,37.0,,5806.0,164.0,5220.0,3120080.0,93112.0,,117984.0,,,,61.0,627.0,74.0,,2981.0,1206.0
2021-07-24 18:20:16,2021-07-24,86400,,daily_unique_reset_each_window,1,snowflakes-2021-07.tar.xz:snowflakes-2021-07/24/2021-07-24-18-20-16-snowflake-stats,10318.0,7622.0,2672.0,,24.0,,5424.0,143.0,4728.0,3110064.0,89888.0,,93616.0,,,,78.0,571.0,48.0,,2756.0,1093.0
2021-07-25 18:20:16,2021-07-25,86400,,daily_unique_reset_each_window,1,snowflakes-2021-07.tar.xz:snowflakes-2021-07/25/2021-07-25-18-20-16-snowflake-stats,10284.0,7369.0,2899.0,,16.0,,5172.0,159.0,4932.0,3075752.0,71536.0,,91560.0,,,,100.0,569.0,64.0,,2521.0,1036.0
2021-07-26 18:20:16,2021-07-26,86400,,daily_unique_reset_each_window,1,snowflakes-2021-07.tar.xz:snowflakes-2021-07/26/2021-07-26-18-20-16-snowflake-stats,11001.0,8447.0,2527.0,,27.0,,5623.0,144.0,5202.0,3192296.0,70120.0,,96672.0,,,,121.0,597.0,66.0,,2820.0,1202.0
2021-07-27 18:20:16,2021-07-27,86400,,daily_unique_reset_each_window,1,snowflakes-2021-07.tar.xz:snowflakes-2021-07/27/2021-07-27-18-20-16-snowflake-stats,11127.0,8666.0,2425.0,,36.0,,5444.0,236.0,5419.0,3175432.0,77064.0,,90680.0,,,,194.0,628.0,59.0,,2924.0,1196.0
2021-07-28 18:20:16,2021-07-28,86400,,daily_unique_reset_each_window,1,snowflakes-2021-07.tar.xz:snowflakes-2021-07/28/2021-07-28-18-20-16-snowflake-stats,10938.0,8442.0,2473.0,,23.0,,5317.0,129.0,5469.0,2901376.0,90704.0,,116592.0,,,,109.0,672.0,60.0,,2766.0,1202.0
2021-07-29 18:20:16,2021-07-29,86400,,daily_unique_reset_each_window,1,snowflakes-2021-07.tar.xz:snowflakes-2021-07/29/2021-07-29-18-20-16-snowflake-stats,11018.0,8514.0,2458.0,,46.0,,5407.0,113.0,5466.0,3018440.0,90080.0,,39728.0,,,,86.0,611.0,55.0,,2907.0,1165.0
2021-07-30 18:20:16,2021-07-30,86400,,daily_unique_reset_each_window,1,snowflakes-2021-07.tar.xz:snowflakes-2021-07/30/2021-07-30-18-20-16-snowflake-stats,11139.0,8444.0,2664.0,,31.0,,5293.0,117.0,5708.0,2935864.0,104840.0,,63880.0,,,,84.0,630.0,48.0,,3004.0,1124.0
2021-07-31 18:20:16,2021-07-31,86400,,daily_unique_reset_each_window,1,snowflakes-2021-07.tar.xz:snowflakes-2021-07/31/2021-07-31-18-20-16-snowflake-stats,10793.0,7813.0,2910.0,,70.0,,4981.0,122.0,5653.0,2922400.0,84448.0,,111768.0,,,,83.0,697.0,75.0,,2652.0,1075.0
2021-08-01 18:20:16,2021-08-01,86400,,daily_unique_reset_each_window,1,snowflakes-2021-08.tar.xz:snowflakes-2021-08/01/2021-08-01-18-20-16-snowflake-stats,10073.0,7279.0,2738.0,,56.0,,4653.0,95.0,5291.0,3006792.0,84272.0,,122480.0,,,,88.0,669.0,55.0,,2361.0,1077.0
2021-08-02 18:20:16,2021-08-02,86400,,daily_unique_reset_each_window,1,snowflakes-2021-08.tar.xz:snowflakes-2021-08/02/2021-08-02-18-20-16-snowflake-stats,11300.0,8469.0,2758.0,,73.0,,5243.0,106.0,5897.0,3131472.0,84280.0,,143632.0,,,,78.0,648.0,73.0,,2894.0,1165.0
2021-08-03 18:20:16,2021-08-03,86400,,daily_unique_reset_each_window,1,snowflakes-2021-08.tar.xz:snowflakes-2021-08/03/2021-08-03-18-20-16-snowflake-stats,12093.0,8763.0,3292.0,,38.0,,5417.0,116.0,6538.0,3071896.0,87016.0,,194704.0,,,,105.0,603.0,63.0,,3038.0,1186.0
2021-08-04 18:20:16,2021-08-04,86400,,daily_unique_reset_each_window,1,snowflakes-2021-08.tar.xz:snowflakes-2021-08/04/2021-08-04-18-20-16-snowflake-stats,12565.0,8654.0,3878.0,,33.0,,5347.0,112.0,7071.0,3128328.0,74120.0,,221528.0,,,,93.0,674.0,59.0,,3259.0,1160.0
2021-08-05 18:20:16,2021-08-05,86400,,daily_unique_reset_each_window,1,snowflakes-2021-08.tar.xz:snowflakes-2021-08/05/2021-08-05-18-20-16-snowflake-stats,11957.0,8807.0,3122.0,,28.0,,5050.0,87.0,6804.0,3057096.0,77728.0,,195776.0,,,,100.0,689.0,68.0,,3228.0,1143.0
2021-08-06 18:20:16,2021-08-06,86400,,daily_unique_reset_each_window,1,snowflakes-2021-08.tar.xz:snowflakes-2021-08/06/2021-08-06-18-20-16-snowflake-stats,11946.0,8713.0,3201.0,,32.0,,5018.0,67.0,6835.0,3225704.0,69056.0,,193424.0,,,,93.0,675.0,76.0,,3397.0,1127.0
2021-08-07 18:20:16,2021-08-07,86400,,daily_unique_reset_each_window,1,snowflakes-2021-08.tar.xz:snowflakes-2021-08/07/2021-08-07-18-20-16-snowflake-stats,10661.0,7780.0,2849.0,,32.0,,4420.0,78.0,6151.0,3035904.0,63280.0,,218368.0,,,,105.0,576.0,67.0,,3098.0,1035.0
2021-08-08 18:20:16,2021-08-08,86400,,daily_unique_reset_each_window,1,snowflakes-2021-08.tar.xz:snowflakes-2021-08/08/2021-08-08-18-20-16-snowflake-stats,10055.0,7431.0,2590.0,,34.0,,3962.0,65.0,6009.0,3013736.0,58608.0,,229656.0,,,,182.0,534.0,69.0,,2536.0,1003.0
2021-08-09 18:20:16,2021-08-09,86400,,daily_unique_reset_each_window,1,snowflakes-2021-08.tar.xz:snowflakes-2021-08/09/2021-08-09-18-20-16-snowflake-stats,11302.0,8636.0,2636.0,,29.0,,4235.0,74.0,6974.0,3211824.0,59008.0,,250400.0,,,,177.0,613.0,71.0,,3120.0,1147.0
2021-08-10 18:20:16,2021-08-10,86400,,daily_unique_reset_each_window,1,snowflakes-2021-08.tar.xz:snowflakes-2021-08/10/2021-08-10-18-20-16-snowflake-stats,11999.0,8974.0,2995.0,,30.0,,4519.0,66.0,7384.0,3268536.0,58464.0,,231080.0,,,,133.0,725.0,69.0,,3426.0,1124.0
2021-08-11 18:20:16,2021-08-11,86400,,daily_unique_reset_each_window,1,snowflakes-2021-08.tar.xz:snowflakes-2021-08/11/2021-08-11-18-20-16-snowflake-stats,11920.0,8868.0,3032.0,,20.0,,4004.0,81.0,7810.0,3185488.0,75672.0,,140936.0,,,,123.0,694.0,71.0,,3191.0,1232.0
2021-08-12 18:20:16,2021-08-12,86400,,daily_unique_reset_each_window,1,snowflakes-2021-08.tar.xz:snowflakes-2021-08/12/2021-08-12-18-20-16-snowflake-stats,11770.0,8582.0,3160.0,,28.0,,3653.0,84.0,8007.0,3185792.0,63032.0,,223128.0,,,,142.0,787.0,75.0,,3282.0,1159.0
2021-08-13 18:20:16,2021-08-13,86400,,daily_unique_reset_each_window,1,snowflakes-2021-08.tar.xz:snowflakes-2021-08/13/2021-08-13-18-20-16-snowflake-stats,12317.0,8884.0,3403.0,,30.0,,3651.0,69.0,8568.0,3260408.0,67488.0,,206952.0,,,,122.0,734.0,63.0,,3566.0,1152.0
2021-08-14 22:53:34,2021-08-14,86400,,daily_unique_reset_each_window,1,snowflakes-2021-08.tar.xz:snowflakes-2021-08/14/2021-08-14-22-53-34-snowflake-stats,10901.0,7752.0,3122.0,,27.0,,3359.0,57.0,7463.0,3132568.0,67432.0,,197856.0,,,,146.0,567.0,72.0,,3490.0,966.0
2021-08-15 22:53:34,2021-08-15,86400,,daily_unique_reset_each_window,1,snowflakes-2021-08.tar.xz:snowflakes-2021-08/15/2021-08-15-22-53-34-snowflake-stats,10281.0,7635.0,2619.0,,27.0,,3047.0,63.0,7142.0,3051288.0,69936.0,,179696.0,,,,112.0,532.0,74.0,,2856.0,1035.0
2021-08-16 22:53:34,2021-08-16,86400,,daily_unique_reset_each_window,1,snowflakes-2021-08.tar.xz:snowflakes-2021-08/16/2021-08-16-22-53-34-snowflake-stats,11614.0,8547.0,3038.0,,29.0,,3115.0,64.0,8408.0,3201680.0,68608.0,,174288.0,,,,134.0,552.0,81.0,,3455.0,1125.0
2021-08-17 22:53:34,2021-08-17,86400,,daily_unique_reset_each_window,1,snowflakes-2021-08.tar.xz:snowflakes-2021-08/17/2021-08-17-22-53-34-snowflake-stats,11521.0,8580.0,2905.0,,36.0,,3050.0,42.0,8407.0,3283240.0,65824.0,,214032.0,,,,132.0,579.0,80.0,,3234.0,1133.0
2021-08-18 22:53:34,2021-08-18,86400,,daily_unique_reset_each_window,1,snowflakes-2021-08.tar.xz:snowflakes-2021-08/18/2021-08-18-22-53-34-snowflake-stats,11497.0,8386.0,3080.0,,31.0,,2639.0,49.0,8784.0,3400008.0,62032.0,,235032.0,,,,101.0,645.0,93.0,,3206.0,1126.0
2021-08-19 22:53:34,2021-08-19,86400,,daily_unique_reset_each_window,1,snowflakes-2021-08.tar.xz:snowflakes-2021-08/19/2021-08-19-22-53-34-snowflake-stats,11723.0,8601.0,3092.0,,30.0,,2604.0,43.0,9036.0,3400512.0,58208.0,,223248.0,,,,104.0,605.0,81.0,,3590.0,1134.0
2021-08-20 22:53:34,2021-08-20,86400,,daily_unique_reset_each_window,1,snowflakes-2021-08.tar.xz:snowflakes-2021-08/20/2021-08-20-22-53-34-snowflake-stats,11501.0,8535.0,2944.0,,22.0,,2539.0,57.0,8873.0,3278032.0,64472.0,,223040.0,,,,92.0,591.0,80.0,,3457.0,1132.0
2021-08-21 22:53:34,2021-08-21,86400,,daily_unique_reset_each_window,1,snowflakes-2021-08.tar.xz:snowflakes-2021-08/21/2021-08-21-22-53-34-snowflake-stats,10869.0,7873.0,2980.0,,16.0,,2176.0,46.0,8615.0,3229256.0,62072.0,,216264.0,,,,114.0,588.0,75.0,,3377.0,1006.0
2021-08-22 22:53:34,2021-08-22,86400,,daily_unique_reset_each_window,1,snowflakes-2021-08.tar.xz:snowflakes-2021-08/22/2021-08-22-22-53-34-snowflake-stats,10696.0,7786.0,2880.0,,30.0,,2064.0,36.0,8560.0,3295576.0,59760.0,,215016.0,,,,118.0,606.0,74.0,,3150.0,1073.0
2021-08-23 22:53:34,2021-08-23,86400,,daily_unique_reset_each_window,1,snowflakes-2021-08.tar.xz:snowflakes-2021-08/23/2021-08-23-22-53-34-snowflake-stats,11763.0,8619.0,3105.0,,39.0,,2069.0,55.0,9610.0,3427664.0,63680.0,,169904.0,,,,127.0,681.0,97.0,,3547.0,1089.0
2021-08-24 22:53:34,2021-08-24,86400,,daily_unique_reset_each_window,1,snowflakes-2021-08.tar.xz:snowflakes-2021-08/24/2021-08-24-22-53-34-snowflake-stats,11816.0,8685.0,3100.0,,31.0,,2196.0,29.0,9557.0,3431040.0,72832.0,,156840.0,,,,124.0,791.0,82.0,,3417.0,1088.0
2021-08-25 22:53:34,2021-08-25,86400,,daily_unique_reset_each_window,1,snowflakes-2021-08.tar.xz:snowflakes-2021-08/25/2021-08-25-22-53-34-snowflake-stats,12108.0,8856.0,3202.0,,50.0,,1901.0,22.0,10143.0,3457552.0,76208.0,,152408.0,,,,125.0,720.0,79.0,,3729.0,1171.0
2021-08-26 22:53:34,2021-08-26,86400,,daily_unique_reset_each_window,1,snowflakes-2021-08.tar.xz:snowflakes-2021-08/26/2021-08-26-22-53-34-snowflake-stats,12052.0,8789.0,3221.0,,42.0,,1961.0,38.0,10019.0,3540032.0,84128.0,,136736.0,,,,168.0,654.0,70.0,,3564.0,1164.0
2021-08-27 22:53:34,2021-08-27,86400,,daily_unique_reset_each_window,1,snowflakes-2021-08.tar.xz:snowflakes-2021-08/27/2021-08-27-22-53-34-snowflake-stats,11872.0,8611.0,3220.0,,41.0,,2025.0,33.0,9785.0,3569824.0,89152.0,,114984.0,,,,133.0,691.0,83.0,,3563.0,1073.0
2021-08-28 22:53:34,2021-08-28,86400,,daily_unique_reset_each_window,1,snowflakes-2021-08.tar.xz:snowflakes-2021-08/28/2021-08-28-22-53-34-snowflake-stats,10965.0,7826.0,3097.0,,42.0,,1696.0,24.0,9201.0,3553944.0,87504.0,,187216.0,,,,123.0,775.0,75.0,,3193.0,1000.0
2021-08-29 22:53:34,2021-08-29,86400,,daily_unique_reset_each_window,1,snowflakes-2021-08.tar.xz:snowflakes-2021-08/29/2021-08-29-22-53-34-snowflake-stats,10949.0,8008.0,2877.0,,64.0,,1720.0,26.0,9161.0,3654128.0,77928.0,,364448.0,,,,113.0,614.0,70.0,,3166.0,1101.0
2021-08-30 22:53:34,2021-08-30,86400,,daily_unique_reset_each_window,1,snowflakes-2021-08.tar.xz:snowflakes-2021-08/30/2021-08-30-22-53-34-snowflake-stats,11897.0,8865.0,2956.0,,76.0,,1526.0,36.0,10290.0,3720576.0,60848.0,,260104.0,,,,145.0,618.0,72.0,,3374.0,1184.0
2021-08-31 22:53:34,2021-08-31,86400,,daily_unique_reset_each_window,1,snowflakes-2021-08.tar.xz:snowflakes-2021-08/31/2021-08-31-22-53-34-snowflake-stats,11872.0,8983.0,2865.0,,24.0,,1514.0,40.0,10285.0,3631016.0,64312.0,,201160.0,,,,133.0,565.0,85.0,,3582.0,1070.0
2021-09-01 22:53:34,2021-09-01,86400,,daily_unique_reset_each_window,1,snowflakes-2021-09.tar.xz:snowflakes-2021-09/01/2021-09-01-22-53-34-snowflake-stats,12334.0,9023.0,3262.0,,49.0,,1662.0,51.0,10591.0,3671928.0,64352.0,,232688.0,,,,102.0,624.0,91.0,,3776.0,1128.0
2021-09-02 22:53:34,2021-09-02,86400,,daily_unique_reset_each_window,1,snowflakes-2021-09.tar.xz:snowflakes-2021-09/02/2021-09-02-22-53-34-snowflake-stats,11946.0,8691.0,3226.0,,29.0,,1468.0,33.0,10418.0,3754056.0,64056.0,,211632.0,,,,90.0,692.0,78.0,,3304.0,1096.0
2021-09-03 22:53:34,2021-09-03,86400,,daily_unique_reset_each_window,1,snowflakes-2021-09.tar.xz:snowflakes-2021-09/03/2021-09-03-22-53-34-snowflake-stats,12095.0,8809.0,3260.0,,26.0,,1448.0,25.0,10593.0,3786504.0,63032.0,,234880.0,,,,102.0,719.0,66.0,,3329.0,1052.0
2021-09-04 22:53:34,2021-09-04,86400,,daily_unique_reset_each_window,1,snowflakes-2021-09.tar.xz:snowflakes-2021-09/04/2021-09-04-22-53-34-snowflake-stats,10961.0,7885.0,3045.0,,31.0,,1203.0,37.0,9695.0,3592904.0,72376.0,,196136.0,,,,123.0,720.0,81.0,,3100.0,1014.0
2021-09-05 22:53:34,2021-09-05,86400,,daily_unique_reset_each_window,1,snowflakes-2021-09.tar.xz:snowflakes-2021-09/05/2021-09-05-22-53-34-snowflake-stats,10783.0,7924.0,2831.0,,28.0,,1285.0,37.0,9424.0,3636624.0,67832.0,,168328.0,,,,116.0,742.0,71.0,,2949.0,1050.0
2021-09-06 22:53:34,2021-09-06,86400,,daily_unique_reset_each_window,1,snowflakes-2021-09.tar.xz:snowflakes-2021-09/06/2021-09-06-22-53-34-snowflake-stats,12220.0,8612.0,3570.0,,38.0,,1419.0,20.0,10733.0,3773680.0,69320.0,,185584.0,,,,103.0,762.0,78.0,,3590.0,1101.0
2021-09-07 22:53:34,2021-09-07,86400,,daily_unique_reset_each_window,1,snowflakes-2021-09.tar.xz:snowflakes-2021-09/07/2021-09-07-22-53-34-snowflake-stats,12610.0,8829.0,3743.0,,38.0,,2171.0,55.0,10336.0,3786872.0,75584.0,,143344.0,,,,143.0,724.0,81.0,,3680.0,1100.0
2021-09-08 22:53:34,2021-09-08,86400,,daily_unique_reset_each_window,1,snowflakes-2021-09.tar.xz:snowflakes-2021-09/08/2021-09-08-22-53-34-snowflake-stats,12936.0,9140.0,3760.0,,36.0,,5752.0,99.0,7053.0,3732712.0,84696.0,,139288.0,,,,119.0,720.0,95.0,,3940.0,1130.0
2021-09-09 22:53:34,2021-09-09,86400,,daily_unique_reset_each_window,1,snowflakes-2021-09.tar.xz:snowflakes-2021-09/09/2021-09-09-22-53-34-snowflake-stats,12403.0,8848.0,3512.0,,43.0,,6612.0,141.0,5626.0,3843720.0,86160.0,,110744.0,,,,122.0,693.0,89.0,,3549.0,1164.0
2021-09-10 22:53:34,2021-09-10,86400,,daily_unique_reset_each_window,1,snowflakes-2021-09.tar.xz:snowflakes-2021-09/10/2021-09-10-22-53-34-snowflake-stats,12108.0,8674.0,3384.0,,50.0,,6731.0,115.0,5237.0,3778912.0,93776.0,,145616.0,,,,95.0,774.0,120.0,,3371.0,1083.0
2021-09-11 22:53:34,2021-09-11,86400,,daily_unique_reset_each_window,1,snowflakes-2021-09.tar.xz:snowflakes-2021-09/11/2021-09-11-22-53-34-snowflake-stats,11453.0,8120.0,3302.0,,31.0,,6559.0,132.0,4732.0,3657040.0,97960.0,,58080.0,,,,85.0,682.0,101.0,,3084.0,1110.0
2021-09-12 22:53:34,2021-09-12,86400,,daily_unique_reset_each_window,1,snowflakes-2021-09.tar.xz:snowflakes-2021-09/12/2021-09-12-22-53-34-snowflake-stats,11390.0,8043.0,3312.0,,35.0,,6533.0,205.0,4623.0,3556864.0,120896.0,,25064.0,,,,113.0,729.0,89.0,,3162.0,1071.0
2021-09-13 22:53:34,2021-09-13,86400,,daily_unique_reset_each_window,1,snowflakes-2021-09.tar.xz:snowflakes-2021-09/13/2021-09-13-22-53-34-snowflake-stats,12350.0,8828.0,3490.0,,32.0,,6875.0,289.0,5160.0,3542256.0,139504.0,,6096.0,,,,99.0,667.0,85.0,,3533.0,1126.0
2021-09-14 22:53:34,2021-09-14,86400,,daily_unique_reset_each_window,1,snowflakes-2021-09.tar.xz:snowflakes-2021-09/14/2021-09-14-22-53-34-snowflake-stats,12908.0,9340.0,3529.0,,39.0,,7204.0,335.0,5337.0,3541600.0,145440.0,,8976.0,,,,130.0,638.0,127.0,,3665.0,1168.0
2021-09-15 22:53:34,2021-09-15,86400,,daily_unique_reset_each_window,1,snowflakes-2021-09.tar.xz:snowflakes-2021-09/15/2021-09-15-22-53-34-snowflake-stats,12675.0,9360.0,3274.0,,41.0,,7144.0,282.0,5220.0,3663480.0,154240.0,,1920.0,,,,111.0,778.0,103.0,,3465.0,1140.0
2021-09-16 22:53:34,2021-09-16,86400,,daily_unique_reset_each_window,1,snowflakes-2021-09.tar.xz:snowflakes-2021-09/16/2021-09-16-22-53-34-snowflake-stats,12357.0,9035.0,3284.0,,38.0,,6976.0,421.0,4935.0,3613152.0,173432.0,,736.0,,,,141.0,672.0,76.0,,3581.0,1114.0
2021-09-17 22:53:34,2021-09-17,86400,,daily_unique_reset_each_window,1,snowflakes-2021-09.tar.xz:snowflakes-2021-09/17/2021-09-17-22-53-34-snowflake-stats,12657.0,8986.0,3631.0,,40.0,,7364.0,349.0,4929.0,3680640.0,167224.0,,616.0,,,,124.0,682.0,93.0,,3833.0,1149.0
2021-09-18 22:53:34,2021-09-18,86400,,daily_unique_reset_each_window,1,snowflakes-2021-09.tar.xz:snowflakes-2021-09/18/2021-09-18-22-53-34-snowflake-stats,11363.0,7975.0,3358.0,,30.0,,6560.0,345.0,4433.0,3638360.0,158312.0,,352.0,,,,116.0,668.0,72.0,,3239.0,1095.0
2021-09-19 22:53:34,2021-09-19,86400,,daily_unique_reset_each_window,1,snowflakes-2021-09.tar.xz:snowflakes-2021-09/19/2021-09-19-22-53-34-snowflake-stats,11412.0,7973.0,3411.0,,28.0,,6782.0,288.0,4328.0,3651640.0,159904.0,,320.0,,,,125.0,700.0,99.0,,3311.0,1076.0
2021-09-20 22:53:34,2021-09-20,86400,,daily_unique_reset_each_window,1,snowflakes-2021-09.tar.xz:snowflakes-2021-09/20/2021-09-20-22-53-34-snowflake-stats,12197.0,8932.0,3244.0,,21.0,,6875.0,307.0,4994.0,3808240.0,146968.0,,200.0,,,,107.0,699.0,76.0,,3591.0,1200.0
2021-09-21 22:53:34,2021-09-21,86400,,daily_unique_reset_each_window,1,snowflakes-2021-09.tar.xz:snowflakes-2021-09/21/2021-09-21-22-53-34-snowflake-stats,13023.0,9348.0,3636.0,,39.0,,7345.0,354.0,5299.0,3782760.0,157408.0,,40.0,,,,99.0,614.0,77.0,,3785.0,1271.0
2021-09-22 22:53:34,2021-09-22,86400,,daily_unique_reset_each_window,1,snowflakes-2021-09.tar.xz:snowflakes-2021-09/22/2021-09-22-22-53-34-snowflake-stats,12720.0,9120.0,3570.0,,30.0,,6954.0,562.0,5182.0,3774336.0,144824.0,,128.0,,,,86.0,589.0,91.0,,3880.0,1164.0
2021-09-23 22:53:34,2021-09-23,86400,,daily_unique_reset_each_window,1,snowflakes-2021-09.tar.xz:snowflakes-2021-09/23/2021-09-23-22-53-34-snowflake-stats,12565.0,9133.0,3410.0,,22.0,,6994.0,419.0,5123.0,3786448.0,149912.0,,640.0,,,,83.0,666.0,74.0,,3787.0,1160.0
2021-09-24 22:53:34,2021-09-24,86400,,daily_unique_reset_each_window,1,snowflakes-2021-09.tar.xz:snowflakes-2021-09/24/2021-09-24-22-53-34-snowflake-stats,12608.0,9183.0,3392.0,,33.0,,7316.0,308.0,4957.0,3655608.0,154512.0,,424.0,,,,107.0,639.0,73.0,,3983.0,1093.0
2021-09-25 22:53:34,2021-09-25,86400,,daily_unique_reset_each_window,1,snowflakes-2021-09.tar.xz:snowflakes-2021-09/25/2021-09-25-22-53-34-snowflake-stats,11629.0,8237.0,3363.0,,29.0,,6714.0,307.0,4581.0,3549976.0,145784.0,,200.0,,,,98.0,618.0,76.0,,3527.0,1081.0
2021-09-26 22:53:34,2021-09-26,86400,,daily_unique_reset_each_window,1,snowflakes-2021-09.tar.xz:snowflakes-2021-09/26/2021-09-26-22-53-34-snowflake-stats,11728.0,8149.0,3556.0,,23.0,,6935.0,295.0,4475.0,3647608.0,157048.0,,136.0,,,,110.0,591.0,76.0,,3682.0,1096.0
2021-09-27 22:53:34,2021-09-27,86400,,daily_unique_reset_each_window,1,snowflakes-2021-09.tar.xz:snowflakes-2021-09/27/2021-09-27-22-53-34-snowflake-stats,12717.0,9152.0,3539.0,,26.0,,7477.0,347.0,4862.0,3753352.0,157960.0,,88.0,,,,84.0,659.0,81.0,,3868.0,1165.0
2021-09-28 22:53:34,2021-09-28,86400,,daily_unique_reset_each_window,1,snowflakes-2021-09.tar.xz:snowflakes-2021-09/28/2021-09-28-22-53-34-snowflake-stats,12945.0,9497.0,3410.0,,38.0,,7589.0,375.0,4963.0,3787208.0,157128.0,,136.0,,,,113.0,649.0,89.0,,4026.0,1195.0
2021-09-29 22:53:34,2021-09-29,86400,,daily_unique_reset_each_window,1,snowflakes-2021-09.tar.xz:snowflakes-2021-09/29/2021-09-29-22-53-34-snowflake-stats,12860.0,9316.0,3510.0,,34.0,,7602.0,320.0,4913.0,3807512.0,146200.0,,128.0,,,,123.0,670.0,80.0,,4149.0,1171.0
2021-09-30 22:53:34,2021-09-30,86400,,daily_unique_reset_each_window,1,snowflakes-2021-09.tar.xz:snowflakes-2021-09/30/2021-09-30-22-53-34-snowflake-stats,13068.0,9377.0,3660.0,,31.0,,7669.0,365.0,5015.0,3604664.0,158024.0,,176.0,,,,81.0,720.0,88.0,,4354.0,1173.0
2021-10-01 22:53:34,2021-10-01,86400,,daily_unique_reset_each_window,1,snowflakes-2021-10.tar.xz:snowflakes-2021-10/01/2021-10-01-22-53-34-snowflake-stats,12817.0,9195.0,3598.0,,24.0,,7489.0,340.0,4967.0,3571928.0,153808.0,,456.0,,,,82.0,668.0,78.0,,4353.0,1148.0
2021-10-02 22:53:34,2021-10-02,86400,,daily_unique_reset_each_window,1,snowflakes-2021-10.tar.xz:snowflakes-2021-10/02/2021-10-02-22-53-34-snowflake-stats,11496.0,8151.0,3326.0,,19.0,,6475.0,443.0,4556.0,3560056.0,159848.0,,424.0,,,,108.0,695.0,68.0,,3555.0,1016.0
2021-10-03 22:53:34,2021-10-03,86400,,daily_unique_reset_each_window,1,snowflakes-2021-10.tar.xz:snowflakes-2021-10/03/2021-10-03-22-53-34-snowflake-stats,11499.0,8207.0,3275.0,,17.0,,6450.0,292.0,4724.0,3574784.0,147168.0,,2568.0,,,,105.0,646.0,58.0,,3633.0,1040.0
2021-10-04 22:53:34,2021-10-04,86400,,daily_unique_reset_each_window,1,snowflakes-2021-10.tar.xz:snowflakes-2021-10/04/2021-10-04-22-53-34-snowflake-stats,12765.0,9229.0,3501.0,,35.0,,7374.0,353.0,5007.0,3710800.0,155656.0,,2888.0,,,,86.0,732.0,75.0,,3825.0,1241.0
2021-10-05 22:53:34,2021-10-05,86400,,daily_unique_reset_each_window,1,snowflakes-2021-10.tar.xz:snowflakes-2021-10/05/2021-10-05-22-53-34-snowflake-stats,13039.0,9373.0,3634.0,,32.0,,7346.0,323.0,5333.0,3751960.0,146264.0,,912.0,,,,75.0,749.0,117.0,,4050.0,1228.0
2021-10-06 22:53:34,2021-10-06,86400,,daily_unique_reset_each_window,1,snowflakes-2021-10.tar.xz:snowflakes-2021-10/06/2021-10-06-22-53-34-snowflake-stats,12841.0,9356.0,3432.0,,53.0,,7288.0,325.0,5190.0,3732088.0,148720.0,,1096.0,,,,71.0,719.0,82.0,,3971.0,1244.0
2021-10-07 22:53:34,2021-10-07,86400,,daily_unique_reset_each_window,1,snowflakes-2021-10.tar.xz:snowflakes-2021-10/07/2021-10-07-22-53-34-snowflake-stats,12215.0,8962.0,3218.0,,35.0,,6814.0,283.0,5087.0,3603008.0,155568.0,,2608.0,,,,78.0,720.0,92.0,,3708.0,1117.0
2021-10-08 22:53:34,2021-10-08,86400,,daily_unique_reset_each_window,1,snowflakes-2021-10.tar.xz:snowflakes-2021-10/08/2021-10-08-22-53-34-snowflake-stats,12381.0,8933.0,3420.0,,28.0,,7047.0,323.0,4977.0,3680696.0,159872.0,,1592.0,,,,75.0,750.0,96.0,,3617.0,1154.0
2021-10-09 22:53:34,2021-10-09,86400,,daily_unique_reset_each_window,1,snowflakes-2021-10.tar.xz:snowflakes-2021-10/09/2021-10-09-22-53-34-snowflake-stats,11370.0,8099.0,3250.0,,21.0,,6644.0,335.0,4360.0,3639544.0,155560.0,,2392.0,,,,86.0,756.0,101.0,,3338.0,1112.0
2021-10-10 22:53:34,2021-10-10,86400,,daily_unique_reset_each_window,1,snowflakes-2021-10.tar.xz:snowflakes-2021-10/10/2021-10-10-22-53-34-snowflake-stats,11565.0,7965.0,3558.0,,42.0,,6640.0,513.0,4389.0,3557464.0,146728.0,,2576.0,,,,70.0,839.0,99.0,,3434.0,1097.0
2021-10-11 22:53:34,2021-10-11,86400,,daily_unique_reset_each_window,1,snowflakes-2021-10.tar.xz:snowflakes-2021-10/11/2021-10-11-22-53-34-snowflake-stats,12307.0,9083.0,3196.0,,28.0,,7052.0,329.0,4900.0,3781992.0,155152.0,,2088.0,,,,105.0,892.0,87.0,,3523.0,1184.0
2021-10-12 22:53:34,2021-10-12,86400,,daily_unique_reset_each_window,1,snowflakes-2021-10.tar.xz:snowflakes-2021-10/12/2021-10-12-22-53-34-snowflake-stats,12793.0,9463.0,3298.0,,32.0,,7292.0,318.0,5143.0,3680544.0,161960.0,,2752.0,,,,103.0,858.0,85.0,,3785.0,1227.0
2021-10-13 22:53:34,2021-10-13,86400,,daily_unique_reset_each_window,1,snowflakes-2021-10.tar.xz:snowflakes-2021-10/13/2021-10-13-22-53-34-snowflake-stats,13319.0,9748.0,3546.0,,25.0,,7405.0,363.0,5525.0,3742048.0,159016.0,,2520.0,,,,98.0,927.0,98.0,,3996.0,1218.0
2021-10-14 22:53:34,2021-10-14,86400,,daily_unique_reset_each_window,1,snowflakes-2021-10.tar.xz:snowflakes-2021-10/14/2021-10-14-22-53-34-snowflake-stats,12427.0,9309.0,3087.0,,31.0,,6965.0,308.0,5127.0,3588504.0,153544.0,,5248.0,,,,82.0,834.0,93.0,,3631.0,1177.0
2021-10-15 22:53:34,2021-10-15,86400,,daily_unique_reset_each_window,1,snowflakes-2021-10.tar.xz:snowflakes-2021-10/15/2021-10-15-22-53-34-snowflake-stats,12285.0,9152.0,3107.0,,26.0,,6879.0,338.0,5047.0,3587160.0,158176.0,,2512.0,,,,85.0,807.0,99.0,,3607.0,1154.0
2021-10-16 22:53:34,2021-10-16,86400,,daily_unique_reset_each_window,1,snowflakes-2021-10.tar.xz:snowflakes-2021-10/16/2021-10-16-22-53-34-snowflake-stats,11599.0,8238.0,3333.0,,28.0,,6814.0,283.0,4483.0,3544040.0,163184.0,,1768.0,,,,91.0,876.0,93.0,,3342.0,1154.0
2021-10-17 22:53:34,2021-10-17,86400,,daily_unique_reset_each_window,1,snowflakes-2021-10.tar.xz:snowflakes-2021-10/17/2021-10-17-22-53-34-snowflake-stats,11630.0,8415.0,3196.0,,19.0,,6868.0,281.0,4453.0,3594424.0,153424.0,,1296.0,,,,116.0,854.0,103.0,,3209.0,1224.0
2021-10-18 22:53:34,2021-10-18,86400,,daily_unique_reset_each_window,1,snowflakes-2021-10.tar.xz:snowflakes-2021-10/18/2021-10-18-22-53-34-snowflake-stats,12745.0,9598.0,3125.0,,22.0,,7492.0,255.0,4980.0,3796008.0,145464.0,,5496.0,,,,103.0,800.0,99.0,,3855.0,1275.0
2021-10-19 22:53:34,2021-10-19,86400,,daily_unique_reset_each_window,1,snowflakes-2021-10.tar.xz:snowflakes-2021-10/19/2021-10-19-22-53-34-snowflake-stats,13043.0,9517.0,3498.0,,28.0,,7576.0,227.0,5217.0,3708312.0,158528.0,,4720.0,,,,77.0,838.0,85.0,,3839.0,1276.0
2021-10-20 22:53:34,2021-10-20,86400,,daily_unique_reset_each_window,1,snowflakes-2021-10.tar.xz:snowflakes-2021-10/20/2021-10-20-22-53-34-snowflake-stats,12797.0,9432.0,3331.0,,34.0,,7259.0,241.0,5275.0,3739888.0,147872.0,,6208.0,,,,110.0,752.0,83.0,,3777.0,1271.0
2021-10-21 22:53:34,2021-10-21,86400,,daily_unique_reset_each_window,1,snowflakes-2021-10.tar.xz:snowflakes-2021-10/21/2021-10-21-22-53-34-snowflake-stats,12635.0,9325.0,3263.0,,47.0,,7155.0,221.0,5234.0,3795824.0,140248.0,,9136.0,,,,128.0,819.0,105.0,,3706.0,1221.0
2021-10-22 22:53:34,2021-10-22,86400,,daily_unique_reset_each_window,1,snowflakes-2021-10.tar.xz:snowflakes-2021-10/22/2021-10-22-22-53-34-snowflake-stats,12120.0,8903.0,3186.0,,31.0,,6769.0,200.0,5132.0,3574000.0,152912.0,,5968.0,,,,132.0,811.0,106.0,,3443.0,1264.0
2021-10-23 22:53:34,2021-10-23,86400,,daily_unique_reset_each_window,1,snowflakes-2021-10.tar.xz:snowflakes-2021-10/23/2021-10-23-22-53-34-snowflake-stats,11381.0,8063.0,3290.0,,28.0,,6518.0,266.0,4574.0,3506824.0,165664.0,,3112.0,,,,123.0,823.0,104.0,,3327.0,1134.0
2021-10-24 22:53:34,2021-10-24,86400,,daily_unique_reset_each_window,1,snowflakes-2021-10.tar.xz:snowflakes-2021-10/24/2021-10-24-22-53-34-snowflake-stats,11042.0,8055.0,2955.0,,32.0,,6101.0,186.0,4731.0,3421584.0,147144.0,,10048.0,,,,121.0,799.0,129.0,,2956.0,1269.0
2021-10-25 22:53:40,2021-10-25,86400,,daily_unique_reset_each_window,1,snowflakes-2021-10.tar.xz:snowflakes-2021-10/25/2021-10-25-22-53-40-snowflake-stats,12198.0,9046.0,3119.0,,33.0,,5439.0,141.0,6589.0,3633752.0,135544.0,,10560.0,,,,157.0,787.0,122.0,,3317.0,1301.0
2021-10-26 22:53:40,2021-10-26,86400,,daily_unique_reset_each_window,1,snowflakes-2021-10.tar.xz:snowflakes-2021-10/26/2021-10-26-22-53-40-snowflake-stats,12633.0,9390.0,3224.0,,19.0,,3304.0,74.0,9230.0,3725384.0,131832.0,,47864.0,,,,152.0,804.0,92.0,,3865.0,1279.0
2021-10-27 22:53:40,2021-10-27,86400,,daily_unique_reset_each_window,1,snowflakes-2021-10.tar.xz:snowflakes-2021-10/27/2021-10-27-22-53-40-snowflake-stats,12185.0,9262.0,2902.0,,21.0,,2484.0,38.0,9640.0,3773896.0,120208.0,,118128.0,,,,138.0,752.0,98.0,,3319.0,1330.0
2021-10-28 22:53:40,2021-10-28,86400,,daily_unique_reset_each_window,1,snowflakes-2021-10.tar.xz:snowflakes-2021-10/28/2021-10-28-22-53-40-snowflake-stats,12232.0,9259.0,2942.0,,31.0,,1933.0,34.0,10218.0,3670632.0,109376.0,,80976.0,,,,152.0,784.0,94.0,,3437.0,1282.0
2021-10-29 22:53:40,2021-10-29,86400,,daily_unique_reset_each_window,1,snowflakes-2021-10.tar.xz:snowflakes-2021-10/29/2021-10-29-22-53-40-snowflake-stats,12251.0,9160.0,3061.0,,30.0,,1790.0,28.0,10395.0,3687184.0,107520.0,,100824.0,,,,149.0,775.0,83.0,,3679.0,1233.0
2021-10-30 22:53:40,2021-10-30,86400,,daily_unique_reset_each_window,1,snowflakes-2021-10.tar.xz:snowflakes-2021-10/30/2021-10-30-22-53-40-snowflake-stats,11267.0,8421.0,2821.0,,25.0,,1446.0,26.0,9755.0,3695008.0,109680.0,,168672.0,,,,161.0,715.0,71.0,,3244.0,1098.0
2021-11-01 20:26:47,2021-11-01,86400,,daily_unique_reset_each_window,1,snowflakes-2021-11.tar.xz:snowflakes-2021-11/01/2021-11-01-20-26-47-snowflake-stats,12019.0,9082.0,2918.0,,19.0,,3875.0,65.0,8062.0,3597496.0,100544.0,,148832.0,,,,123.0,765.0,75.0,,3201.0,1268.0
2021-11-02 20:26:47,2021-11-02,86400,,daily_unique_reset_each_window,1,snowflakes-2021-11.tar.xz:snowflakes-2021-11/02/2021-11-02-20-26-47-snowflake-stats,12563.0,9525.0,3001.0,,37.0,,6639.0,142.0,5766.0,3699232.0,98664.0,,114320.0,,,,141.0,702.0,83.0,,3347.0,1347.0
2021-11-03 20:26:47,2021-11-03,86400,,daily_unique_reset_each_window,1,snowflakes-2021-11.tar.xz:snowflakes-2021-11/03/2021-11-03-20-26-47-snowflake-stats,12777.0,9714.0,3036.0,,27.0,,7352.0,145.0,5262.0,3782064.0,102272.0,,140952.0,,,,179.0,711.0,90.0,,3406.0,1414.0
2021-11-04 20:26:47,2021-11-04,86400,,daily_unique_reset_each_window,1,snowflakes-2021-11.tar.xz:snowflakes-2021-11/04/2021-11-04-20-26-47-snowflake-stats,12630.0,9532.0,3070.0,,28.0,,7509.0,138.0,4959.0,3740720.0,104784.0,,104208.0,,,,129.0,733.0,86.0,,3467.0,1381.0
2021-11-05 20:26:47,2021-11-05,86400,,daily_unique_reset_each_window,1,snowflakes-2021-11.tar.xz:snowflakes-2021-11/05/2021-11-05-20-26-47-snowflake-stats,12620.0,9558.0,3028.0,,34.0,,7758.0,149.0,4696.0,3681864.0,110152.0,,71040.0,,,,109.0,627.0,87.0,,3737.0,1329.0
2021-11-06 20:26:47,2021-11-06,86400,,daily_unique_reset_each_window,1,snowflakes-2021-11.tar.xz:snowflakes-2021-11/06/2021-11-06-20-26-47-snowflake-stats,11899.0,8773.0,3082.0,,44.0,,7343.0,189.0,4344.0,3692184.0,132136.0,,16536.0,,,,130.0,705.0,78.0,,3452.0,1249.0
2021-11-07 20:26:47,2021-11-07,86400,,daily_unique_reset_each_window,1,snowflakes-2021-11.tar.xz:snowflakes-2021-11/07/2021-11-07-20-26-47-snowflake-stats,11182.0,8303.0,2853.0,,26.0,,6682.0,265.0,4213.0,3454096.0,161064.0,,544.0,,,,134.0,625.0,77.0,,2980.0,1259.0
2021-11-08 20:26:47,2021-11-08,86400,,daily_unique_reset_each_window,1,snowflakes-2021-11.tar.xz:snowflakes-2021-11/08/2021-11-08-20-26-47-snowflake-stats,12565.0,9606.0,2932.0,,27.0,,7517.0,302.0,4720.0,3605152.0,153144.0,,1904.0,,,,135.0,661.0,72.0,,3427.0,1418.0
2021-11-09 20:26:47,2021-11-09,86400,,daily_unique_reset_each_window,1,snowflakes-2021-11.tar.xz:snowflakes-2021-11/09/2021-11-09-20-26-47-snowflake-stats,12693.0,9717.0,2934.0,,42.0,,7609.0,328.0,4731.0,3533880.0,162408.0,,3744.0,,,,111.0,659.0,70.0,,3680.0,1374.0
2021-11-10 20:26:47,2021-11-10,86400,,daily_unique_reset_each_window,1,snowflakes-2021-11.tar.xz:snowflakes-2021-11/10/2021-11-10-20-26-47-snowflake-stats,12481.0,9435.0,3014.0,,32.0,,7247.0,392.0,4823.0,3366008.0,172440.0,,3568.0,,,,112.0,813.0,74.0,,3348.0,1381.0
2021-11-11 20:26:47,2021-11-11,86400,,daily_unique_reset_each_window,1,snowflakes-2021-11.tar.xz:snowflakes-2021-11/11/2021-11-11-20-26-47-snowflake-stats,12288.0,9183.0,3074.0,,31.0,,7095.0,405.0,4764.0,3534376.0,161328.0,,4120.0,,,,94.0,710.0,64.0,,3365.0,1437.0
2021-11-12 20:26:47,2021-11-12,86400,,daily_unique_reset_each_window,1,snowflakes-2021-11.tar.xz:snowflakes-2021-11/12/2021-11-12-20-26-47-snowflake-stats,12259.0,9315.0,2912.0,,32.0,,7130.0,364.0,4739.0,3534712.0,177744.0,,2008.0,,,,104.0,736.0,74.0,,3352.0,1384.0
2021-11-13 20:26:47,2021-11-13,86400,,daily_unique_reset_each_window,1,snowflakes-2021-11.tar.xz:snowflakes-2021-11/13/2021-11-13-20-26-47-snowflake-stats,11748.0,8602.0,3121.0,,25.0,,7012.0,318.0,4380.0,3466440.0,173656.0,,1600.0,,,,103.0,672.0,66.0,,3393.0,1315.0
2021-11-14 20:26:47,2021-11-14,86400,,daily_unique_reset_each_window,1,snowflakes-2021-11.tar.xz:snowflakes-2021-11/14/2021-11-14-20-26-47-snowflake-stats,11448.0,8368.0,3057.0,,23.0,,6789.0,374.0,4256.0,3539576.0,166704.0,,1216.0,,,,123.0,708.0,63.0,,2989.0,1373.0
2021-11-15 20:26:47,2021-11-15,86400,,daily_unique_reset_each_window,1,snowflakes-2021-11.tar.xz:snowflakes-2021-11/15/2021-11-15-20-26-47-snowflake-stats,12560.0,9460.0,3068.0,,32.0,,7379.0,312.0,4841.0,3524432.0,164272.0,,2344.0,,,,118.0,775.0,62.0,,3469.0,1448.0
2021-11-16 20:26:47,2021-11-16,86400,,daily_unique_reset_each_window,1,snowflakes-2021-11.tar.xz:snowflakes-2021-11/16/2021-11-16-20-26-47-snowflake-stats,13455.0,10084.0,3335.0,,36.0,,7986.0,457.0,4983.0,3652272.0,171856.0,,1136.0,,,,141.0,774.0,73.0,,3778.0,1472.0
2021-11-17 20:26:47,2021-11-17,86400,,daily_unique_reset_each_window,1,snowflakes-2021-11.tar.xz:snowflakes-2021-11/17/2021-11-17-20-26-47-snowflake-stats,13073.0,9781.0,3214.0,,78.0,,7689.0,422.0,4907.0,3617864.0,174136.0,,992.0,,,,110.0,793.0,79.0,1.0,3731.0,1419.0
2021-11-18 20:26:47,2021-11-18,86400,,daily_unique_reset_each_window,1,snowflakes-2021-11.tar.xz:snowflakes-2021-11/18/2021-11-18-20-26-47-snowflake-stats,12895.0,9598.0,3250.0,,47.0,,7554.0,411.0,4894.0,3615720.0,155432.0,,800.0,,,,82.0,768.0,85.0,,3450.0,1411.0
2021-11-19 20:26:47,2021-11-19,86400,,daily_unique_reset_each_window,1,snowflakes-2021-11.tar.xz:snowflakes-2021-11/19/2021-11-19-20-26-47-snowflake-stats,12560.0,9470.0,3052.0,,38.0,,7409.0,329.0,4793.0,3624472.0,147496.0,,840.0,,,,90.0,764.0,86.0,,3361.0,1362.0
2021-11-20 20:26:47,2021-11-20,86400,,daily_unique_reset_each_window,1,snowflakes-2021-11.tar.xz:snowflakes-2021-11/20/2021-11-20-20-26-47-snowflake-stats,11628.0,8531.0,3069.0,,28.0,,6725.0,321.0,4557.0,3599072.0,153200.0,,536.0,,,,100.0,769.0,87.0,,2957.0,1229.0
2021-11-21 20:26:47,2021-11-21,86400,,daily_unique_reset_each_window,1,snowflakes-2021-11.tar.xz:snowflakes-2021-11/21/2021-11-21-20-26-47-snowflake-stats,11645.0,8301.0,3297.0,,47.0,,6693.0,420.0,4500.0,3707976.0,159696.0,,328.0,,,,111.0,793.0,105.0,,2880.0,1251.0
2021-11-22 20:26:47,2021-11-22,86400,,daily_unique_reset_each_window,1,snowflakes-2021-11.tar.xz:snowflakes-2021-11/22/2021-11-22-20-26-47-snowflake-stats,12811.0,9479.0,3291.0,,41.0,,7315.0,670.0,4788.0,3783888.0,166208.0,,424.0,,,,94.0,763.0,88.0,,3377.0,1384.0
2021-11-23 20:26:47,2021-11-23,86400,,daily_unique_reset_each_window,1,snowflakes-2021-11.tar.xz:snowflakes-2021-11/23/2021-11-23-20-26-47-snowflake-stats,13146.0,9882.0,3230.0,,34.0,,7785.0,365.0,4965.0,3819888.0,189024.0,,680.0,,,,123.0,928.0,76.0,,3199.0,1461.0
2021-11-24 20:26:47,2021-11-24,86400,,daily_unique_reset_each_window,1,snowflakes-2021-11.tar.xz:snowflakes-2021-11/24/2021-11-24-20-26-47-snowflake-stats,12731.0,9561.0,3137.0,,33.0,,7528.0,352.0,4820.0,3886800.0,165360.0,,1168.0,,,,120.0,753.0,75.0,,3148.0,1418.0
2021-11-25 20:26:47,2021-11-25,86400,,daily_unique_reset_each_window,1,snowflakes-2021-11.tar.xz:snowflakes-2021-11/25/2021-11-25-20-26-47-snowflake-stats,12814.0,9620.0,3159.0,,35.0,,7610.0,378.0,4799.0,3679120.0,177368.0,,1000.0,,,,106.0,767.0,89.0,,3204.0,1426.0
2021-11-26 20:26:47,2021-11-26,86400,,daily_unique_reset_each_window,1,snowflakes-2021-11.tar.xz:snowflakes-2021-11/26/2021-11-26-20-26-47-snowflake-stats,12508.0,9237.0,3204.0,,67.0,,7320.0,311.0,4817.0,3665672.0,160808.0,,224.0,,,,105.0,713.0,88.0,,2983.0,1414.0
2021-11-27 20:26:47,2021-11-27,86400,,daily_unique_reset_each_window,1,snowflakes-2021-11.tar.xz:snowflakes-2021-11/27/2021-11-27-20-26-47-snowflake-stats,11961.0,8997.0,2922.0,,42.0,,7027.0,444.0,4458.0,3626152.0,167112.0,,664.0,,,,121.0,650.0,91.0,,3184.0,1330.0
2021-11-28 20:26:47,2021-11-28,86400,,daily_unique_reset_each_window,1,snowflakes-2021-11.tar.xz:snowflakes-2021-11/28/2021-11-28-20-26-47-snowflake-stats,12040.0,9150.0,2852.0,,38.0,,7085.0,329.0,4588.0,3698184.0,161488.0,,440.0,,,,128.0,666.0,95.0,,3150.0,1379.0
2021-11-29 20:26:47,2021-11-29,86400,,daily_unique_reset_each_window,1,snowflakes-2021-11.tar.xz:snowflakes-2021-11/29/2021-11-29-20-26-47-snowflake-stats,12343.0,9583.0,2725.0,,35.0,,6970.0,309.0,5029.0,3741080.0,162048.0,,952.0,,,,124.0,718.0,74.0,,3040.0,1406.0
2021-11-30 20:26:47,2021-11-30,86400,,daily_unique_reset_each_window,1,snowflakes-2021-11.tar.xz:snowflakes-2021-11/30/2021-11-30-20-26-47-snowflake-stats,13094.0,10038.0,2971.0,,85.0,,7400.0,348.0,5262.0,3778816.0,163472.0,,320.0,,,,116.0,739.0,89.0,,3404.0,1511.0
2021-12-01 20:26:47,2021-12-01,86400,,daily_unique_reset_each_window,1,snowflakes-2021-12.tar.xz:snowflakes-2021-12/01/2021-12-01-20-26-47-snowflake-stats,13699.0,10154.0,3439.0,,106.0,,8012.0,323.0,5285.0,3440080.0,207984.0,,57296.0,,,,110.0,876.0,101.0,,3841.0,1455.0
2021-12-02 20:26:47,2021-12-02,86400,,daily_unique_reset_each_window,1,snowflakes-2021-12.tar.xz:snowflakes-2021-12/02/2021-12-02-20-26-47-snowflake-stats,13832.0,10014.0,3714.0,,104.0,,8253.0,278.0,5211.0,2773824.0,326536.0,,89904.0,,,,82.0,936.0,74.0,,4003.0,1466.0
2021-12-03 20:26:47,2021-12-03,86400,,daily_unique_reset_each_window,1,snowflakes-2021-12.tar.xz:snowflakes-2021-12/03/2021-12-03-20-26-47-snowflake-stats,13531.0,9616.0,3804.0,,111.0,,8155.0,219.0,5087.0,2812856.0,329320.0,,59144.0,,,,79.0,981.0,83.0,,3976.0,1435.0
2021-12-04 20:26:47,2021-12-04,86400,,daily_unique_reset_each_window,1,snowflakes-2021-12.tar.xz:snowflakes-2021-12/04/2021-12-04-20-26-47-snowflake-stats,12958.0,8974.0,3855.0,,129.0,,7790.0,194.0,4891.0,2842800.0,315464.0,,89160.0,,,,82.0,998.0,74.0,,3848.0,1347.0
2021-12-05 20:26:47,2021-12-05,86400,,daily_unique_reset_each_window,1,snowflakes-2021-12.tar.xz:snowflakes-2021-12/05/2021-12-05-20-26-47-snowflake-stats,12582.0,8926.0,3534.0,,122.0,,7378.0,169.0,4967.0,2992880.0,287456.0,,86248.0,,,,99.0,936.0,82.0,,3611.0,1416.0
2021-12-06 20:26:47,2021-12-06,86400,,daily_unique_reset_each_window,1,snowflakes-2021-12.tar.xz:snowflakes-2021-12/06/2021-12-06-20-26-47-snowflake-stats,13963.0,10029.0,3865.0,,69.0,,8017.0,210.0,5697.0,3126880.0,281448.0,,84104.0,,,,131.0,1082.0,98.0,,3884.0,1470.0
2021-12-07 20:26:47,2021-12-07,86400,,daily_unique_reset_each_window,1,snowflakes-2021-12.tar.xz:snowflakes-2021-12/07/2021-12-07-20-26-47-snowflake-stats,13828.0,10189.0,3527.0,,112.0,,7663.0,166.0,5947.0,3310200.0,257584.0,,66000.0,,,,124.0,1092.0,104.0,1.0,3519.0,1494.0
2021-12-08 20:26:47,2021-12-08,86400,,daily_unique_reset_each_window,1,snowflakes-2021-12.tar.xz:snowflakes-2021-12/08/2021-12-08-20-26-47-snowflake-stats,14594.0,10541.0,3907.0,,146.0,,6787.0,104.0,7622.0,3330776.0,271424.0,,135840.0,,,,105.0,1204.0,111.0,,4062.0,1533.0
2021-12-09 20:26:47,2021-12-09,86400,,daily_unique_reset_each_window,1,snowflakes-2021-12.tar.xz:snowflakes-2021-12/09/2021-12-09-20-26-47-snowflake-stats,14852.0,10617.0,4010.0,,225.0,,8056.0,165.0,6548.0,3507464.0,275632.0,,116864.0,,,,102.0,1142.0,105.0,,4037.0,1632.0
2021-12-10 20:26:47,2021-12-10,86400,,daily_unique_reset_each_window,1,snowflakes-2021-12.tar.xz:snowflakes-2021-12/10/2021-12-10-20-26-47-snowflake-stats,14932.0,10453.0,4353.0,,126.0,,9124.0,143.0,5596.0,3486816.0,299512.0,,114048.0,,,,97.0,1187.0,95.0,,4476.0,1555.0
2021-12-11 20:26:47,2021-12-11,86400,,daily_unique_reset_each_window,1,snowflakes-2021-12.tar.xz:snowflakes-2021-12/11/2021-12-11-20-26-47-snowflake-stats,13929.0,9736.0,4109.0,,84.0,,8951.0,159.0,4777.0,3498376.0,272960.0,,48472.0,,,,103.0,1099.0,88.0,,4194.0,1462.0
2021-12-12 20:26:47,2021-12-12,86400,,daily_unique_reset_each_window,1,snowflakes-2021-12.tar.xz:snowflakes-2021-12/12/2021-12-12-20-26-47-snowflake-stats,13547.0,9537.0,3923.0,,87.0,,8554.0,224.0,4723.0,3499568.0,280640.0,,17472.0,,,,83.0,1180.0,97.0,,3769.0,1516.0
2021-12-13 20:26:47,2021-12-13,86400,,daily_unique_reset_each_window,1,snowflakes-2021-12.tar.xz:snowflakes-2021-12/13/2021-12-13-20-26-47-snowflake-stats,16345.0,10480.0,5783.0,,81.0,,10723.0,319.0,5254.0,3071672.0,476016.0,,191984.0,,,,157.0,1441.0,96.0,,5470.0,1569.0
2021-12-14 20:26:47,2021-12-14,86400,,daily_unique_reset_each_window,1,snowflakes-2021-12.tar.xz:snowflakes-2021-12/14/2021-12-14-20-26-47-snowflake-stats,17164.0,10511.0,6544.0,,104.0,,11493.0,349.0,5272.0,2366096.0,734712.0,,343552.0,,,,87.0,1821.0,87.0,,5494.0,1635.0
2021-12-15 20:26:47,2021-12-15,86400,,daily_unique_reset_each_window,1,snowflakes-2021-12.tar.xz:snowflakes-2021-12/15/2021-12-15-20-26-47-snowflake-stats,18010.0,10758.0,7156.0,,96.0,,12010.0,316.0,5628.0,2375624.0,754672.0,,332880.0,,,,90.0,2388.0,104.0,,5784.0,1644.0
2021-12-16 20:26:47,2021-12-16,86400,,daily_unique_reset_each_window,1,snowflakes-2021-12.tar.xz:snowflakes-2021-12/16/2021-12-16-20-26-47-snowflake-stats,16640.0,10614.0,5891.0,,131.0,,10773.0,304.0,5515.0,2346584.0,773384.0,,319672.0,,,,76.0,1964.0,109.0,,5031.0,1636.0
2021-12-17 20:26:47,2021-12-17,86400,,daily_unique_reset_each_window,1,snowflakes-2021-12.tar.xz:snowflakes-2021-12/17/2021-12-17-20-26-47-snowflake-stats,17132.0,10490.0,6543.0,,99.0,,11432.0,276.0,5385.0,2272328.0,819576.0,,338064.0,,,,120.0,1853.0,108.0,,5724.0,1588.0
2021-12-18 20:26:47,2021-12-18,86400,,daily_unique_reset_each_window,1,snowflakes-2021-12.tar.xz:snowflakes-2021-12/18/2021-12-18-20-26-47-snowflake-stats,16087.0,9480.0,6544.0,,62.0,,10788.0,284.0,4971.0,2266848.0,807536.0,,268704.0,,,,134.0,1754.0,88.0,,5676.0,1456.0
2021-12-19 20:26:47,2021-12-19,86400,,daily_unique_reset_each_window,1,snowflakes-2021-12.tar.xz:snowflakes-2021-12/19/2021-12-19-20-26-47-snowflake-stats,14799.0,9231.0,5510.0,,58.0,,9768.0,271.0,4730.0,2397768.0,758504.0,,226808.0,,,,104.0,1711.0,99.0,,4753.0,1460.0
2021-12-20 20:26:47,2021-12-20,86400,,daily_unique_reset_each_window,1,snowflakes-2021-12.tar.xz:snowflakes-2021-12/20/2021-12-20-20-26-47-snowflake-stats,16390.0,10032.0,6271.0,,87.0,,10967.0,279.0,5106.0,2399224.0,733648.0,,207424.0,,,,120.0,1932.0,83.0,,5476.0,1545.0
2021-12-21 20:26:47,2021-12-21,86400,,daily_unique_reset_each_window,1,snowflakes-2021-12.tar.xz:snowflakes-2021-12/21/2021-12-21-20-26-47-snowflake-stats,17675.0,10459.0,6373.0,,814.0,,10845.0,278.0,6472.0,2565656.0,739584.0,,208880.0,,,,116.0,1825.0,83.0,,5629.0,1720.0
2021-12-22 20:26:47,2021-12-22,86400,,daily_unique_reset_each_window,1,snowflakes-2021-12.tar.xz:snowflakes-2021-12/22/2021-12-22-20-26-47-snowflake-stats,16623.0,10561.0,5840.0,,174.0,,10655.0,172.0,5755.0,2647824.0,731136.0,,202824.0,,,,116.0,2065.0,90.0,,4811.0,1541.0
2021-12-23 20:26:47,2021-12-23,86400,,daily_unique_reset_each_window,1,snowflakes-2021-12.tar.xz:snowflakes-2021-12/23/2021-12-23-20-26-47-snowflake-stats,15952.0,10236.0,5575.0,,116.0,,10524.0,147.0,5237.0,2657504.0,767816.0,,241696.0,,,,99.0,2014.0,92.0,,4507.0,1563.0
2021-12-24 20:26:47,2021-12-24,86400,,daily_unique_reset_each_window,1,snowflakes-2021-12.tar.xz:snowflakes-2021-12/24/2021-12-24-20-26-47-snowflake-stats,15611.0,9542.0,5943.0,,101.0,,10610.0,121.0,4837.0,2346144.0,851120.0,,389296.0,,,,110.0,2141.0,103.0,,4986.0,1412.0
2021-12-25 20:26:47,2021-12-25,86400,,daily_unique_reset_each_window,1,snowflakes-2021-12.tar.xz:snowflakes-2021-12/25/2021-12-25-20-26-47-snowflake-stats,15054.0,8537.0,6408.0,,73.0,,10608.0,150.0,4266.0,2248384.0,893480.0,,397688.0,,,,126.0,2551.0,85.0,,4790.0,1315.0
2021-12-26 20:26:47,2021-12-26,86400,,daily_unique_reset_each_window,1,snowflakes-2021-12.tar.xz:snowflakes-2021-12/26/2021-12-26-20-26-47-snowflake-stats,14223.0,8802.0,5314.0,,92.0,,9458.0,218.0,4501.0,2298432.0,802872.0,,244376.0,,,,91.0,2084.0,94.0,1.0,4106.0,1315.0
2021-12-27 20:26:47,2021-12-27,86400,,daily_unique_reset_each_window,1,snowflakes-2021-12.tar.xz:snowflakes-2021-12/27/2021-12-27-20-26-47-snowflake-stats,15050.0,9747.0,5177.0,,103.0,,9795.0,252.0,4958.0,2466368.0,751608.0,,207568.0,,,,100.0,2822.0,88.0,,3674.0,1417.0
2021-12-28 20:26:47,2021-12-28,86400,,daily_unique_reset_each_window,1,snowflakes-2021-12.tar.xz:snowflakes-2021-12/28/2021-12-28-20-26-47-snowflake-stats,15698.0,9899.0,5664.0,,103.0,,10363.0,290.0,4993.0,2505088.0,803304.0,,173760.0,,,,87.0,2138.0,95.0,,4805.0,1540.0
2021-12-29 20:26:47,2021-12-29,86400,,daily_unique_reset_each_window,1,snowflakes-2021-12.tar.xz:snowflakes-2021-12/29/2021-12-29-20-26-47-snowflake-stats,15432.0,9983.0,5258.0,,135.0,,10051.0,340.0,4985.0,2378984.0,1041736.0,,528872.0,,,,100.0,2008.0,96.0,1.0,4380.0,1633.0
2021-12-30 20:26:47,2021-12-30,86400,,daily_unique_reset_each_window,1,snowflakes-2021-12.tar.xz:snowflakes-2021-12/30/2021-12-30-20-26-47-snowflake-stats,16663.0,10104.0,6379.0,,127.0,,11181.0,247.0,5178.0,2438048.0,873128.0,,152592.0,,,,70.0,1952.0,86.0,,5563.0,1650.0
2021-12-31 20:26:47,2021-12-31,86400,,daily_unique_reset_each_window,1,snowflakes-2021-12.tar.xz:snowflakes-2021-12/31/2021-12-31-20-26-47-snowflake-stats,15703.0,9559.0,5998.0,,98.0,,10338.0,191.0,5138.0,2792920.0,750024.0,,152328.0,,,,76.0,1907.0,94.0,,5179.0,1530.0
2022-01-01 20:26:47,2022-01-01,86400,,daily_unique_reset_each_window,1,snowflakes-2022-01.tar.xz:snowflakes-2022-01/01/2022-01-01-20-26-47-snowflake-stats,14186.0,8775.0,5256.0,,97.0,,9482.0,176.0,4478.0,2741912.0,722280.0,,149528.0,,,,82.0,1570.0,94.0,,4638.0,1406.0
2022-01-02 20:26:47,2022-01-02,86400,,daily_unique_reset_each_window,1,snowflakes-2022-01.tar.xz:snowflakes-2022-01/02/2022-01-02-20-26-47-snowflake-stats,15523.0,9429.0,5955.0,,92.0,,10232.0,131.0,5093.0,2942608.0,692384.0,,142976.0,,,,94.0,1814.0,102.0,,5181.0,1556.0
2022-01-03 20:26:47,2022-01-03,86400,,daily_unique_reset_each_window,1,snowflakes-2022-01.tar.xz:snowflakes-2022-01/03/2022-01-03-20-26-47-snowflake-stats,15724.0,10560.0,5052.0,,88.0,,10185.0,222.0,5269.0,3041720.0,686904.0,,110392.0,,,,101.0,1614.0,95.0,,4693.0,1699.0
2022-01-04 20:26:47,2022-01-04,86400,,daily_unique_reset_each_window,1,snowflakes-2022-01.tar.xz:snowflakes-2022-01/04/2022-01-04-20-26-47-snowflake-stats,15618.0,10986.0,4498.0,,87.0,,9906.0,310.0,5358.0,2934056.0,689152.0,,76072.0,,,,107.0,1632.0,95.0,1.0,4298.0,1703.0
2022-01-05 20:26:47,2022-01-05,86400,,daily_unique_reset_each_window,1,snowflakes-2022-01.tar.xz:snowflakes-2022-01/05/2022-01-05-20-26-47-snowflake-stats,15939.0,10932.0,4813.0,,73.0,,10288.0,319.0,5285.0,2992656.0,704944.0,,26304.0,,,,114.0,1608.0,87.0,1.0,4648.0,1764.0
2022-01-06 20:26:47,2022-01-06,86400,,daily_unique_reset_each_window,1,snowflakes-2022-01.tar.xz:snowflakes-2022-01/06/2022-01-06-20-26-47-snowflake-stats,15173.0,10732.0,3931.0,,73.0,,9686.0,333.0,5109.0,2625320.0,700944.0,,19280.0,,,,97.0,1497.0,99.0,,4203.0,1775.0
2022-01-07 20:26:47,2022-01-07,86400,,daily_unique_reset_each_window,1,snowflakes-2022-01.tar.xz:snowflakes-2022-01/07/2022-01-07-20-26-47-snowflake-stats,16301.0,10925.0,4232.0,,97.0,,10698.0,369.0,5143.0,2593624.0,708384.0,,53256.0,,,,111.0,1409.0,112.0,,5228.0,1848.0
2022-01-08 20:26:47,2022-01-08,86400,,daily_unique_reset_each_window,1,snowflakes-2022-01.tar.xz:snowflakes-2022-01/08/2022-01-08-20-26-47-snowflake-stats,15200.0,10184.0,3744.0,,129.0,,9900.0,308.0,4935.0,2528392.0,645024.0,,16312.0,,,,105.0,1334.0,105.0,,4876.0,1634.0
2022-01-09 20:26:47,2022-01-09,86400,,daily_unique_reset_each_window,1,snowflakes-2022-01.tar.xz:snowflakes-2022-01/09/2022-01-09-20-26-47-snowflake-stats,13817.0,10086.0,2942.0,,78.0,,8660.0,303.0,4801.0,2590952.0,618344.0,,20184.0,,,,106.0,1372.0,79.0,,3709.0,1647.0
2022-01-10 20:26:47,2022-01-10,86400,,daily_unique_reset_each_window,1,snowflakes-2022-01.tar.xz:snowflakes-2022-01/10/2022-01-10-20-26-47-snowflake-stats,16032.0,11456.0,3406.0,,76.0,,10059.0,370.0,5553.0,2385240.0,648968.0,,32376.0,,,,110.0,1460.0,104.0,,4750.0,1792.0
2022-01-11 20:26:47,2022-01-11,86400,,daily_unique_reset_each_window,1,snowflakes-2022-01.tar.xz:snowflakes-2022-01/11/2022-01-11-20-26-47-snowflake-stats,15981.0,11505.0,3376.0,,92.0,,10088.0,394.0,5445.0,2289336.0,648112.0,,50400.0,,,,86.0,1495.0,84.0,1.0,4577.0,1766.0
2022-01-12 20:26:47,2022-01-12,86400,,daily_unique_reset_each_window,1,snowflakes-2022-01.tar.xz:snowflakes-2022-01/12/2022-01-12-20-26-47-snowflake-stats,17950.0,11815.0,4702.0,,81.0,,11806.0,348.0,5730.0,2259192.0,683848.0,,40312.0,,,,103.0,1451.0,89.0,1.0,6396.0,1894.0
2022-01-13 20:26:47,2022-01-13,86400,,daily_unique_reset_each_window,1,snowflakes-2022-01.tar.xz:snowflakes-2022-01/13/2022-01-13-20-26-47-snowflake-stats,16594.0,11762.0,3480.0,,79.0,,10394.0,291.0,5852.0,2128920.0,727152.0,,64312.0,,,,89.0,1523.0,81.0,,5080.0,1822.0
2022-01-14 20:26:47,2022-01-14,86400,,daily_unique_reset_each_window,1,snowflakes-2022-01.tar.xz:snowflakes-2022-01/14/2022-01-14-20-26-47-snowflake-stats,16065.0,11570.0,3239.0,,98.0,,10069.0,267.0,5683.0,1956592.0,757816.0,,23520.0,,,,97.0,1483.0,93.0,,4831.0,1821.0
2022-01-15 20:26:47,2022-01-15,86400,,daily_unique_reset_each_window,1,snowflakes-2022-01.tar.xz:snowflakes-2022-01/15/2022-01-15-20-26-47-snowflake-stats,15987.0,10870.0,3319.0,,70.0,,10370.0,287.0,5268.0,1853240.0,791072.0,,14816.0,,,,115.0,1481.0,95.0,,5220.0,1708.0
2022-01-16 20:26:47,2022-01-16,86400,,daily_unique_reset_each_window,1,snowflakes-2022-01.tar.xz:snowflakes-2022-01/16/2022-01-16-20-26-47-snowflake-stats,15574.0,10460.0,3621.0,,59.0,,9990.0,310.0,5228.0,1844272.0,740848.0,,9288.0,,,,105.0,1420.0,82.0,,5160.0,1613.0
2022-01-17 20:26:47,2022-01-17,86400,,daily_unique_reset_each_window,1,snowflakes-2022-01.tar.xz:snowflakes-2022-01/17/2022-01-17-20-26-47-snowflake-stats,16450.0,11663.0,3436.0,,81.0,,10439.0,287.0,5669.0,1932176.0,718528.0,,12728.0,,,,115.0,1434.0,86.0,,4972.0,1790.0
2022-01-18 20:26:47,2022-01-18,86400,,daily_unique_reset_each_window,1,snowflakes-2022-01.tar.xz:snowflakes-2022-01/18/2022-01-18-20-26-47-snowflake-stats,15952.0,11453.0,2969.0,,84.0,,9872.0,311.0,5722.0,1973256.0,696952.0,,6888.0,,,,121.0,1424.0,85.0,,4693.0,1825.0
2022-01-19 20:26:47,2022-01-19,86400,,daily_unique_reset_each_window,1,snowflakes-2022-01.tar.xz:snowflakes-2022-01/19/2022-01-19-20-26-47-snowflake-stats,16512.0,11546.0,3444.0,,97.0,,10154.0,310.0,5991.0,1879472.0,733664.0,,9232.0,,,,120.0,1441.0,99.0,,5214.0,1859.0
2022-01-20 20:26:47,2022-01-20,86400,,daily_unique_reset_each_window,1,snowflakes-2022-01.tar.xz:snowflakes-2022-01/20/2022-01-20-20-26-47-snowflake-stats,16822.0,11579.0,3342.0,,102.0,,10641.0,294.0,5805.0,1823696.0,714472.0,,9672.0,,,,114.0,1443.0,86.0,,5626.0,1792.0
2022-01-21 20:26:47,2022-01-21,86400,,daily_unique_reset_each_window,1,snowflakes-2022-01.tar.xz:snowflakes-2022-01/21/2022-01-21-20-26-47-snowflake-stats,16028.0,11540.0,2843.0,,83.0,,9953.0,303.0,5714.0,1713384.0,738784.0,,20696.0,,,,104.0,1539.0,93.0,1.0,4839.0,1844.0
2022-01-22 20:26:47,2022-01-22,86400,,daily_unique_reset_each_window,1,snowflakes-2022-01.tar.xz:snowflakes-2022-01/22/2022-01-22-20-26-47-snowflake-stats,15226.0,10973.0,2767.0,,81.0,,9524.0,283.0,5362.0,1799936.0,734328.0,,10584.0,,,,140.0,1276.0,95.0,,4675.0,1739.0
2022-01-23 20:26:47,2022-01-23,86400,,daily_unique_reset_each_window,1,snowflakes-2022-01.tar.xz:snowflakes-2022-01/23/2022-01-23-20-26-47-snowflake-stats,14057.0,10496.0,2126.0,,76.0,,8523.0,280.0,5203.0,1890384.0,689272.0,,7552.0,,,,117.0,1277.0,85.0,,3730.0,1699.0
2022-01-24 20:26:47,2022-01-24,86400,,daily_unique_reset_each_window,1,snowflakes-2022-01.tar.xz:snowflakes-2022-01/24/2022-01-24-20-26-47-snowflake-stats,15793.0,11546.0,2544.0,,84.0,,9704.0,278.0,5756.0,1962984.0,667952.0,,38024.0,,,,110.0,1335.0,90.0,,4759.0,1779.0
2022-01-25 20:26:47,2022-01-25,86400,,daily_unique_reset_each_window,1,snowflakes-2022-01.tar.xz:snowflakes-2022-01/25/2022-01-25-20-26-47-snowflake-stats,15221.0,11498.0,2163.0,,75.0,,9264.0,238.0,5673.0,2007280.0,728320.0,,44008.0,,,,94.0,1319.0,98.0,,4221.0,1777.0
2022-01-26 20:26:47,2022-01-26,86400,,daily_unique_reset_each_window,1,snowflakes-2022-01.tar.xz:snowflakes-2022-01/26/2022-01-26-20-26-47-snowflake-stats,15858.0,11914.0,2156.0,,78.0,,9480.0,252.0,6064.0,1990800.0,636776.0,,12944.0,,,,85.0,1348.0,68.0,,4542.0,1796.0
2022-01-27 20:26:47,2022-01-27,86400,,daily_unique_reset_each_window,1,snowflakes-2022-01.tar.xz:snowflakes-2022-01/27/2022-01-27-20-26-47-snowflake-stats,15806.0,11568.0,2313.0,,60.0,,9543.0,247.0,5963.0,1833088.0,700792.0,,25672.0,,,,84.0,1408.0,78.0,,4685.0,1732.0
2022-01-28 20:26:47,2022-01-28,86400,,daily_unique_reset_each_window,1,snowflakes-2022-01.tar.xz:snowflakes-2022-01/28/2022-01-28-20-26-47-snowflake-stats,16686.0,12194.0,2535.0,,90.0,,9728.0,259.0,6630.0,1791016.0,745896.0,,31984.0,,,,91.0,1472.0,92.0,,4975.0,1866.0
2022-01-30 19:24:23,2022-01-30,86400,,daily_unique_reset_each_window,1,snowflakes-2022-01.tar.xz:snowflakes-2022-01/30/2022-01-30-19-24-23-snowflake-stats,16502.0,10867.0,2576.0,,55.0,,9367.0,171.0,6917.0,1709040.0,768016.0,,50640.0,,,,101.0,1347.0,89.0,,5689.0,1779.0
2022-01-31 19:24:23,2022-01-31,86400,,daily_unique_reset_each_window,1,snowflakes-2022-01.tar.xz:snowflakes-2022-01/31/2022-01-31-19-24-23-snowflake-stats,16848.0,11833.0,2596.0,,69.0,,9800.0,264.0,6719.0,1857448.0,751536.0,,25912.0,,,,99.0,1313.0,71.0,,5374.0,1856.0
2022-02-01 19:24:23,2022-02-01,86400,,daily_unique_reset_each_window,1,snowflakes-2022-02.tar.xz:snowflakes-2022-02/01/2022-02-01-19-24-23-snowflake-stats,16364.0,11749.0,2727.0,,66.0,,10256.0,274.0,5776.0,1739928.0,807464.0,,31520.0,,,,105.0,1300.0,60.0,,5059.0,1876.0
2022-02-02 19:24:23,2022-02-02,86400,,daily_unique_reset_each_window,1,snowflakes-2022-02.tar.xz:snowflakes-2022-02/02/2022-02-02-19-24-23-snowflake-stats,15709.0,11524.0,2416.0,,72.0,,9918.0,277.0,5457.0,1694984.0,796136.0,,20168.0,,,,141.0,1309.0,50.0,,4523.0,1779.0
2022-02-03 19:24:23,2022-02-03,86400,,daily_unique_reset_each_window,1,snowflakes-2022-02.tar.xz:snowflakes-2022-02/03/2022-02-03-19-24-23-snowflake-stats,15628.0,11495.0,2411.0,,67.0,,9856.0,308.0,5412.0,1785376.0,767776.0,,10632.0,,,,109.0,1317.0,66.0,,4579.0,1734.0
2022-02-04 19:24:23,2022-02-04,86400,,daily_unique_reset_each_window,1,snowflakes-2022-02.tar.xz:snowflakes-2022-02/04/2022-02-04-19-24-23-snowflake-stats,15566.0,11449.0,2290.0,,60.0,,9787.0,291.0,5444.0,1681304.0,793648.0,,27312.0,,,,77.0,1427.0,63.0,,4323.0,1802.0
2022-02-05 19:24:23,2022-02-05,86400,,daily_unique_reset_each_window,1,snowflakes-2022-02.tar.xz:snowflakes-2022-02/05/2022-02-05-19-24-23-snowflake-stats,15176.0,10489.0,2620.0,,76.0,,9847.0,331.0,4950.0,1437592.0,860320.0,,16672.0,,,,91.0,1265.0,71.0,,4771.0,1672.0
2022-02-06 19:24:23,2022-02-06,86400,,daily_unique_reset_each_window,1,snowflakes-2022-02.tar.xz:snowflakes-2022-02/06/2022-02-06-19-24-23-snowflake-stats,14313.0,10163.0,2069.0,,72.0,,9100.0,334.0,4823.0,1403304.0,809704.0,,8784.0,,,,86.0,1181.0,90.0,,4240.0,1671.0
2022-02-07 19:24:23,2022-02-07,86400,,daily_unique_reset_each_window,1,snowflakes-2022-02.tar.xz:snowflakes-2022-02/07/2022-02-07-19-24-23-snowflake-stats,15467.0,11469.0,2044.0,,66.0,,9652.0,305.0,5454.0,1760832.0,723680.0,,8720.0,,,,89.0,1267.0,103.0,,4484.0,1808.0
2022-02-08 19:24:23,2022-02-08,86400,,daily_unique_reset_each_window,1,snowflakes-2022-02.tar.xz:snowflakes-2022-02/08/2022-02-08-19-24-23-snowflake-stats,16122.0,12085.0,2115.0,,61.0,,10213.0,339.0,5523.0,1776816.0,766352.0,,19024.0,,,,78.0,1412.0,93.0,,4849.0,1849.0
2022-02-09 19:24:23,2022-02-09,86400,,daily_unique_reset_each_window,1,snowflakes-2022-02.tar.xz:snowflakes-2022-02/09/2022-02-09-19-24-23-snowflake-stats,17129.0,12507.0,1951.0,,80.0,,10830.0,314.0,5920.0,1759904.0,761800.0,,13016.0,,,,81.0,1406.0,101.0,,5848.0,1865.0
2022-02-10 19:24:23,2022-02-10,86400,,daily_unique_reset_each_window,1,snowflakes-2022-02.tar.xz:snowflakes-2022-02/10/2022-02-10-19-24-23-snowflake-stats,16637.0,12510.0,2091.0,,78.0,,10397.0,322.0,5863.0,1791592.0,744224.0,,4984.0,,,,83.0,1385.0,90.0,,5405.0,1878.0
2022-02-11 19:24:23,2022-02-11,86400,,daily_unique_reset_each_window,1,snowflakes-2022-02.tar.xz:snowflakes-2022-02/11/2022-02-11-19-24-23-snowflake-stats,16959.0,12736.0,2076.0,,83.0,,10539.0,403.0,5958.0,1794632.0,748280.0,,18888.0,,,,65.0,1424.0,119.0,,5708.0,1779.0
2022-02-12 19:24:23,2022-02-12,86400,,daily_unique_reset_each_window,1,snowflakes-2022-02.tar.xz:snowflakes-2022-02/12/2022-02-12-19-24-23-snowflake-stats,15311.0,11524.0,1843.0,,73.0,,9512.0,392.0,5350.0,1881648.0,699608.0,,5288.0,,,,93.0,1255.0,96.0,,4841.0,1660.0
2022-02-13 19:24:23,2022-02-13,86400,,daily_unique_reset_each_window,1,snowflakes-2022-02.tar.xz:snowflakes-2022-02/13/2022-02-13-19-24-23-snowflake-stats,16023.0,10996.0,2311.0,,69.0,,10297.0,351.0,5313.0,2210376.0,642264.0,,1472.0,,,,116.0,1333.0,101.0,,5772.0,1588.0
2022-02-14 19:24:23,2022-02-14,86400,,daily_unique_reset_each_window,1,snowflakes-2022-02.tar.xz:snowflakes-2022-02/14/2022-02-14-19-24-23-snowflake-stats,16656.0,12483.0,1999.0,,62.0,,10560.0,370.0,5674.0,2505176.0,563184.0,,1400.0,,,,86.0,1421.0,118.0,,5214.0,1800.0
2022-02-15 19:24:23,2022-02-15,86400,,daily_unique_reset_each_window,1,snowflakes-2022-02.tar.xz:snowflakes-2022-02/15/2022-02-15-19-24-23-snowflake-stats,17321.0,12754.0,1704.0,,70.0,,10964.0,396.0,5902.0,2273920.0,631920.0,,3744.0,,,,78.0,1711.0,101.0,,5537.0,1849.0
2022-02-16 19:24:23,2022-02-16,86400,,daily_unique_reset_each_window,1,snowflakes-2022-02.tar.xz:snowflakes-2022-02/16/2022-02-16-19-24-23-snowflake-stats,17239.0,12698.0,2177.0,,66.0,,10964.0,481.0,5737.0,1955328.0,740832.0,,24168.0,,,,88.0,1654.0,87.0,,5548.0,1842.0
2022-02-17 19:24:23,2022-02-17,86400,,daily_unique_reset_each_window,1,snowflakes-2022-02.tar.xz:snowflakes-2022-02/17/2022-02-17-19-24-23-snowflake-stats,17197.0,12647.0,2365.0,,64.0,,10958.0,505.0,5679.0,1629352.0,841784.0,,54264.0,,,,95.0,1630.0,97.0,,5722.0,1708.0
2022-02-18 19:24:23,2022-02-18,86400,,daily_unique_reset_each_window,1,snowflakes-2022-02.tar.xz:snowflakes-2022-02/18/2022-02-18-19-24-23-snowflake-stats,17160.0,11885.0,3083.0,,65.0,,11221.0,460.0,5405.0,1432512.0,1045424.0,,1089960.0,,,,82.0,1466.0,109.0,,6260.0,1688.0
2022-02-19 19:24:23,2022-02-19,86400,,daily_unique_reset_each_window,1,snowflakes-2022-02.tar.xz:snowflakes-2022-02/19/2022-02-19-19-24-23-snowflake-stats,16161.0,11179.0,2659.0,,68.0,,10378.0,515.0,5200.0,1484680.0,869064.0,,69240.0,,,,87.0,1442.0,103.0,,5433.0,1645.0
2022-02-20 19:24:23,2022-02-20,86400,,daily_unique_reset_each_window,1,snowflakes-2022-02.tar.xz:snowflakes-2022-02/20/2022-02-20-19-24-23-snowflake-stats,14747.0,10560.0,2034.0,,81.0,,9192.0,437.0,5050.0,1595384.0,842896.0,,61080.0,,,,81.0,1382.0,94.0,,4244.0,1663.0
2022-02-21 19:24:23,2022-02-21,86400,,daily_unique_reset_each_window,1,snowflakes-2022-02.tar.xz:snowflakes-2022-02/21/2022-02-21-19-24-23-snowflake-stats,17727.0,12593.0,2713.0,,69.0,,11307.0,468.0,5900.0,1676840.0,800968.0,,49288.0,,,,88.0,1528.0,117.0,,6049.0,1806.0
2022-02-22 19:24:23,2022-02-22,86400,,daily_unique_reset_each_window,1,snowflakes-2022-02.tar.xz:snowflakes-2022-02/22/2022-02-22-19-24-23-snowflake-stats,17171.0,12725.0,2153.0,,53.0,,10790.0,469.0,5857.0,1552912.0,819168.0,,57712.0,,,,120.0,1424.0,84.0,,5474.0,1858.0
2022-02-23 19:24:23,2022-02-23,86400,,daily_unique_reset_each_window,1,snowflakes-2022-02.tar.xz:snowflakes-2022-02/23/2022-02-23-19-24-23-snowflake-stats,17309.0,12262.0,2679.0,,66.0,,11007.0,411.0,5839.0,1446184.0,864384.0,,54144.0,,,,103.0,1426.0,98.0,,6078.0,1727.0
2022-02-24 19:24:23,2022-02-24,86400,,daily_unique_reset_each_window,1,snowflakes-2022-02.tar.xz:snowflakes-2022-02/24/2022-02-24-19-24-23-snowflake-stats,16894.0,12610.0,1992.0,,74.0,,10326.0,384.0,6135.0,1505088.0,863400.0,,38256.0,,,,95.0,1382.0,94.0,,5545.0,1834.0
2022-02-25 19:24:23,2022-02-25,86400,,daily_unique_reset_each_window,1,snowflakes-2022-02.tar.xz:snowflakes-2022-02/25/2022-02-25-19-24-23-snowflake-stats,17452.0,12313.0,2794.0,,95.0,,10812.0,395.0,6183.0,1351264.0,889704.0,,64168.0,,,,61.0,1414.0,96.0,,6084.0,1893.0
2022-02-26 19:24:23,2022-02-26,86400,,daily_unique_reset_each_window,1,snowflakes-2022-02.tar.xz:snowflakes-2022-02/26/2022-02-26-19-24-23-snowflake-stats,17433.0,12857.0,2055.0,,344.0,,9836.0,406.0,7064.0,1095136.0,1080544.0,,808032.0,,,,100.0,1354.0,92.0,,5534.0,2315.0
2022-02-27 19:24:23,2022-02-27,86400,,daily_unique_reset_each_window,1,snowflakes-2022-02.tar.xz:snowflakes-2022-02/27/2022-02-27-19-24-23-snowflake-stats,20915.0,14504.0,2392.0,,1057.0,,11393.0,399.0,8857.0,1778832.0,1217072.0,,655848.0,,,,84.0,2031.0,107.0,,5829.0,3054.0
2022-02-28 19:24:23,2022-02-28,86400,,daily_unique_reset_each_window,1,snowflakes-2022-02.tar.xz:snowflakes-2022-02/28/2022-02-28-19-24-23-snowflake-stats,24659.0,18034.0,2974.0,,996.0,,13453.0,464.0,10450.0,3269656.0,1236888.0,,343752.0,,,,92.0,1756.0,111.0,,6944.0,3565.0
2022-03-01 19:24:23,2022-03-01,86400,,daily_unique_reset_each_window,1,snowflakes-2022-03.tar.xz:snowflakes-2022-03/01/2022-03-01-19-24-23-snowflake-stats,23445.0,18543.0,1917.0,,692.0,,12387.0,422.0,10413.0,4746024.0,1206320.0,,105768.0,,,,64.0,1437.0,115.0,,5897.0,3617.0
2022-03-02 19:24:23,2022-03-02,86400,,daily_unique_reset_each_window,1,snowflakes-2022-03.tar.xz:snowflakes-2022-03/02/2022-03-02-19-24-23-snowflake-stats,25625.0,20084.0,2437.0,,654.0,,13403.0,382.0,11610.0,9009888.0,1218912.0,,98648.0,,,,89.0,1504.0,88.0,1.0,7466.0,3827.0
2022-03-03 19:24:23,2022-03-03,86400,,daily_unique_reset_each_window,1,snowflakes-2022-03.tar.xz:snowflakes-2022-03/03/2022-03-03-19-24-23-snowflake-stats,25682.0,20423.0,2329.0,,477.0,,12171.0,348.0,12981.0,10685600.0,1222280.0,,107168.0,,,,96.0,1627.0,86.0,,7335.0,3865.0
2022-03-04 19:24:23,2022-03-04,86400,,daily_unique_reset_each_window,1,snowflakes-2022-03.tar.xz:snowflakes-2022-03/04/2022-03-04-19-24-23-snowflake-stats,25737.0,19916.0,2661.0,,570.0,,11048.0,320.0,14162.0,11498984.0,1374632.0,,221040.0,,,,103.0,1743.0,99.0,,7222.0,4034.0
2022-03-05 19:24:23,2022-03-05,86400,,daily_unique_reset_each_window,1,snowflakes-2022-03.tar.xz:snowflakes-2022-03/05/2022-03-05-19-24-23-snowflake-stats,24707.0,18485.0,2845.0,,744.0,,9634.0,320.0,14516.0,12144560.0,1490840.0,,184560.0,,,,132.0,1715.0,84.0,,6524.0,3979.0
2022-03-06 19:24:23,2022-03-06,86400,,daily_unique_reset_each_window,1,snowflakes-2022-03.tar.xz:snowflakes-2022-03/06/2022-03-06-19-24-23-snowflake-stats,24248.0,18430.0,2865.0,,565.0,,8250.0,281.0,15516.0,13389960.0,1272544.0,,34344.0,,,,90.0,1465.0,119.0,,6090.0,4224.0
2022-03-07 19:24:23,2022-03-07,86400,,daily_unique_reset_each_window,1,snowflakes-2022-03.tar.xz:snowflakes-2022-03/07/2022-03-07-19-24-23-snowflake-stats,26859.0,20594.0,2918.0,,549.0,,8139.0,257.0,18240.0,14303352.0,1259976.0,,26480.0,,,,82.0,1425.0,114.0,,6972.0,4520.0
2022-03-08 19:24:23,2022-03-08,86400,,daily_unique_reset_each_window,1,snowflakes-2022-03.tar.xz:snowflakes-2022-03/08/2022-03-08-19-24-23-snowflake-stats,28236.0,21828.0,3177.0,,498.0,,7539.0,329.0,20159.0,15462024.0,1185784.0,,1240.0,,,,132.0,1451.0,119.0,,7155.0,5233.0
2022-03-09 19:24:23,2022-03-09,86400,,daily_unique_reset_each_window,1,snowflakes-2022-03.tar.xz:snowflakes-2022-03/09/2022-03-09-19-24-23-snowflake-stats,28833.0,22593.0,2933.0,,821.0,,6720.0,262.0,21587.0,16558544.0,1158600.0,,5920.0,,,,115.0,1586.0,127.0,1.0,6928.0,5935.0
2022-03-10 19:24:23,2022-03-10,86400,,daily_unique_reset_each_window,1,snowflakes-2022-03.tar.xz:snowflakes-2022-03/10/2022-03-10-19-24-23-snowflake-stats,30042.0,22906.0,2952.0,,1473.0,,5922.0,249.0,23615.0,17287848.0,1075192.0,,3952.0,,,,108.0,1524.0,144.0,,7092.0,6781.0
2022-03-12 15:59:11,2022-03-12,86400,,daily_unique_reset_each_window,1,snowflakes-2022-03.tar.xz:snowflakes-2022-03/12/2022-03-12-15-59-11-snowflake-stats,29629.0,22649.0,3106.0,,1118.0,,9996.0,438.0,18976.0,18527312.0,1277000.0,,7104.0,,,,160.0,1504.0,150.0,,6991.0,6711.0
2022-03-13 15:59:11,2022-03-13,86400,,daily_unique_reset_each_window,1,snowflakes-2022-03.tar.xz:snowflakes-2022-03/13/2022-03-13-15-59-11-snowflake-stats,26807.0,20618.0,2880.0,,872.0,,14523.0,604.0,11481.0,19280288.0,1076224.0,,0.0,,,,163.0,1407.0,133.0,,6028.0,6275.0
2022-03-14 15:59:11,2022-03-14,86400,,daily_unique_reset_each_window,1,snowflakes-2022-03.tar.xz:snowflakes-2022-03/14/2022-03-14-15-59-11-snowflake-stats,30134.0,23669.0,3003.0,,885.0,,17418.0,723.0,11799.0,19347648.0,1052336.0,,0.0,,,,141.0,1614.0,136.0,,6626.0,6835.0
2022-03-15 15:59:11,2022-03-15,86400,,daily_unique_reset_each_window,1,snowflakes-2022-03.tar.xz:snowflakes-2022-03/15/2022-03-15-15-59-11-snowflake-stats,31517.0,25124.0,3174.0,,903.0,,18672.0,895.0,11722.0,19469136.0,1058728.0,,0.0,,,,120.0,1593.0,142.0,,7369.0,7306.0
2022-03-16 15:59:11,2022-03-16,86400,,daily_unique_reset_each_window,1,snowflakes-2022-03.tar.xz:snowflakes-2022-03/16/2022-03-16-15-59-11-snowflake-stats,32041.0,25540.0,3069.0,,729.0,,19621.0,852.0,11341.0,19472232.0,1076712.0,,0.0,,,,168.0,1655.0,129.0,,7791.0,7371.0
2022-03-17 15:59:11,2022-03-17,86400,,daily_unique_reset_each_window,1,snowflakes-2022-03.tar.xz:snowflakes-2022-03/17/2022-03-17-15-59-11-snowflake-stats,31143.0,24245.0,3461.0,,728.0,,18638.0,892.0,11412.0,14699912.0,3512792.0,,18376.0,,,,150.0,1625.0,138.0,,7334.0,7290.0
2022-03-18 15:59:11,2022-03-18,86400,,daily_unique_reset_each_window,1,snowflakes-2022-03.tar.xz:snowflakes-2022-03/18/2022-03-18-15-59-11-snowflake-stats,31267.0,23638.0,3257.0,,656.0,,19020.0,826.0,11231.0,15727144.0,2384048.0,,248.0,,,,148.0,1609.0,143.0,,7870.0,7189.0
2022-03-19 15:59:11,2022-03-19,86400,,daily_unique_reset_each_window,1,snowflakes-2022-03.tar.xz:snowflakes-2022-03/19/2022-03-19-15-59-11-snowflake-stats,29272.0,21767.0,3368.0,,488.0,,18539.0,890.0,9658.0,17613264.0,1513680.0,,0.0,,,,96.0,1538.0,116.0,,7640.0,6600.0
2022-03-20 15:59:11,2022-03-20,86400,,daily_unique_reset_each_window,1,snowflakes-2022-03.tar.xz:snowflakes-2022-03/20/2022-03-20-15-59-11-snowflake-stats,26777.0,20673.0,2956.0,,513.0,,16819.0,854.0,8944.0,19261744.0,1014752.0,,0.0,,,,98.0,1380.0,108.0,,5954.0,6341.0
2022-03-21 15:59:11,2022-03-21,86400,,daily_unique_reset_each_window,1,snowflakes-2022-03.tar.xz:snowflakes-2022-03/21/2022-03-21-15-59-11-snowflake-stats,30071.0,23849.0,3015.0,,577.0,,18478.0,978.0,10416.0,20280992.0,928344.0,,0.0,,,,93.0,1491.0,121.0,,6569.0,7146.0
2022-03-22 15:59:11,2022-03-22,86400,,daily_unique_reset_each_window,1,snowflakes-2022-03.tar.xz:snowflakes-2022-03/22/2022-03-22-15-59-11-snowflake-stats,30742.0,24587.0,3091.0,,430.0,,19246.0,932.0,10375.0,20445464.0,915904.0,,0.0,,,,114.0,1435.0,121.0,,6930.0,7287.0
2022-03-23 15:59:11,2022-03-23,86400,,daily_unique_reset_each_window,1,snowflakes-2022-03.tar.xz:snowflakes-2022-03/23/2022-03-23-15-59-11-snowflake-stats,31132.0,24902.0,3106.0,,423.0,,19163.0,979.0,10821.0,20045760.0,949640.0,,0.0,,,,121.0,1574.0,136.0,,7245.0,7246.0
2022-03-24 15:59:11,2022-03-24,86400,,daily_unique_reset_each_window,1,snowflakes-2022-03.tar.xz:snowflakes-2022-03/24/2022-03-24-15-59-11-snowflake-stats,31185.0,24837.0,3066.0,,493.0,,19139.0,847.0,11032.0,19673400.0,960360.0,,0.0,,,,111.0,1563.0,161.0,,7240.0,7268.0
2022-03-25 15:59:11,2022-03-25,86400,,daily_unique_reset_each_window,1,snowflakes-2022-03.tar.xz:snowflakes-2022-03/25/2022-03-25-15-59-11-snowflake-stats,30844.0,24434.0,3022.0,,486.0,,18801.0,822.0,11087.0,19533696.0,1038648.0,,0.0,,,,106.0,1566.0,130.0,,7292.0,7231.0
2022-03-26 15:59:11,2022-03-26,86400,,daily_unique_reset_each_window,1,snowflakes-2022-03.tar.xz:snowflakes-2022-03/26/2022-03-26-15-59-11-snowflake-stats,28301.0,21968.0,3115.0,,417.0,,17213.0,701.0,10254.0,18602624.0,1104144.0,,0.0,,,,115.0,1441.0,126.0,1.0,6970.0,6530.0
2022-03-27 15:59:11,2022-03-27,86400,,daily_unique_reset_each_window,1,snowflakes-2022-03.tar.xz:snowflakes-2022-03/27/2022-03-27-15-59-11-snowflake-stats,27237.0,21202.0,3188.0,,311.0,,16165.0,714.0,10214.0,18425816.0,1045656.0,,216.0,,,,98.0,1380.0,123.0,,6580.0,6413.0
2022-03-28 15:59:11,2022-03-28,86400,,daily_unique_reset_each_window,1,snowflakes-2022-03.tar.xz:snowflakes-2022-03/28/2022-03-28-15-59-11-snowflake-stats,30298.0,24219.0,3103.0,,339.0,,16904.0,674.0,12580.0,19512064.0,1039312.0,,0.0,,,,122.0,1535.0,126.0,,7328.0,7050.0
2022-03-29 15:59:11,2022-03-29,86400,,daily_unique_reset_each_window,1,snowflakes-2022-03.tar.xz:snowflakes-2022-03/29/2022-03-29-15-59-11-snowflake-stats,31780.0,25684.0,3090.0,,411.0,,17394.0,653.0,13579.0,19599424.0,1020224.0,,0.0,,,,114.0,1531.0,127.0,,7830.0,7600.0
2022-03-30 15:59:11,2022-03-30,86400,,daily_unique_reset_each_window,1,snowflakes-2022-03.tar.xz:snowflakes-2022-03/30/2022-03-30-15-59-11-snowflake-stats,31611.0,25193.0,3022.0,,518.0,,16175.0,648.0,14629.0,19548640.0,1046456.0,,0.0,,,,134.0,1451.0,132.0,,7283.0,7880.0
2022-03-31 15:59:11,2022-03-31,86400,,daily_unique_reset_each_window,1,snowflakes-2022-03.tar.xz:snowflakes-2022-03/31/2022-03-31-15-59-11-snowflake-stats,31834.0,25302.0,3228.0,,559.0,,15672.0,661.0,15352.0,19548632.0,1017096.0,,0.0,,,,117.0,1464.0,148.0,,7784.0,7875.0
2022-04-01 15:59:11,2022-04-01,86400,,daily_unique_reset_each_window,1,snowflakes-2022-04.tar.xz:snowflakes-2022-04/01/2022-04-01-15-59-11-snowflake-stats,31907.0,25336.0,3140.0,,450.0,,13532.0,575.0,17636.0,19259736.0,1094496.0,,0.0,,,,101.0,1535.0,136.0,,8178.0,7804.0
2022-04-02 15:59:11,2022-04-02,86400,,daily_unique_reset_each_window,1,snowflakes-2022-04.tar.xz:snowflakes-2022-04/02/2022-04-02-15-59-11-snowflake-stats,28614.0,22767.0,2936.0,,440.0,,10410.0,407.0,17636.0,18984112.0,1168520.0,,0.0,,,,124.0,1458.0,127.0,,6813.0,7243.0
2022-04-03 15:59:11,2022-04-03,86400,,daily_unique_reset_each_window,1,snowflakes-2022-04.tar.xz:snowflakes-2022-04/03/2022-04-03-15-59-11-snowflake-stats,28159.0,21798.0,3029.0,,369.0,,9495.0,392.0,18112.0,19138760.0,1119056.0,,32.0,,,,118.0,1340.0,118.0,,6780.0,7241.0
2022-04-04 15:59:11,2022-04-04,86400,,daily_unique_reset_each_window,1,snowflakes-2022-04.tar.xz:snowflakes-2022-04/04/2022-04-04-15-59-11-snowflake-stats,30795.0,24750.0,3022.0,,396.0,,8091.0,312.0,22225.0,19807888.0,1069768.0,,160.0,,,,134.0,1425.0,133.0,,6868.0,8104.0
2022-04-05 15:59:11,2022-04-05,86400,,daily_unique_reset_each_window,1,snowflakes-2022-04.tar.xz:snowflakes-2022-04/05/2022-04-05-15-59-11-snowflake-stats,31730.0,25462.0,3226.0,,430.0,,7303.0,293.0,23944.0,19268496.0,1535176.0,,39096.0,,,,135.0,1496.0,120.0,,7090.0,8610.0
2022-04-06 15:59:11,2022-04-06,86400,,daily_unique_reset_each_window,1,snowflakes-2022-04.tar.xz:snowflakes-2022-04/06/2022-04-06-15-59-11-snowflake-stats,32793.0,25831.0,3178.0,,416.0,,10996.0,421.0,21205.0,20648792.0,1196872.0,,2112.0,,,,130.0,1524.0,120.0,,7768.0,8879.0
2022-04-07 15:59:11,2022-04-07,86400,,daily_unique_reset_each_window,1,snowflakes-2022-04.tar.xz:snowflakes-2022-04/07/2022-04-07-15-59-11-snowflake-stats,32275.0,25384.0,3161.0,,429.0,,17550.0,648.0,13917.0,21646624.0,905952.0,,0.0,,,,130.0,1388.0,115.0,,7529.0,8898.0
2022-04-08 15:59:11,2022-04-08,86400,,daily_unique_reset_each_window,1,snowflakes-2022-04.tar.xz:snowflakes-2022-04/08/2022-04-08-15-59-11-snowflake-stats,31722.0,25087.0,3144.0,,366.0,,18589.0,826.0,12125.0,22091608.0,801944.0,,0.0,,,,134.0,1250.0,124.0,,7095.0,8870.0
2022-04-09 15:59:11,2022-04-09,86400,,daily_unique_reset_each_window,1,snowflakes-2022-04.tar.xz:snowflakes-2022-04/09/2022-04-09-15-59-11-snowflake-stats,29970.0,23107.0,3117.0,,309.0,,18369.0,938.0,10509.0,22263848.0,735336.0,,0.0,,,,181.0,1239.0,124.0,,7072.0,8031.0
2022-04-10 15:59:11,2022-04-10,86400,,daily_unique_reset_each_window,1,snowflakes-2022-04.tar.xz:snowflakes-2022-04/10/2022-04-10-15-59-11-snowflake-stats,28805.0,22144.0,3016.0,,285.0,,18166.0,928.0,9561.0,22169376.0,698840.0,,0.0,,,,180.0,1181.0,110.0,2.0,7071.0,7535.0
2022-04-11 15:59:11,2022-04-11,86400,,daily_unique_reset_each_window,1,snowflakes-2022-04.tar.xz:snowflakes-2022-04/11/2022-04-11-15-59-11-snowflake-stats,31131.0,24162.0,3028.0,,336.0,,19123.0,963.0,10875.0,22547688.0,674200.0,,0.0,,,,128.0,1308.0,104.0,4.0,7556.0,8233.0
2022-04-12 15:59:11,2022-04-12,86400,,daily_unique_reset_each_window,1,snowflakes-2022-04.tar.xz:snowflakes-2022-04/12/2022-04-12-15-59-11-snowflake-stats,32232.0,25023.0,3166.0,,312.0,,20308.0,893.0,10873.0,22624424.0,663328.0,,0.0,,,,274.0,1371.0,104.0,,7940.0,8415.0
2022-04-13 15:59:11,2022-04-13,86400,,daily_unique_reset_each_window,1,snowflakes-2022-04.tar.xz:snowflakes-2022-04/13/2022-04-13-15-59-11-snowflake-stats,32078.0,25513.0,2988.0,,346.0,,19790.0,997.0,11123.0,23320408.0,720360.0,,0.0,,,,271.0,1312.0,120.0,1.0,7800.0,8477.0
2022-04-14 15:59:11,2022-04-14,86400,,daily_unique_reset_each_window,1,snowflakes-2022-04.tar.xz:snowflakes-2022-04/14/2022-04-14-15-59-11-snowflake-stats,31002.0,24944.0,2973.0,,308.0,,19098.0,949.0,10803.0,23224480.0,694912.0,,0.0,,,,113.0,1315.0,125.0,,7583.0,8175.0
2022-04-15 15:59:11,2022-04-15,86400,,daily_unique_reset_each_window,1,snowflakes-2022-04.tar.xz:snowflakes-2022-04/15/2022-04-15-15-59-11-snowflake-stats,29272.0,22980.0,3072.0,,313.0,,17653.0,852.0,10596.0,22991544.0,700776.0,,0.0,,,,115.0,1268.0,109.0,,6506.0,7900.0
2022-04-16 15:59:11,2022-04-16,86400,,daily_unique_reset_each_window,1,snowflakes-2022-04.tar.xz:snowflakes-2022-04/16/2022-04-16-15-59-11-snowflake-stats,27969.0,21681.0,3049.0,,292.0,,17365.0,799.0,9643.0,22753672.0,713112.0,,0.0,,,,127.0,1145.0,91.0,,6417.0,7762.0
2022-04-17 15:59:11,2022-04-17,86400,,daily_unique_reset_each_window,1,snowflakes-2022-04.tar.xz:snowflakes-2022-04/17/2022-04-17-15-59-11-snowflake-stats,26522.0,20142.0,3066.0,,248.0,,16349.0,859.0,9177.0,22613968.0,709728.0,,0.0,,,,126.0,1234.0,100.0,,5740.0,7294.0
2022-04-18 15:59:11,2022-04-18,86400,,daily_unique_reset_each_window,1,snowflakes-2022-04.tar.xz:snowflakes-2022-04/18/2022-04-18-15-59-11-snowflake-stats,28013.0,21855.0,3101.0,,267.0,,16531.0,824.0,10519.0,22770128.0,654152.0,,0.0,,,,121.0,1286.0,110.0,,6545.0,7451.0
2022-04-19 15:59:11,2022-04-19,86400,,daily_unique_reset_each_window,1,snowflakes-2022-04.tar.xz:snowflakes-2022-04/19/2022-04-19-15-59-11-snowflake-stats,31292.0,25147.0,3219.0,,269.0,,18120.0,876.0,12151.0,22995184.0,628808.0,,0.0,,,,139.0,1177.0,117.0,,6940.0,8690.0
2022-04-20 15:59:11,2022-04-20,86400,,daily_unique_reset_each_window,1,snowflakes-2022-04.tar.xz:snowflakes-2022-04/20/2022-04-20-15-59-11-snowflake-stats,31562.0,25320.0,3260.0,,288.0,,17668.0,830.0,12907.0,23163848.0,629360.0,,0.0,,,,132.0,1236.0,133.0,,6921.0,8997.0
2022-04-21 15:59:11,2022-04-21,86400,,daily_unique_reset_each_window,1,snowflakes-2022-04.tar.xz:snowflakes-2022-04/21/2022-04-21-15-59-11-snowflake-stats,31329.0,25062.0,3295.0,,259.0,,17140.0,765.0,13270.0,23013640.0,642528.0,,0.0,,,,85.0,1172.0,136.0,,7236.0,8926.0
2022-04-22 15:59:11,2022-04-22,86400,,daily_unique_reset_each_window,1,snowflakes-2022-04.tar.xz:snowflakes-2022-04/22/2022-04-22-15-59-11-snowflake-stats,30682.0,24671.0,3182.0,,260.0,,16065.0,729.0,13739.0,22947536.0,674624.0,,0.0,,,,108.0,1286.0,135.0,,6712.0,8859.0
2022-04-23 15:59:11,2022-04-23,86400,,daily_unique_reset_each_window,1,snowflakes-2022-04.tar.xz:snowflakes-2022-04/23/2022-04-23-15-59-11-snowflake-stats,28917.0,22842.0,3133.0,,280.0,,13747.0,557.0,14447.0,22448872.0,688056.0,,0.0,,,,126.0,1220.0,126.0,,6609.0,8125.0
2022-04-24 15:59:11,2022-04-24,86400,,daily_unique_reset_each_window,1,snowflakes-2022-04.tar.xz:snowflakes-2022-04/24/2022-04-24-15-59-11-snowflake-stats,27923.0,21911.0,3055.0,,250.0,,12427.0,513.0,14839.0,22514624.0,670960.0,,0.0,,,,110.0,1151.0,129.0,1.0,6015.0,8211.0
2022-04-25 15:59:11,2022-04-25,86400,,daily_unique_reset_each_window,1,snowflakes-2022-04.tar.xz:snowflakes-2022-04/25/2022-04-25-15-59-11-snowflake-stats,31069.0,25038.0,3120.0,,253.0,,11544.0,504.0,18876.0,22598368.0,679016.0,,0.0,,,,119.0,1229.0,129.0,2.0,6442.0,9262.0
2022-04-26 15:59:11,2022-04-26,86400,,daily_unique_reset_each_window,1,snowflakes-2022-04.tar.xz:snowflakes-2022-04/26/2022-04-26-15-59-11-snowflake-stats,31219.0,25270.0,3135.0,,265.0,,10452.0,401.0,20250.0,23022944.0,691576.0,,0.0,,,,129.0,1237.0,118.0,,6272.0,9505.0
2022-04-27 15:59:11,2022-04-27,86400,,daily_unique_reset_each_window,1,snowflakes-2022-04.tar.xz:snowflakes-2022-04/27/2022-04-27-15-59-11-snowflake-stats,31492.0,25243.0,3193.0,,246.0,,10459.0,411.0,20479.0,23231752.0,689296.0,,0.0,,,,148.0,1309.0,124.0,,6386.0,9466.0
2022-04-28 15:59:11,2022-04-28,86400,,daily_unique_reset_each_window,1,snowflakes-2022-04.tar.xz:snowflakes-2022-04/28/2022-04-28-15-59-11-snowflake-stats,30835.0,24972.0,3018.0,,259.0,,8983.0,350.0,21366.0,23114376.0,722064.0,,0.0,,,,114.0,1206.0,99.0,,6377.0,9147.0
2022-04-29 15:59:11,2022-04-29,86400,,daily_unique_reset_each_window,1,snowflakes-2022-04.tar.xz:snowflakes-2022-04/29/2022-04-29-15-59-11-snowflake-stats,30512.0,24544.0,3038.0,,214.0,,7914.0,324.0,22149.0,23000736.0,750472.0,,0.0,,,,110.0,1264.0,116.0,,6308.0,8992.0
2022-04-30 15:59:11,2022-04-30,86400,,daily_unique_reset_each_window,1,snowflakes-2022-04.tar.xz:snowflakes-2022-04/30/2022-04-30-15-59-11-snowflake-stats,27838.0,21846.0,2969.0,,198.0,,6713.0,287.0,20721.0,22744016.0,774288.0,,0.0,,,,321.0,1070.0,105.0,,5645.0,8215.0
2022-05-01 15:59:11,2022-05-01,86400,,daily_unique_reset_each_window,1,snowflakes-2022-05.tar.xz:snowflakes-2022-05/01/2022-05-01-15-59-11-snowflake-stats,26694.0,20635.0,2949.0,,182.0,,5933.0,270.0,20358.0,22702344.0,779360.0,,0.0,,,,290.0,1014.0,110.0,,5626.0,7906.0
2022-05-02 15:59:11,2022-05-02,86400,,daily_unique_reset_each_window,1,snowflakes-2022-05.tar.xz:snowflakes-2022-05/02/2022-05-02-15-59-11-snowflake-stats,29967.0,23830.0,3183.0,,179.0,,5549.0,221.0,24064.0,22976152.0,756824.0,,8.0,,,,262.0,1019.0,107.0,,6313.0,8859.0
2022-05-03 15:59:11,2022-05-03,86400,,daily_unique_reset_each_window,1,snowflakes-2022-05.tar.xz:snowflakes-2022-05/03/2022-05-03-15-59-11-snowflake-stats,30836.0,24566.0,3191.0,,235.0,,5174.0,216.0,25317.0,23024776.0,772528.0,,56.0,,,,211.0,1078.0,107.0,,6299.0,9050.0
2022-05-04 15:59:11,2022-05-04,86400,,daily_unique_reset_each_window,1,snowflakes-2022-05.tar.xz:snowflakes-2022-05/04/2022-05-04-15-59-11-snowflake-stats,30885.0,24854.0,3109.0,,234.0,,8472.0,400.0,21888.0,23111600.0,756464.0,,32.0,,,,195.0,1140.0,120.0,,6360.0,9021.0
2022-05-05 15:59:11,2022-05-05,86400,,daily_unique_reset_each_window,1,snowflakes-2022-05.tar.xz:snowflakes-2022-05/05/2022-05-05-15-59-11-snowflake-stats,30460.0,24253.0,3189.0,,206.0,,15738.0,751.0,13863.0,22858152.0,759992.0,,0.0,,,,206.0,1086.0,110.0,1.0,6211.0,8996.0
2022-05-06 15:59:11,2022-05-06,86400,,daily_unique_reset_each_window,1,snowflakes-2022-05.tar.xz:snowflakes-2022-05/06/2022-05-06-15-59-11-snowflake-stats,30376.0,24164.0,3134.0,,273.0,,17377.0,792.0,12056.0,22679688.0,784792.0,,0.0,,,,171.0,1101.0,119.0,,6267.0,8886.0
2022-05-07 15:59:11,2022-05-07,86400,,daily_unique_reset_each_window,1,snowflakes-2022-05.tar.xz:snowflakes-2022-05/07/2022-05-07-15-59-11-snowflake-stats,28431.0,22030.0,3048.0,,271.0,,17101.0,919.0,10257.0,22257296.0,787960.0,,0.0,,,,205.0,1001.0,120.0,,6353.0,7939.0
2022-05-08 15:59:11,2022-05-08,86400,,daily_unique_reset_each_window,1,snowflakes-2022-05.tar.xz:snowflakes-2022-05/08/2022-05-08-15-59-11-snowflake-stats,27120.0,20920.0,2968.0,,247.0,,16617.0,848.0,9517.0,22284368.0,738864.0,,0.0,,,,229.0,979.0,116.0,,5942.0,7569.0
2022-05-09 15:59:11,2022-05-09,86400,,daily_unique_reset_each_window,1,snowflakes-2022-05.tar.xz:snowflakes-2022-05/09/2022-05-09-15-59-11-snowflake-stats,30152.0,23883.0,3022.0,,234.0,,18020.0,894.0,11089.0,22216480.0,784024.0,,0.0,,,,209.0,1009.0,131.0,,6377.0,8687.0
2022-05-10 15:59:11,2022-05-10,86400,,daily_unique_reset_each_window,1,snowflakes-2022-05.tar.xz:snowflakes-2022-05/10/2022-05-10-15-59-11-snowflake-stats,30192.0,24252.0,2909.0,,207.0,,18125.0,834.0,11095.0,22133640.0,783136.0,,0.0,,,,225.0,982.0,149.0,,6191.0,8825.0
2022-05-11 15:59:11,2022-05-11,86400,,daily_unique_reset_each_window,1,snowflakes-2022-05.tar.xz:snowflakes-2022-05/11/2022-05-11-15-59-11-snowflake-stats,31152.0,25009.0,3008.0,,209.0,,18406.0,877.0,11719.0,22230896.0,778216.0,,0.0,,,,217.0,1190.0,141.0,4.0,6432.0,9121.0
2022-05-12 15:59:11,2022-05-12,86400,,daily_unique_reset_each_window,1,snowflakes-2022-05.tar.xz:snowflakes-2022-05/12/2022-05-12-15-59-11-snowflake-stats,30447.0,24416.0,2919.0,,216.0,,17751.0,837.0,11707.0,22157712.0,741552.0,,0.0,,,,169.0,1199.0,145.0,1.0,6337.0,8827.0
2022-05-13 15:59:11,2022-05-13,86400,,daily_unique_reset_each_window,1,snowflakes-2022-05.tar.xz:snowflakes-2022-05/13/2022-05-13-15-59-11-snowflake-stats,30954.0,24794.0,2920.0,,225.0,,17830.0,785.0,12185.0,22054368.0,733816.0,,0.0,,,,295.0,1252.0,154.0,,6094.0,9005.0
2022-05-14 15:59:11,2022-05-14,86400,,daily_unique_reset_each_window,1,snowflakes-2022-05.tar.xz:snowflakes-2022-05/14/2022-05-14-15-59-11-snowflake-stats,27995.0,21882.0,2952.0,,174.0,,15689.0,714.0,11452.0,21854216.0,749440.0,,0.0,,,,318.0,1133.0,119.0,1.0,5695.0,7879.0
2022-05-15 15:59:11,2022-05-15,86400,,daily_unique_reset_each_window,1,snowflakes-2022-05.tar.xz:snowflakes-2022-05/15/2022-05-15-15-59-11-snowflake-stats,26770.0,20628.0,2897.0,,177.0,,14682.0,675.0,11294.0,21760184.0,717720.0,,0.0,,,,281.0,1046.0,146.0,1.0,5676.0,7434.0
2022-05-16 15:59:11,2022-05-16,86400,,daily_unique_reset_each_window,1,snowflakes-2022-05.tar.xz:snowflakes-2022-05/16/2022-05-16-15-59-11-snowflake-stats,29890.0,23857.0,2843.0,,214.0,,15387.0,746.0,13651.0,22020472.0,727768.0,,0.0,,,,248.0,1200.0,127.0,,6035.0,8721.0
2022-05-17 15:59:11,2022-05-17,86400,,daily_unique_reset_each_window,1,snowflakes-2022-05.tar.xz:snowflakes-2022-05/17/2022-05-17-15-59-11-snowflake-stats,31137.0,25115.0,2920.0,,198.0,,15077.0,592.0,15354.0,22169768.0,704168.0,,0.0,,,,293.0,1213.0,125.0,,6101.0,9100.0
2022-05-18 15:59:11,2022-05-18,86400,,daily_unique_reset_each_window,1,snowflakes-2022-05.tar.xz:snowflakes-2022-05/18/2022-05-18-15-59-11-snowflake-stats,30802.0,24556.0,2883.0,,226.0,,14063.0,573.0,16059.0,22017192.0,718688.0,,0.0,,,,302.0,1172.0,125.0,,6163.0,8741.0
2022-05-19 15:59:11,2022-05-19,86400,,daily_unique_reset_each_window,1,snowflakes-2022-05.tar.xz:snowflakes-2022-05/19/2022-05-19-15-59-11-snowflake-stats,30465.0,24450.0,2937.0,,201.0,,12997.0,619.0,16730.0,22418472.0,576488.0,,0.0,,,,264.0,1135.0,131.0,,6029.0,8747.0
2022-05-20 15:59:11,2022-05-20,86400,,daily_unique_reset_each_window,1,snowflakes-2022-05.tar.xz:snowflakes-2022-05/20/2022-05-20-15-59-11-snowflake-stats,30033.0,24025.0,2900.0,,220.0,,12459.0,536.0,16923.0,21887632.0,741480.0,,0.0,,,,250.0,1149.0,149.0,1.0,5942.0,8631.0
2022-05-21 15:59:11,2022-05-21,86400,,daily_unique_reset_each_window,1,snowflakes-2022-05.tar.xz:snowflakes-2022-05/21/2022-05-21-15-59-11-snowflake-stats,27625.0,21755.0,2775.0,,184.0,,12224.0,544.0,14754.0,21504736.0,759136.0,,0.0,,,,242.0,1008.0,136.0,1.0,5570.0,7795.0
2022-05-22 15:59:11,2022-05-22,86400,,daily_unique_reset_each_window,1,snowflakes-2022-05.tar.xz:snowflakes-2022-05/22/2022-05-22-15-59-11-snowflake-stats,26934.0,21047.0,2760.0,,210.0,,10937.0,465.0,15437.0,21319632.0,766824.0,,0.0,,,,228.0,1011.0,129.0,1.0,5459.0,7687.0
2022-05-23 15:59:11,2022-05-23,86400,,daily_unique_reset_each_window,1,snowflakes-2022-05.tar.xz:snowflakes-2022-05/23/2022-05-23-15-59-11-snowflake-stats,29963.0,23872.0,2817.0,,198.0,,10568.0,431.0,18835.0,21562104.0,729360.0,,0.0,,,,225.0,1203.0,125.0,1.0,5959.0,8776.0
2022-05-24 15:59:11,2022-05-24,86400,,daily_unique_reset_each_window,1,snowflakes-2022-05.tar.xz:snowflakes-2022-05/24/2022-05-24-15-59-11-snowflake-stats,30807.0,24518.0,2973.0,,172.0,,9697.0,392.0,20604.0,21694168.0,731640.0,,0.0,,,,227.0,1164.0,163.0,1.0,6047.0,8866.0
2022-05-25 15:59:11,2022-05-25,86400,,daily_unique_reset_each_window,1,snowflakes-2022-05.tar.xz:snowflakes-2022-05/25/2022-05-25-15-59-11-snowflake-stats,30626.0,24276.0,2892.0,,197.0,,8700.0,373.0,21448.0,21604888.0,730680.0,,0.0,,,,201.0,1152.0,168.0,12.0,6385.0,8542.0
2022-05-26 15:59:11,2022-05-26,86400,,daily_unique_reset_each_window,1,snowflakes-2022-05.tar.xz:snowflakes-2022-05/26/2022-05-26-15-59-11-snowflake-stats,29367.0,23082.0,2859.0,,199.0,,7386.0,298.0,21563.0,21475728.0,756608.0,,0.0,,,,197.0,1106.0,140.0,2.0,6087.0,8121.0
2022-05-27 15:59:11,2022-05-27,86400,,daily_unique_reset_each_window,1,snowflakes-2022-05.tar.xz:snowflakes-2022-05/27/2022-05-27-15-59-11-snowflake-stats,29085.0,22921.0,2971.0,,214.0,,6410.0,280.0,22273.0,21322208.0,773576.0,,8.0,,,,177.0,1101.0,142.0,3.0,6299.0,8019.0
2022-05-28 15:59:11,2022-05-28,86400,,daily_unique_reset_each_window,1,snowflakes-2022-05.tar.xz:snowflakes-2022-05/28/2022-05-28-15-59-11-snowflake-stats,27687.0,21408.0,2830.0,,169.0,,5148.0,243.0,22142.0,21197016.0,779952.0,,0.0,,,,248.0,1017.0,130.0,1.0,5970.0,7780.0
2022-05-29 15:59:11,2022-05-29,86400,,daily_unique_reset_each_window,1,snowflakes-2022-05.tar.xz:snowflakes-2022-05/29/2022-05-29-15-59-11-snowflake-stats,26687.0,20780.0,2852.0,,173.0,,4239.0,193.0,22104.0,21156144.0,750392.0,,696.0,,,,208.0,993.0,143.0,1.0,5333.0,7624.0
2022-05-30 15:59:11,2022-05-30,86400,,daily_unique_reset_each_window,1,snowflakes-2022-05.tar.xz:snowflakes-2022-05/30/2022-05-30-15-59-11-snowflake-stats,29244.0,23167.0,2916.0,,210.0,,3817.0,158.0,25090.0,21575872.0,743792.0,,1960.0,,,,205.0,1057.0,124.0,1.0,5558.0,8647.0
2022-05-31 15:59:11,2022-05-31,86400,,daily_unique_reset_each_window,1,snowflakes-2022-05.tar.xz:snowflakes-2022-05/31/2022-05-31-15-59-11-snowflake-stats,30103.0,24111.0,2902.0,,175.0,,3487.0,137.0,26321.0,21827256.0,758056.0,,5352.0,,,,209.0,1069.0,128.0,1.0,5843.0,8779.0
2022-06-01 15:59:11,2022-06-01,86400,,daily_unique_reset_each_window,1,snowflakes-2022-06.tar.xz:snowflakes-2022-06/01/2022-06-01-15-59-11-snowflake-stats,30311.0,24249.0,2900.0,,199.0,,2984.0,114.0,27064.0,21807384.0,791456.0,,21128.0,,,,273.0,1122.0,127.0,1.0,6299.0,8670.0
2022-06-02 15:59:11,2022-06-02,86400,,daily_unique_reset_each_window,1,snowflakes-2022-06.tar.xz:snowflakes-2022-06/02/2022-06-02-15-59-11-snowflake-stats,29782.0,23723.0,2879.0,,209.0,,2711.0,89.0,26817.0,21744232.0,800320.0,,87216.0,,,,209.0,1114.0,137.0,1.0,6040.0,8523.0
2022-06-03 15:59:11,2022-06-03,86400,,daily_unique_reset_each_window,1,snowflakes-2022-06.tar.xz:snowflakes-2022-06/03/2022-06-03-15-59-11-snowflake-stats,29423.0,23279.0,2876.0,,218.0,,2449.0,81.0,26723.0,21574168.0,825872.0,,123088.0,,,,207.0,1138.0,147.0,,5958.0,8426.0
2022-06-04 15:59:11,2022-06-04,86400,,daily_unique_reset_each_window,1,snowflakes-2022-06.tar.xz:snowflakes-2022-06/04/2022-06-04-15-59-11-snowflake-stats,26843.0,20682.0,2888.0,,194.0,,2137.0,68.0,24474.0,21278408.0,812176.0,,134296.0,,,,246.0,1081.0,135.0,,5781.0,7422.0
2022-06-05 15:59:11,2022-06-05,86400,,daily_unique_reset_each_window,1,snowflakes-2022-06.tar.xz:snowflakes-2022-06/05/2022-06-05-15-59-11-snowflake-stats,26204.0,20041.0,2839.0,,196.0,,1980.0,66.0,23997.0,21275904.0,776400.0,,161320.0,,,,258.0,1040.0,128.0,,5524.0,7230.0
2022-06-06 15:59:11,2022-06-06,86400,,daily_unique_reset_each_window,1,snowflakes-2022-06.tar.xz:snowflakes-2022-06/06/2022-06-06-15-59-11-snowflake-stats,27503.0,21648.0,2782.0,,211.0,,1905.0,54.0,25381.0,21480872.0,759608.0,,252280.0,,,,234.0,1121.0,121.0,1.0,5673.0,7433.0
2022-06-07 15:59:11,2022-06-07,86400,,daily_unique_reset_each_window,1,snowflakes-2022-06.tar.xz:snowflakes-2022-06/07/2022-06-07-15-59-11-snowflake-stats,29989.0,23873.0,2924.0,,225.0,,1818.0,49.0,27939.0,21746192.0,788008.0,,321952.0,,,,239.0,1102.0,125.0,1.0,6196.0,8334.0
2022-06-08 15:59:11,2022-06-08,86400,,daily_unique_reset_each_window,1,snowflakes-2022-06.tar.xz:snowflakes-2022-06/08/2022-06-08-15-59-11-snowflake-stats,30221.0,24185.0,2940.0,,224.0,,1595.0,45.0,28378.0,21738984.0,760536.0,,337592.0,,,,240.0,1075.0,136.0,1.0,6040.0,8494.0
2022-06-10 09:09:02,2022-06-09,86400,,daily_unique_reset_each_window,1,snowflakes-2022-06.tar.xz:snowflakes-2022-06/10/2022-06-10-09-09-02-snowflake-stats,28740.0,22861.0,2778.0,,199.0,,11849.0,502.0,16289.0,21503328.0,852616.0,,0.0,,,,211.0,1061.0,130.0,1.0,6118.0,7968.0
2022-06-11 09:09:02,2022-06-10,86400,,daily_unique_reset_each_window,1,snowflakes-2022-06.tar.xz:snowflakes-2022-06/11/2022-06-11-09-09-02-snowflake-stats,27612.0,21526.0,2744.0,,177.0,,14767.0,651.0,12098.0,21365184.0,877064.0,,0.0,,,,243.0,1044.0,135.0,,5906.0,7529.0
2022-06-12 09:09:02,2022-06-11,86400,,daily_unique_reset_each_window,1,snowflakes-2022-06.tar.xz:snowflakes-2022-06/12/2022-06-12-09-09-02-snowflake-stats,25446.0,19353.0,2812.0,,147.0,,14403.0,683.0,10264.0,19904992.0,1412512.0,,26842520.0,,,,214.0,886.0,135.0,,5633.0,6793.0
2022-06-13 09:09:02,2022-06-12,86400,,daily_unique_reset_each_window,1,snowflakes-2022-06.tar.xz:snowflakes-2022-06/13/2022-06-13-09-09-02-snowflake-stats,27576.0,21492.0,2778.0,,131.0,,14884.0,797.0,11788.0,21011880.0,911800.0,,95376.0,,,,250.0,890.0,148.0,,5541.0,7678.0
2022-06-14 09:09:02,2022-06-13,86400,,daily_unique_reset_each_window,1,snowflakes-2022-06.tar.xz:snowflakes-2022-06/14/2022-06-14-09-09-02-snowflake-stats,29486.0,23282.0,2797.0,,160.0,,16943.0,838.0,11571.0,21295160.0,971744.0,,0.0,,,,203.0,1051.0,112.0,,5869.0,8227.0
2022-06-15 09:09:02,2022-06-14,86400,,daily_unique_reset_each_window,1,snowflakes-2022-06.tar.xz:snowflakes-2022-06/15/2022-06-15-09-09-02-snowflake-stats,29103.0,23116.0,2792.0,,167.0,,16434.0,760.0,11782.0,21316232.0,977424.0,,0.0,,,,198.0,1099.0,135.0,,5621.0,8173.0
2022-06-16 09:09:02,2022-06-15,86400,,daily_unique_reset_each_window,1,snowflakes-2022-06.tar.xz:snowflakes-2022-06/16/2022-06-16-09-09-02-snowflake-stats,29112.0,22945.0,2824.0,,181.0,,16912.0,783.0,11293.0,21301776.0,968648.0,,259416.0,,,,225.0,1020.0,139.0,,5999.0,8027.0
2022-06-17 09:09:02,2022-06-16,86400,,daily_unique_reset_each_window,1,snowflakes-2022-06.tar.xz:snowflakes-2022-06/17/2022-06-17-09-09-02-snowflake-stats,28373.0,22365.0,2801.0,,195.0,,16450.0,750.0,11069.0,21411488.0,881144.0,,17512.0,,,,221.0,977.0,119.0,,5795.0,7961.0
2022-06-18 09:09:02,2022-06-17,86400,,daily_unique_reset_each_window,1,snowflakes-2022-06.tar.xz:snowflakes-2022-06/18/2022-06-18-09-09-02-snowflake-stats,27263.0,20985.0,2837.0,,168.0,,15962.0,724.0,10453.0,21624016.0,847040.0,,0.0,,,,243.0,987.0,116.0,,5686.0,7581.0
2022-06-19 09:09:02,2022-06-18,86400,,daily_unique_reset_each_window,1,snowflakes-2022-06.tar.xz:snowflakes-2022-06/19/2022-06-19-09-09-02-snowflake-stats,24899.0,19007.0,2831.0,,159.0,,14640.0,748.0,9413.0,21487552.0,825400.0,,0.0,,,,241.0,918.0,105.0,,5141.0,6959.0
2022-06-20 09:09:02,2022-06-19,86400,,daily_unique_reset_each_window,1,snowflakes-2022-06.tar.xz:snowflakes-2022-06/20/2022-06-20-09-09-02-snowflake-stats,28214.0,21959.0,2835.0,,192.0,,15874.0,710.0,11512.0,21787776.0,859128.0,,65576.0,,,,285.0,1061.0,123.0,1.0,5263.0,8425.0
2022-06-21 09:09:02,2022-06-20,86400,,daily_unique_reset_each_window,1,snowflakes-2022-06.tar.xz:snowflakes-2022-06/21/2022-06-21-09-09-02-snowflake-stats,30037.0,23610.0,2938.0,,202.0,,17532.0,728.0,11646.0,21346384.0,1041952.0,,20856.0,,,,251.0,1103.0,120.0,1.0,5884.0,8676.0
2022-06-22 15:58:42,2022-06-22,86400,,daily_unique_reset_each_window,1,snowflakes-2022-06.tar.xz:snowflakes-2022-06/22/2022-06-22-15-58-42-snowflake-stats,30784.0,23388.0,2875.0,4343.0,178.0,,18505.0,640.0,11496.0,18903056.0,2047600.0,,3096.0,,,,222.0,1159.0,128.0,1.0,5900.0,9498.0
2022-06-23 15:58:42,2022-06-23,86400,,daily_unique_reset_each_window,1,snowflakes-2022-06.tar.xz:snowflakes-2022-06/23/2022-06-23-15-58-42-snowflake-stats,30728.0,23106.0,2841.0,4614.0,167.0,,17928.0,581.0,12087.0,19576728.0,1779208.0,,1808.0,,,,244.0,1257.0,123.0,1.0,5957.0,9395.0
2022-06-24 15:58:42,2022-06-24,86400,,daily_unique_reset_each_window,1,snowflakes-2022-06.tar.xz:snowflakes-2022-06/24/2022-06-24-15-58-42-snowflake-stats,30211.0,22939.0,2792.0,4211.0,269.0,,16527.0,555.0,13001.0,20696760.0,1317488.0,,1192.0,,,,178.0,1268.0,123.0,,5795.0,9398.0
2022-06-25 15:58:42,2022-06-25,86400,,daily_unique_reset_each_window,1,snowflakes-2022-06.tar.xz:snowflakes-2022-06/25/2022-06-25-15-58-42-snowflake-stats,27712.0,20593.0,2848.0,4046.0,225.0,,13549.0,502.0,13550.0,20270536.0,1391088.0,,2256.0,,,,197.0,926.0,105.0,,5648.0,8535.0
2022-06-26 15:58:42,2022-06-26,86400,,daily_unique_reset_each_window,1,snowflakes-2022-06.tar.xz:snowflakes-2022-06/26/2022-06-26-15-58-42-snowflake-stats,26757.0,20104.0,2746.0,3681.0,226.0,,12408.0,505.0,13742.0,21271632.0,982816.0,,0.0,,,,161.0,907.0,105.0,,5360.0,8334.0
2022-06-27 15:58:42,2022-06-27,86400,,daily_unique_reset_each_window,1,snowflakes-2022-06.tar.xz:snowflakes-2022-06/27/2022-06-27-15-58-42-snowflake-stats,30328.0,23321.0,2886.0,3905.0,216.0,,11777.0,449.0,17997.0,20403656.0,1291880.0,,14992.0,,,,183.0,1189.0,112.0,1.0,5849.0,9391.0
2022-06-28 15:58:42,2022-06-28,86400,,daily_unique_reset_each_window,1,snowflakes-2022-06.tar.xz:snowflakes-2022-06/28/2022-06-28-15-58-42-snowflake-stats,32765.0,25845.0,2831.0,3856.0,233.0,,10157.0,373.0,22116.0,19581248.0,1904536.0,,47032.0,,,,152.0,1108.0,128.0,4.0,6257.0,10346.0
2022-06-29 15:58:42,2022-06-29,86400,,daily_unique_reset_each_window,1,snowflakes-2022-06.tar.xz:snowflakes-2022-06/29/2022-06-29-15-58-42-snowflake-stats,32539.0,25381.0,2919.0,4023.0,216.0,,7778.0,255.0,24377.0,19889704.0,1713808.0,,35984.0,,,,181.0,1155.0,121.0,,6187.0,10239.0
2022-06-30 15:58:42,2022-06-30,86400,,daily_unique_reset_each_window,1,snowflakes-2022-06.tar.xz:snowflakes-2022-06/30/2022-06-30-15-58-42-snowflake-stats,32136.0,24646.0,2810.0,4448.0,232.0,,7092.0,238.0,24653.0,20025624.0,1628000.0,,111024.0,,,,187.0,1033.0,122.0,,6653.0,9962.0
2022-07-01 15:58:42,2022-07-01,86400,,daily_unique_reset_each_window,1,snowflakes-2022-07.tar.xz:snowflakes-2022-07/01/2022-07-01-15-58-42-snowflake-stats,32052.0,24494.0,2858.0,4467.0,233.0,,5877.0,203.0,25824.0,19929272.0,1608328.0,,254824.0,,,,221.0,1102.0,126.0,1.0,6773.0,9828.0
2022-07-02 15:58:42,2022-07-02,86400,,daily_unique_reset_each_window,1,snowflakes-2022-07.tar.xz:snowflakes-2022-07/02/2022-07-02-15-58-42-snowflake-stats,28733.0,21788.0,2842.0,3908.0,195.0,,4744.0,172.0,23652.0,19997936.0,1492688.0,,431080.0,,,,204.0,994.0,111.0,,6015.0,8767.0
2022-07-03 15:58:42,2022-07-03,86400,,daily_unique_reset_each_window,1,snowflakes-2022-07.tar.xz:snowflakes-2022-07/03/2022-07-03-15-58-42-snowflake-stats,27061.0,20592.0,2804.0,3477.0,188.0,,6938.0,257.0,19777.0,19672408.0,1667728.0,,143808.0,,,,212.0,914.0,131.0,,5681.0,8226.0
2022-07-04 15:58:42,2022-07-04,86400,,daily_unique_reset_each_window,1,snowflakes-2022-07.tar.xz:snowflakes-2022-07/04/2022-07-04-15-58-42-snowflake-stats,29929.0,23296.0,2873.0,3566.0,194.0,,14398.0,439.0,14985.0,19903952.0,1628008.0,,0.0,,,,162.0,1019.0,134.0,,5763.0,9536.0
2022-07-05 15:58:42,2022-07-05,86400,,daily_unique_reset_each_window,1,snowflakes-2022-07.tar.xz:snowflakes-2022-07/05/2022-07-05-15-58-42-snowflake-stats,30200.0,23659.0,2837.0,3487.0,217.0,,16953.0,568.0,12545.0,19839016.0,1621192.0,,0.0,,,,183.0,1075.0,148.0,1.0,5704.0,9551.0
2022-07-06 15:58:42,2022-07-06,86400,,daily_unique_reset_each_window,1,snowflakes-2022-07.tar.xz:snowflakes-2022-07/06/2022-07-06-15-58-42-snowflake-stats,30586.0,23832.0,2862.0,3668.0,224.0,,17844.0,563.0,12057.0,19816336.0,1662568.0,,0.0,,,,202.0,1087.0,137.0,1.0,6058.0,9438.0
2022-07-07 15:58:42,2022-07-07,86400,,daily_unique_reset_each_window,1,snowflakes-2022-07.tar.xz:snowflakes-2022-07/07/2022-07-07-15-58-42-snowflake-stats,30659.0,23928.0,2842.0,3670.0,219.0,,18284.0,594.0,11657.0,19860296.0,1661216.0,,0.0,,,,184.0,1095.0,136.0,1.0,6053.0,9535.0
2022-07-08 15:58:42,2022-07-08,86400,,daily_unique_reset_each_window,1,snowflakes-2022-07.tar.xz:snowflakes-2022-07/08/2022-07-08-15-58-42-snowflake-stats,29952.0,23206.0,2860.0,3675.0,205.0,,18139.0,601.0,11095.0,19778128.0,1663256.0,,0.0,,,,220.0,1026.0,132.0,1.0,5890.0,9276.0
2022-07-09 15:58:42,2022-07-09,86400,,daily_unique_reset_each_window,1,snowflakes-2022-07.tar.xz:snowflakes-2022-07/09/2022-07-09-15-58-42-snowflake-stats,27272.0,20681.0,2816.0,3586.0,187.0,,16820.0,575.0,9747.0,19671408.0,1664872.0,,16.0,,,,261.0,979.0,127.0,,5643.0,8429.0
2022-07-10 15:58:42,2022-07-10,86400,,daily_unique_reset_each_window,1,snowflakes-2022-07.tar.xz:snowflakes-2022-07/10/2022-07-10-15-58-42-snowflake-stats,26192.0,19867.0,2795.0,3350.0,178.0,,16004.0,584.0,9507.0,19671224.0,1614312.0,,0.0,,,,232.0,893.0,94.0,1.0,5209.0,8137.0
2022-07-11 15:58:42,2022-07-11,86400,,daily_unique_reset_each_window,1,snowflakes-2022-07.tar.xz:snowflakes-2022-07/11/2022-07-11-15-58-42-snowflake-stats,29321.0,22506.0,2884.0,3716.0,211.0,,17726.0,578.0,10901.0,20011512.0,1608744.0,,0.0,,,,204.0,1067.0,113.0,1.0,5710.0,9181.0
2022-07-12 15:58:42,2022-07-12,86400,,daily_unique_reset_each_window,1,snowflakes-2022-07.tar.xz:snowflakes-2022-07/12/2022-07-12-15-58-42-snowflake-stats,29913.0,23051.0,2918.0,3745.0,195.0,,18236.0,569.0,10958.0,20086520.0,1587288.0,,0.0,,,,223.0,1065.0,115.0,1.0,5847.0,9328.0
2022-07-13 15:58:42,2022-07-13,86400,,daily_unique_reset_each_window,1,snowflakes-2022-07.tar.xz:snowflakes-2022-07/13/2022-07-13-15-58-42-snowflake-stats,30454.0,23673.0,2869.0,3721.0,187.0,,18235.0,544.0,11538.0,20038056.0,1524152.0,,0.0,,,,195.0,1083.0,133.0,,6123.0,9453.0
2022-07-14 15:58:42,2022-07-14,86400,,daily_unique_reset_each_window,1,snowflakes-2022-07.tar.xz:snowflakes-2022-07/14/2022-07-14-15-58-42-snowflake-stats,29822.0,23167.0,2779.0,3658.0,218.0,,17476.0,526.0,11713.0,20279968.0,1418864.0,,0.0,,,,206.0,1063.0,125.0,1.0,5931.0,9234.0
2022-07-15 15:58:42,2022-07-15,86400,,daily_unique_reset_each_window,1,snowflakes-2022-07.tar.xz:snowflakes-2022-07/15/2022-07-15-15-58-42-snowflake-stats,29954.0,23028.0,2872.0,3864.0,190.0,,17436.0,540.0,11878.0,20103392.0,1432128.0,,0.0,,,,204.0,1024.0,144.0,,6204.0,9215.0
2022-07-16 15:58:42,2022-07-16,86400,,daily_unique_reset_each_window,1,snowflakes-2022-07.tar.xz:snowflakes-2022-07/16/2022-07-16-15-58-42-snowflake-stats,27559.0,21041.0,2802.0,3553.0,163.0,,15713.0,488.0,11245.0,19916856.0,1437304.0,,0.0,,,,223.0,904.0,116.0,1.0,5928.0,8434.0
2022-07-17 15:58:42,2022-07-17,86400,,daily_unique_reset_each_window,1,snowflakes-2022-07.tar.xz:snowflakes-2022-07/17/2022-07-17-15-58-42-snowflake-stats,26013.0,19795.0,2745.0,3323.0,150.0,,15262.0,468.0,10194.0,19129152.0,1757640.0,,72.0,,,,195.0,856.0,113.0,,5736.0,7775.0
2022-07-18 15:58:42,2022-07-18,86400,,daily_unique_reset_each_window,1,snowflakes-2022-07.tar.xz:snowflakes-2022-07/18/2022-07-18-15-58-42-snowflake-stats,29227.0,22659.0,2796.0,3500.0,272.0,,17679.0,557.0,10877.0,19223856.0,1741400.0,,8.0,,,,219.0,1003.0,122.0,,6078.0,9096.0
2022-07-19 15:58:42,2022-07-19,86400,,daily_unique_reset_each_window,1,snowflakes-2022-07.tar.xz:snowflakes-2022-07/19/2022-07-19-15-58-42-snowflake-stats,30165.0,23197.0,2798.0,3951.0,219.0,,18870.0,763.0,10435.0,19279224.0,1734624.0,,8.0,,,,214.0,1017.0,122.0,,6521.0,9074.0
2022-07-20 15:58:42,2022-07-20,86400,,daily_unique_reset_each_window,1,snowflakes-2022-07.tar.xz:snowflakes-2022-07/20/2022-07-20-15-58-42-snowflake-stats,30080.0,23002.0,2824.0,4042.0,210.0,,18963.0,625.0,10379.0,19337384.0,1701728.0,,0.0,,,,194.0,995.0,137.0,,6683.0,9217.0
2022-07-21 15:58:42,2022-07-21,86400,,daily_unique_reset_each_window,1,snowflakes-2022-07.tar.xz:snowflakes-2022-07/21/2022-07-21-15-58-42-snowflake-stats,29499.0,22994.0,2828.0,3511.0,166.0,,18159.0,625.0,10611.0,19362680.0,1752360.0,,24.0,,,,204.0,1051.0,137.0,1.0,5900.0,9061.0
2022-07-23 11:06:52,2022-07-22,86400,,daily_unique_reset_each_window,1,snowflakes-2022-07.tar.xz:snowflakes-2022-07/23/2022-07-23-11-06-52-snowflake-stats,27676.0,21312.0,2831.0,3378.0,155.0,,17097.0,635.0,9849.0,18878928.0,1825408.0,,0.0,,,,162.0,999.0,116.0,,5680.0,8293.0
2022-07-24 11:06:52,2022-07-23,86400,,daily_unique_reset_each_window,1,snowflakes-2022-07.tar.xz:snowflakes-2022-07/24/2022-07-24-11-06-52-snowflake-stats,24908.0,19028.0,2750.0,2998.0,132.0,,15361.0,553.0,8904.0,19166784.0,1700912.0,,16.0,,,,161.0,852.0,127.0,,5012.0,7619.0
2022-07-25 11:06:52,2022-07-24,86400,,daily_unique_reset_each_window,1,snowflakes-2022-07.tar.xz:snowflakes-2022-07/25/2022-07-25-11-06-52-snowflake-stats,27768.0,21654.0,2818.0,3110.0,186.0,,16972.0,529.0,10154.0,19391968.0,1687456.0,,0.0,,,,216.0,983.0,126.0,,5466.0,8326.0
2022-07-26 11:06:52,2022-07-25,86400,,daily_unique_reset_each_window,1,snowflakes-2022-07.tar.xz:snowflakes-2022-07/26/2022-07-26-11-06-52-snowflake-stats,31636.0,25222.0,2803.0,3384.0,227.0,,18637.0,631.0,12241.0,20018960.0,1630320.0,,0.0,,,,200.0,1111.0,146.0,,6524.0,9401.0
2022-07-27 11:06:52,2022-07-26,86400,,daily_unique_reset_each_window,1,snowflakes-2022-07.tar.xz:snowflakes-2022-07/27/2022-07-27-11-06-52-snowflake-stats,31110.0,24525.0,2811.0,3541.0,233.0,,19413.0,584.0,10965.0,19609472.0,1684776.0,,0.0,,,,201.0,1102.0,122.0,,6424.0,9282.0
2022-07-28 11:06:52,2022-07-27,86400,,daily_unique_reset_each_window,1,snowflakes-2022-07.tar.xz:snowflakes-2022-07/28/2022-07-28-11-06-52-snowflake-stats,30011.0,23604.0,2736.0,3485.0,186.0,,18567.0,590.0,10736.0,19724552.0,1619360.0,,0.0,,,,153.0,1056.0,145.0,,6285.0,9015.0
2022-07-29 11:06:52,2022-07-28,86400,,daily_unique_reset_each_window,1,snowflakes-2022-07.tar.xz:snowflakes-2022-07/29/2022-07-29-11-06-52-snowflake-stats,29446.0,23078.0,2774.0,3374.0,220.0,,18131.0,629.0,10535.0,20537136.0,1289304.0,,0.0,,,,157.0,1065.0,114.0,,6016.0,8864.0
2022-07-30 11:06:52,2022-07-29,86400,,daily_unique_reset_each_window,1,snowflakes-2022-07.tar.xz:snowflakes-2022-07/30/2022-07-30-11-06-52-snowflake-stats,28235.0,21627.0,2759.0,3573.0,275.0,,17387.0,617.0,10080.0,19590088.0,1599392.0,,112.0,,,,189.0,947.0,132.0,,5961.0,8484.0
2022-07-31 11:06:52,2022-07-30,86400,,daily_unique_reset_each_window,1,snowflakes-2022-07.tar.xz:snowflakes-2022-07/31/2022-07-31-11-06-52-snowflake-stats,26539.0,19902.0,2744.0,3513.0,380.0,,16224.0,617.0,9551.0,19480480.0,1523616.0,,0.0,,,,177.0,940.0,129.0,3.0,5796.0,7786.0
2022-08-01 11:06:52,2022-07-31,86400,,daily_unique_reset_each_window,1,snowflakes-2022-08.tar.xz:snowflakes-2022-08/01/2022-08-01-11-06-52-snowflake-stats,29134.0,22520.0,2805.0,3554.0,255.0,,17671.0,543.0,10795.0,19670464.0,1563456.0,,0.0,,,,201.0,1059.0,157.0,,6160.0,8764.0
2022-08-02 11:06:52,2022-08-01,86400,,daily_unique_reset_each_window,1,snowflakes-2022-08.tar.xz:snowflakes-2022-08/02/2022-08-02-11-06-52-snowflake-stats,30409.0,23530.0,2862.0,3787.0,230.0,,18416.0,519.0,11347.0,20614992.0,1203368.0,,0.0,,,,245.0,1078.0,147.0,,6782.0,8952.0
2022-08-03 11:06:52,2022-08-02,86400,,daily_unique_reset_each_window,1,snowflakes-2022-08.tar.xz:snowflakes-2022-08/03/2022-08-03-11-06-52-snowflake-stats,29779.0,23034.0,2829.0,3663.0,253.0,,18295.0,619.0,10711.0,21310312.0,988104.0,,0.0,,,,287.0,1112.0,119.0,,6457.0,8648.0
2022-08-04 11:06:52,2022-08-03,86400,,daily_unique_reset_each_window,1,snowflakes-2022-08.tar.xz:snowflakes-2022-08/04/2022-08-04-11-06-52-snowflake-stats,29058.0,22517.0,2840.0,3446.0,255.0,,17630.0,644.0,10625.0,21221224.0,1038144.0,,0.0,,,,276.0,1047.0,123.0,,6085.0,8503.0
2022-08-05 11:06:52,2022-08-04,86400,,daily_unique_reset_each_window,1,snowflakes-2022-08.tar.xz:snowflakes-2022-08/05/2022-08-05-11-06-52-snowflake-stats,28872.0,22442.0,2843.0,3401.0,186.0,,17701.0,617.0,10432.0,20583632.0,1311976.0,,40.0,,,,225.0,1110.0,140.0,,5840.0,8657.0
2022-08-06 11:06:52,2022-08-05,86400,,daily_unique_reset_each_window,1,snowflakes-2022-08.tar.xz:snowflakes-2022-08/06/2022-08-06-11-06-52-snowflake-stats,27830.0,21238.0,2739.0,3639.0,214.0,,17067.0,566.0,10048.0,19280672.0,1717296.0,,88.0,,,,261.0,1027.0,130.0,,5864.0,8268.0
2022-08-07 11:06:52,2022-08-06,86400,,daily_unique_reset_each_window,1,snowflakes-2022-08.tar.xz:snowflakes-2022-08/07/2022-08-07-11-06-52-snowflake-stats,26022.0,19624.0,2692.0,3547.0,159.0,,16288.0,483.0,9145.0,19054216.0,1734832.0,,24.0,,,,216.0,919.0,114.0,,5698.0,7677.0
2022-08-08 11:06:52,2022-08-07,86400,,daily_unique_reset_each_window,1,snowflakes-2022-08.tar.xz:snowflakes-2022-08/08/2022-08-08-11-06-52-snowflake-stats,28058.0,21757.0,2745.0,3317.0,239.0,,17167.0,532.0,10198.0,19368608.0,1677312.0,,520.0,,,,208.0,1068.0,146.0,1.0,5844.0,8413.0
2022-08-09 11:06:52,2022-08-08,86400,,daily_unique_reset_each_window,1,snowflakes-2022-08.tar.xz:snowflakes-2022-08/09/2022-08-09-11-06-52-snowflake-stats,29528.0,23015.0,2702.0,3574.0,237.0,,18557.0,527.0,10308.0,18905880.0,1891080.0,,1720.0,,,,247.0,1066.0,129.0,,6499.0,8618.0
2022-08-10 11:06:52,2022-08-09,86400,,daily_unique_reset_each_window,1,snowflakes-2022-08.tar.xz:snowflakes-2022-08/10/2022-08-10-11-06-52-snowflake-stats,29320.0,22883.0,2767.0,3448.0,222.0,,17832.0,560.0,10802.0,18728704.0,1888320.0,,416.0,,,,217.0,1058.0,144.0,,6055.0,8690.0
2022-08-11 11:06:52,2022-08-10,86400,,daily_unique_reset_each_window,1,snowflakes-2022-08.tar.xz:snowflakes-2022-08/11/2022-08-11-11-06-52-snowflake-stats,28886.0,22671.0,2717.0,3312.0,186.0,,17414.0,584.0,10757.0,18744768.0,1892424.0,,152.0,,,,198.0,1079.0,136.0,,5928.0,8488.0
2022-08-12 11:06:52,2022-08-11,86400,,daily_unique_reset_each_window,1,snowflakes-2022-08.tar.xz:snowflakes-2022-08/12/2022-08-12-11-06-52-snowflake-stats,28770.0,22452.0,2707.0,3425.0,185.0,,17556.0,510.0,10588.0,18628032.0,1910792.0,,552.0,,,,218.0,999.0,141.0,,6042.0,8505.0
2022-08-13 11:06:52,2022-08-12,86400,,daily_unique_reset_each_window,1,snowflakes-2022-08.tar.xz:snowflakes-2022-08/13/2022-08-13-11-06-52-snowflake-stats,27353.0,21020.0,2718.0,3428.0,187.0,,16712.0,453.0,10071.0,18388928.0,1942776.0,,704.0,,,,188.0,1009.0,118.0,1.0,5842.0,8082.0
2022-08-14 11:06:52,2022-08-13,86400,,daily_unique_reset_each_window,1,snowflakes-2022-08.tar.xz:snowflakes-2022-08/14/2022-08-14-11-06-52-snowflake-stats,25398.0,19346.0,2643.0,3270.0,139.0,,15646.0,490.0,9142.0,18546760.0,1879536.0,,944.0,,,,217.0,976.0,95.0,,5540.0,7352.0
2022-08-15 11:06:52,2022-08-14,86400,,daily_unique_reset_each_window,1,snowflakes-2022-08.tar.xz:snowflakes-2022-08/15/2022-08-15-11-06-52-snowflake-stats,27065.0,21063.0,2721.0,3102.0,178.0,,16427.0,472.0,10032.0,18691816.0,1865352.0,,1176.0,,,,192.0,1058.0,131.0,,5673.0,8077.0
2022-08-16 11:06:52,2022-08-15,86400,,daily_unique_reset_each_window,1,snowflakes-2022-08.tar.xz:snowflakes-2022-08/16/2022-08-16-11-06-52-snowflake-stats,28387.0,22515.0,2652.0,3057.0,163.0,,17228.0,514.0,10528.0,18529840.0,1931856.0,,4592.0,,,,192.0,1149.0,137.0,,5688.0,8488.0
2022-08-17 11:06:52,2022-08-16,86400,,daily_unique_reset_each_window,1,snowflakes-2022-08.tar.xz:snowflakes-2022-08/17/2022-08-17-11-06-52-snowflake-stats,28777.0,22602.0,2706.0,3281.0,188.0,,17545.0,502.0,10594.0,18667624.0,1843240.0,,3576.0,,,,189.0,1170.0,128.0,,5927.0,8435.0
2022-08-18 11:06:52,2022-08-17,86400,,daily_unique_reset_each_window,1,snowflakes-2022-08.tar.xz:snowflakes-2022-08/18/2022-08-18-11-06-52-snowflake-stats,28931.0,22639.0,2783.0,3318.0,191.0,,17800.0,515.0,10453.0,18799648.0,1820984.0,,1128.0,,,,199.0,1111.0,123.0,2.0,5960.0,8401.0
2022-08-19 11:06:52,2022-08-18,86400,,daily_unique_reset_each_window,1,snowflakes-2022-08.tar.xz:snowflakes-2022-08/19/2022-08-19-11-06-52-snowflake-stats,28688.0,22369.0,2752.0,3355.0,212.0,,17635.0,522.0,10417.0,18939720.0,1799440.0,,744.0,,,,209.0,1175.0,126.0,2.0,5842.0,8476.0
2022-08-20 11:06:52,2022-08-19,86400,,daily_unique_reset_each_window,1,snowflakes-2022-08.tar.xz:snowflakes-2022-08/20/2022-08-20-11-06-52-snowflake-stats,27688.0,21434.0,2697.0,3344.0,213.0,,16987.0,549.0,10047.0,18897736.0,1795432.0,,768.0,,,,225.0,1032.0,119.0,2.0,5733.0,8192.0
2022-08-21 11:06:52,2022-08-20,86400,,daily_unique_reset_each_window,1,snowflakes-2022-08.tar.xz:snowflakes-2022-08/21/2022-08-21-11-06-52-snowflake-stats,26083.0,20110.0,2682.0,3087.0,204.0,,16261.0,478.0,9222.0,18731056.0,1793992.0,,720.0,,,,199.0,995.0,116.0,2.0,5333.0,7800.0
2022-08-22 11:06:52,2022-08-21,86400,,daily_unique_reset_each_window,1,snowflakes-2022-08.tar.xz:snowflakes-2022-08/22/2022-08-22-11-06-52-snowflake-stats,27757.0,21460.0,2778.0,3328.0,191.0,,16816.0,553.0,10262.0,18686136.0,1746936.0,,168.0,,,,204.0,1095.0,117.0,3.0,5635.0,8240.0
2022-08-23 11:06:52,2022-08-22,86400,,daily_unique_reset_each_window,1,snowflakes-2022-08.tar.xz:snowflakes-2022-08/23/2022-08-23-11-06-52-snowflake-stats,29213.0,22896.0,2729.0,3412.0,176.0,,17935.0,557.0,10602.0,18929432.0,1719528.0,,72.0,,,,202.0,1144.0,126.0,,5846.0,8527.0
2022-08-24 11:06:52,2022-08-23,86400,,daily_unique_reset_each_window,1,snowflakes-2022-08.tar.xz:snowflakes-2022-08/24/2022-08-24-11-06-52-snowflake-stats,29297.0,22983.0,2787.0,3318.0,209.0,,17857.0,599.0,10723.0,18824880.0,1742744.0,,304.0,,,,220.0,1050.0,145.0,,5908.0,8560.0
2022-08-25 11:06:52,2022-08-24,86400,,daily_unique_reset_each_window,1,snowflakes-2022-08.tar.xz:snowflakes-2022-08/25/2022-08-25-11-06-52-snowflake-stats,29049.0,22932.0,2756.0,3178.0,183.0,,17633.0,542.0,10766.0,19055184.0,1740144.0,,280.0,,,,202.0,1073.0,131.0,,5661.0,8590.0
2022-08-26 11:06:52,2022-08-25,86400,,daily_unique_reset_each_window,1,snowflakes-2022-08.tar.xz:snowflakes-2022-08/26/2022-08-26-11-06-52-snowflake-stats,28871.0,22581.0,2773.0,3311.0,206.0,,17472.0,542.0,10728.0,19058768.0,1717384.0,,120.0,,,,192.0,1109.0,149.0,,5759.0,8627.0
2022-08-27 11:06:52,2022-08-26,86400,,daily_unique_reset_each_window,1,snowflakes-2022-08.tar.xz:snowflakes-2022-08/27/2022-08-27-11-06-52-snowflake-stats,28106.0,21969.0,2661.0,3278.0,198.0,,17361.0,513.0,10129.0,18478696.0,1834448.0,,408.0,,,,190.0,1046.0,158.0,,5762.0,8513.0
2022-08-28 11:06:52,2022-08-27,86400,,daily_unique_reset_each_window,1,snowflakes-2022-08.tar.xz:snowflakes-2022-08/28/2022-08-28-11-06-52-snowflake-stats,25718.0,19793.0,2664.0,3064.0,197.0,,15967.0,501.0,9130.0,18557064.0,1768512.0,,384.0,,,,220.0,922.0,139.0,,5184.0,7583.0
2022-08-29 11:06:52,2022-08-28,86400,,daily_unique_reset_each_window,1,snowflakes-2022-08.tar.xz:snowflakes-2022-08/29/2022-08-29-11-06-52-snowflake-stats,28228.0,21943.0,2727.0,3330.0,228.0,,17268.0,479.0,10361.0,18507976.0,1806024.0,,1928.0,,,,163.0,1075.0,164.0,,5853.0,8473.0
2022-08-30 11:06:52,2022-08-29,86400,,daily_unique_reset_each_window,1,snowflakes-2022-08.tar.xz:snowflakes-2022-08/30/2022-08-30-11-06-52-snowflake-stats,30042.0,23642.0,2847.0,3365.0,188.0,,18495.0,575.0,10826.0,18606480.0,1839632.0,,1368.0,,,,224.0,1097.0,159.0,,6350.0,8778.0
2022-08-31 11:06:52,2022-08-30,86400,,daily_unique_reset_each_window,1,snowflakes-2022-08.tar.xz:snowflakes-2022-08/31/2022-08-31-11-06-52-snowflake-stats,29922.0,23704.0,2757.0,3276.0,185.0,,18362.0,573.0,10840.0,18706416.0,1891280.0,,1192.0,,,,213.0,1142.0,137.0,,6226.0,8826.0
2022-09-01 11:06:52,2022-08-31,86400,,daily_unique_reset_each_window,1,snowflakes-2022-09.tar.xz:snowflakes-2022-09/01/2022-09-01-11-06-52-snowflake-stats,30079.0,23967.0,2754.0,3174.0,184.0,,18360.0,626.0,10923.0,19083280.0,1809480.0,,728.0,,,,181.0,1168.0,145.0,,6110.0,8903.0
2022-09-02 11:06:52,2022-09-01,86400,,daily_unique_reset_each_window,1,snowflakes-2022-09.tar.xz:snowflakes-2022-09/02/2022-09-02-11-06-52-snowflake-stats,29551.0,23434.0,2712.0,3232.0,173.0,,17894.0,589.0,10929.0,19006048.0,1873072.0,,1776.0,,,,181.0,1117.0,146.0,,6053.0,8719.0
2022-09-03 11:06:52,2022-09-02,86400,,daily_unique_reset_each_window,1,snowflakes-2022-09.tar.xz:snowflakes-2022-09/03/2022-09-03-11-06-52-snowflake-stats,28284.0,22204.0,2715.0,3209.0,156.0,,17166.0,539.0,10448.0,18658688.0,1905544.0,,1560.0,,,,144.0,1033.0,122.0,,5822.0,8520.0
2022-09-04 11:06:52,2022-09-03,86400,,daily_unique_reset_each_window,1,snowflakes-2022-09.tar.xz:snowflakes-2022-09/04/2022-09-04-11-06-52-snowflake-stats,26431.0,20533.0,2773.0,2959.0,166.0,,16370.0,539.0,9394.0,18630408.0,1890480.0,,1800.0,,,,179.0,1018.0,115.0,,5443.0,7847.0
2022-09-05 11:06:52,2022-09-04,86400,,daily_unique_reset_each_window,1,snowflakes-2022-09.tar.xz:snowflakes-2022-09/05/2022-09-05-11-06-52-snowflake-stats,28803.0,22456.0,2725.0,3450.0,172.0,,17218.0,554.0,10918.0,18998608.0,1815192.0,,1592.0,,,,206.0,1177.0,133.0,,5669.0,8547.0
2022-09-06 11:06:52,2022-09-05,86400,,daily_unique_reset_each_window,1,snowflakes-2022-09.tar.xz:snowflakes-2022-09/06/2022-09-06-11-06-52-snowflake-stats,29698.0,23547.0,2706.0,3240.0,205.0,,18232.0,522.0,10829.0,19167400.0,1773264.0,,880.0,,,,207.0,1142.0,122.0,,5656.0,8889.0
2022-09-07 11:06:52,2022-09-06,86400,,daily_unique_reset_each_window,1,snowflakes-2022-09.tar.xz:snowflakes-2022-09/07/2022-09-07-11-06-52-snowflake-stats,30441.0,24106.0,2754.0,3397.0,184.0,,18436.0,634.0,11251.0,18798680.0,1869000.0,,1704.0,,,,217.0,1142.0,130.0,,6053.0,8985.0
2022-09-08 11:06:52,2022-09-07,86400,,daily_unique_reset_each_window,1,snowflakes-2022-09.tar.xz:snowflakes-2022-09/08/2022-09-08-11-06-52-snowflake-stats,30411.0,24180.0,2765.0,3273.0,193.0,,18652.0,611.0,11032.0,18739480.0,1878416.0,,2344.0,,,,214.0,1182.0,134.0,,6238.0,8924.0
2022-09-09 11:06:52,2022-09-08,86400,,daily_unique_reset_each_window,1,snowflakes-2022-09.tar.xz:snowflakes-2022-09/09/2022-09-09-11-06-52-snowflake-stats,30062.0,23914.0,2736.0,3256.0,155.0,,18392.0,580.0,10947.0,18799744.0,1914592.0,,2544.0,,,,153.0,1146.0,145.0,,6088.0,8900.0
2022-09-10 11:06:52,2022-09-09,86400,,daily_unique_reset_each_window,1,snowflakes-2022-09.tar.xz:snowflakes-2022-09/10/2022-09-10-11-06-52-snowflake-stats,28920.0,22696.0,2689.0,3363.0,172.0,,17667.0,536.0,10606.0,18600856.0,1945616.0,,3384.0,,,,167.0,1087.0,154.0,,5911.0,8742.0
2022-09-11 11:06:52,2022-09-10,86400,,daily_unique_reset_each_window,1,snowflakes-2022-09.tar.xz:snowflakes-2022-09/11/2022-09-11-11-06-52-snowflake-stats,27006.0,20682.0,2644.0,3514.0,165.0,,16856.0,551.0,9492.0,18652616.0,1878488.0,,3480.0,,,,174.0,1057.0,123.0,,6002.0,7986.0
2022-09-12 11:06:52,2022-09-11,86400,,daily_unique_reset_each_window,1,snowflakes-2022-09.tar.xz:snowflakes-2022-09/12/2022-09-12-11-06-52-snowflake-stats,29501.0,22950.0,2627.0,3682.0,242.0,,17579.0,551.0,11236.0,18873816.0,1865232.0,,2344.0,,,,235.0,1128.0,136.0,,6051.0,8719.0
2022-09-13 11:06:52,2022-09-12,86400,,daily_unique_reset_each_window,1,snowflakes-2022-09.tar.xz:snowflakes-2022-09/13/2022-09-13-11-06-52-snowflake-stats,30792.0,24393.0,2663.0,3545.0,191.0,,18790.0,573.0,11298.0,19596384.0,1819328.0,,3528.0,,,,199.0,1194.0,143.0,,6341.0,9032.0
2022-09-14 11:06:52,2022-09-13,86400,,daily_unique_reset_each_window,1,snowflakes-2022-09.tar.xz:snowflakes-2022-09/14/2022-09-14-11-06-52-snowflake-stats,31116.0,24874.0,2690.0,3343.0,209.0,,19121.0,561.0,11301.0,19043328.0,1819104.0,,1624.0,,,,217.0,1123.0,170.0,,6476.0,9145.0
2022-09-15 11:06:52,2022-09-14,86400,,daily_unique_reset_each_window,1,snowflakes-2022-09.tar.xz:snowflakes-2022-09/15/2022-09-15-11-06-52-snowflake-stats,30973.0,24605.0,2736.0,3468.0,164.0,,18644.0,556.0,11624.0,21765856.0,1713336.0,,1832.0,,,,215.0,1113.0,155.0,,6385.0,9056.0
2022-09-16 11:06:52,2022-09-15,86400,,daily_unique_reset_each_window,1,snowflakes-2022-09.tar.xz:snowflakes-2022-09/16/2022-09-16-11-06-52-snowflake-stats,30566.0,24205.0,2691.0,3495.0,175.0,,18323.0,579.0,11537.0,21010400.0,1881120.0,,344.0,,,,202.0,1026.0,158.0,,6566.0,8786.0
2022-09-17 11:06:52,2022-09-16,86400,,daily_unique_reset_each_window,1,snowflakes-2022-09.tar.xz:snowflakes-2022-09/17/2022-09-17-11-06-52-snowflake-stats,28572.0,22584.0,2651.0,3171.0,166.0,,17340.0,647.0,10448.0,17594856.0,2331328.0,,3440.0,,,,148.0,1014.0,125.0,,5885.0,8621.0
2022-09-18 11:06:52,2022-09-17,86400,,daily_unique_reset_each_window,1,snowflakes-2022-09.tar.xz:snowflakes-2022-09/18/2022-09-18-11-06-52-snowflake-stats,27113.0,21181.0,2634.0,3174.0,124.0,,16520.0,712.0,9766.0,17742928.0,2162120.0,,2056.0,,,,179.0,951.0,118.0,,5636.0,8008.0
2022-09-19 11:06:52,2022-09-18,86400,,daily_unique_reset_each_window,1,snowflakes-2022-09.tar.xz:snowflakes-2022-09/19/2022-09-19-11-06-52-snowflake-stats,29233.0,22994.0,2658.0,3390.0,191.0,,17598.0,611.0,10883.0,18122688.0,2034560.0,,2272.0,,,,210.0,1067.0,132.0,,5723.0,8671.0
2022-09-20 11:06:52,2022-09-19,86400,,daily_unique_reset_each_window,1,snowflakes-2022-09.tar.xz:snowflakes-2022-09/20/2022-09-20-11-06-52-snowflake-stats,30660.0,24253.0,2671.0,3571.0,165.0,,18578.0,549.0,11361.0,18352552.0,1989168.0,,2272.0,,,,232.0,1046.0,128.0,,6123.0,8934.0
2022-09-21 11:06:52,2022-09-20,86400,,daily_unique_reset_each_window,1,snowflakes-2022-09.tar.xz:snowflakes-2022-09/21/2022-09-21-11-06-52-snowflake-stats,30739.0,24085.0,2725.0,3769.0,160.0,,18559.0,591.0,11432.0,18408592.0,1989424.0,,1248.0,,,,188.0,1073.0,98.0,,6211.0,9091.0
2022-09-22 11:06:52,2022-09-21,86400,,daily_unique_reset_each_window,1,snowflakes-2022-09.tar.xz:snowflakes-2022-09/22/2022-09-22-11-06-52-snowflake-stats,35220.0,26565.0,2755.0,5128.0,772.0,,20327.0,888.0,13706.0,17066520.0,3403992.0,,2563648.0,,,,1984.0,1063.0,102.0,,6915.0,9679.0
2022-09-23 11:06:52,2022-09-22,86400,,daily_unique_reset_each_window,1,snowflakes-2022-09.tar.xz:snowflakes-2022-09/23/2022-09-23-11-06-52-snowflake-stats,57321.0,40598.0,3077.0,8954.0,4692.0,,27530.0,1588.0,27048.0,14037320.0,5856240.0,,15824928.0,,,,5317.0,999.0,113.0,,10443.0,16903.0
2022-09-24 11:06:52,2022-09-23,86400,,daily_unique_reset_each_window,1,snowflakes-2022-09.tar.xz:snowflakes-2022-09/24/2022-09-24-11-06-52-snowflake-stats,76697.0,54337.0,3508.0,10686.0,8166.0,,38699.0,2529.0,33701.0,16772624.0,5791664.0,,17185976.0,,,,7014.0,1018.0,128.0,,13682.0,25198.0
2022-09-25 11:06:52,2022-09-24,86400,,daily_unique_reset_each_window,1,snowflakes-2022-09.tar.xz:snowflakes-2022-09/25/2022-09-25-11-06-52-snowflake-stats,78728.0,56056.0,3585.0,11999.0,7088.0,,42508.0,3156.0,31396.0,18545504.0,5909544.0,,15534664.0,,,,7701.0,1010.0,105.0,,13893.0,25316.0
2022-09-26 11:06:52,2022-09-25,86400,,daily_unique_reset_each_window,1,snowflakes-2022-09.tar.xz:snowflakes-2022-09/26/2022-09-26-11-06-52-snowflake-stats,88753.0,66377.0,3972.0,11733.0,6671.0,,49565.0,3756.0,33644.0,21181080.0,5677664.0,,12020608.0,,,,6976.0,1087.0,119.0,,15172.0,29531.0
2022-09-27 14:32:36,2022-09-27,86400,,daily_unique_reset_each_window,1,snowflakes-2022-09.tar.xz:snowflakes-2022-09/27/2022-09-27-14-32-36-snowflake-stats,95837.0,73695.0,4245.0,11500.0,6397.0,,55506.0,3426.0,35176.0,23139712.0,6139984.0,,5136368.0,,,,7060.0,1164.0,105.0,,17427.0,32477.0
2022-09-29 08:03:40,2022-09-28,86400,,daily_unique_reset_each_window,1,snowflakes-2022-09.tar.xz:snowflakes-2022-09/29/2022-09-29-08-03-40-snowflake-stats,101289.0,78011.0,4369.0,12494.0,6415.0,,53690.0,3037.0,42872.0,25862064.0,6474696.0,,2871224.0,,,,8441.0,1076.0,105.0,,18842.0,34352.0
2022-09-30 08:03:40,2022-09-29,86400,,daily_unique_reset_each_window,1,snowflakes-2022-09.tar.xz:snowflakes-2022-09/30/2022-09-30-08-03-40-snowflake-stats,100762.0,78937.0,4278.0,11736.0,5811.0,,49377.0,2672.0,47365.0,26953400.0,6838360.0,,3918616.0,,,,7747.0,1109.0,104.0,4.0,18047.0,34888.0
2022-10-01 09:36:18,2022-09-30,86400,,daily_unique_reset_each_window,1,snowflakes-2022-10.tar.xz:snowflakes-2022-10/01/2022-10-01-09-36-18-snowflake-stats,95746.0,75391.0,4384.0,11085.0,4886.0,,54886.0,2531.0,37033.0,27037520.0,6962912.0,,3159600.0,,,,7247.0,1018.0,106.0,,17243.0,33592.0
2022-10-02 09:36:18,2022-10-01,86400,,daily_unique_reset_each_window,1,snowflakes-2022-10.tar.xz:snowflakes-2022-10/02/2022-10-02-09-36-18-snowflake-stats,89055.0,68697.0,4608.0,11668.0,4082.0,,52893.0,2564.0,32451.0,26667000.0,8490744.0,,4381056.0,,,,8257.0,923.0,86.0,,15284.0,32227.0
2022-10-03 09:36:18,2022-10-02,86400,,daily_unique_reset_each_window,1,snowflakes-2022-10.tar.xz:snowflakes-2022-10/03/2022-10-03-09-36-18-snowflake-stats,96638.0,76049.0,4784.0,11671.0,4134.0,,57495.0,2859.0,35046.0,26046432.0,9532016.0,,5876720.0,,,,8087.0,1126.0,103.0,,16544.0,34116.0
2022-10-04 12:50:34,2022-10-04,86400,,daily_unique_reset_each_window,1,snowflakes-2022-10.tar.xz:snowflakes-2022-10/04/2022-10-04-12-50-34-snowflake-stats,106100.0,86194.0,2647.0,10509.0,6750.0,,61079.0,3571.0,40199.0,8576584.0,9143648.0,,12986576.0,,,,7246.0,979.0,98.0,,17740.0,40921.0
2022-10-05 12:50:34,2022-10-05,86400,,daily_unique_reset_each_window,1,snowflakes-2022-10.tar.xz:snowflakes-2022-10/05/2022-10-05-12-50-34-snowflake-stats,108253.0,89552.0,2710.0,9705.0,6286.0,,61246.0,3392.0,42342.0,8673752.0,8313416.0,,7384960.0,,,,6539.0,1001.0,108.0,,17834.0,43062.0
2022-10-06 12:50:34,2022-10-06,86400,,daily_unique_reset_each_window,1,snowflakes-2022-10.tar.xz:snowflakes-2022-10/06/2022-10-06-12-50-34-snowflake-stats,111384.0,93783.0,2876.0,9391.0,5334.0,,61333.0,3314.0,45563.0,10835528.0,7245584.0,,254416.0,,,,5846.0,1066.0,105.0,,19050.0,44317.0
2022-10-07 18:56:13,2022-10-07,86400,,daily_unique_reset_each_window,1,snowflakes-2022-10.tar.xz:snowflakes-2022-10/07/2022-10-07-18-56-13-snowflake-stats,110056.0,93187.0,2992.0,9077.0,4800.0,,64480.0,2649.0,41718.0,13735696.0,6129992.0,,60256.0,,,,5285.0,1081.0,112.0,,19190.0,44193.0
2022-10-08 18:56:13,2022-10-08,86400,,daily_unique_reset_each_window,1,snowflakes-2022-10.tar.xz:snowflakes-2022-10/08/2022-10-08-18-56-13-snowflake-stats,93580.0,78939.0,2912.0,7657.0,4072.0,,55964.0,2279.0,34378.0,14791568.0,5048416.0,,15144.0,,,,4655.0,924.0,113.0,,16487.0,37763.0
2022-10-09 18:56:13,2022-10-09,86400,,daily_unique_reset_each_window,1,snowflakes-2022-10.tar.xz:snowflakes-2022-10/09/2022-10-09-18-56-13-snowflake-stats,93184.0,77804.0,2968.0,8140.0,4272.0,,55483.0,2023.0,34691.0,14073024.0,5770992.0,,15464.0,,,,4739.0,888.0,103.0,,15324.0,39005.0
2022-10-10 18:56:13,2022-10-10,86400,,daily_unique_reset_each_window,1,snowflakes-2022-10.tar.xz:snowflakes-2022-10/10/2022-10-10-18-56-13-snowflake-stats,106801.0,90815.0,3042.0,8735.0,4209.0,,62354.0,2404.0,40979.0,14436528.0,5876200.0,,112.0,,,,5432.0,981.0,113.0,,17243.0,44648.0
2022-10-11 18:56:13,2022-10-11,86400,,daily_unique_reset_each_window,1,snowflakes-2022-10.tar.xz:snowflakes-2022-10/11/2022-10-11-18-56-13-snowflake-stats,107338.0,91819.0,3133.0,8282.0,4104.0,,63012.0,2383.0,40884.0,14296784.0,6045040.0,,544.0,,,,5546.0,1009.0,98.0,,17746.0,44193.0
2022-10-12 18:56:13,2022-10-12,86400,,daily_unique_reset_each_window,1,snowflakes-2022-10.tar.xz:snowflakes-2022-10/12/2022-10-12-18-56-13-snowflake-stats,107659.0,92989.0,3098.0,7636.0,3936.0,,62764.0,2106.0,41785.0,18208208.0,4196176.0,,245936.0,,,,3483.0,979.0,106.0,,19197.0,44577.0
2022-10-13 18:56:13,2022-10-13,86400,,daily_unique_reset_each_window,1,snowflakes-2022-10.tar.xz:snowflakes-2022-10/13/2022-10-13-18-56-13-snowflake-stats,108897.0,92911.0,3113.0,9114.0,3759.0,,64411.0,1976.0,41508.0,15050344.0,5850904.0,,3064.0,,,,4965.0,938.0,118.0,,19269.0,43941.0
2022-10-14 18:56:13,2022-10-14,86400,,daily_unique_reset_each_window,1,snowflakes-2022-10.tar.xz:snowflakes-2022-10/14/2022-10-14-18-56-13-snowflake-stats,102471.0,87971.0,3181.0,8037.0,3282.0,,59958.0,1980.0,39644.0,15422064.0,5543416.0,,384.0,,,,4157.0,942.0,121.0,,17611.0,42145.0
2022-10-15 18:56:13,2022-10-15,86400,,daily_unique_reset_each_window,1,snowflakes-2022-10.tar.xz:snowflakes-2022-10/15/2022-10-15-18-56-13-snowflake-stats,89170.0,76549.0,3185.0,6494.0,2942.0,,52830.0,1715.0,33833.0,17797944.0,4257808.0,,4512.0,,,,3393.0,891.0,96.0,,15058.0,37131.0
2022-10-16 18:56:13,2022-10-16,86400,,daily_unique_reset_each_window,1,snowflakes-2022-10.tar.xz:snowflakes-2022-10/16/2022-10-16-18-56-13-snowflake-stats,90985.0,76739.0,3303.0,7779.0,3164.0,,54181.0,1817.0,34112.0,16027008.0,5331208.0,,272.0,,,,4817.0,818.0,105.0,,14631.0,38195.0
2022-10-18 12:08:33,2022-10-18,86400,,daily_unique_reset_each_window,1,snowflakes-2022-10.tar.xz:snowflakes-2022-10/18/2022-10-18-12-08-33-snowflake-stats,109046.0,91893.0,5513.0,8383.0,3257.0,,64274.0,2025.0,41787.0,32559464.0,5440192.0,,0.0,,,,5170.0,1012.0,123.0,,17959.0,44574.0
2022-10-19 12:08:33,2022-10-19,86400,,daily_unique_reset_each_window,1,snowflakes-2022-10.tar.xz:snowflakes-2022-10/19/2022-10-19-12-08-33-snowflake-stats,111646.0,94254.0,5395.0,8572.0,3425.0,,65909.0,2132.0,42528.0,33975448.0,5045072.0,,1928.0,,,,5077.0,1012.0,115.0,,18371.0,46646.0
2022-10-20 12:08:33,2022-10-20,86400,,daily_unique_reset_each_window,1,snowflakes-2022-10.tar.xz:snowflakes-2022-10/20/2022-10-20-12-08-33-snowflake-stats,111908.0,94915.0,5315.0,8497.0,3181.0,,67176.0,2108.0,41607.0,35286760.0,5111984.0,,0.0,,,,4918.0,1081.0,134.0,,18553.0,46502.0
2022-10-21 12:08:33,2022-10-21,86400,,daily_unique_reset_each_window,1,snowflakes-2022-10.tar.xz:snowflakes-2022-10/21/2022-10-21-12-08-33-snowflake-stats,110783.0,93298.0,5452.0,9010.0,3023.0,,66659.0,2008.0,41086.0,35332240.0,4703024.0,,0.0,,,,4203.0,1081.0,128.0,,19137.0,46670.0
2022-10-22 12:08:33,2022-10-22,86400,,daily_unique_reset_each_window,1,snowflakes-2022-10.tar.xz:snowflakes-2022-10/22/2022-10-22-12-08-33-snowflake-stats,102480.0,85195.0,5553.0,9035.0,2697.0,,62092.0,2058.0,37454.0,34878312.0,4595408.0,,0.0,,,,4539.0,1045.0,146.0,,17760.0,43132.0
2022-10-23 12:08:33,2022-10-23,86400,,daily_unique_reset_each_window,1,snowflakes-2022-10.tar.xz:snowflakes-2022-10/23/2022-10-23-12-08-33-snowflake-stats,92908.0,76114.0,6047.0,8277.0,2470.0,,55964.0,2106.0,34033.0,35044696.0,4667680.0,,0.0,,,,4814.0,962.0,129.0,,15177.0,38913.0
2022-10-24 12:08:33,2022-10-24,86400,,daily_unique_reset_each_window,1,snowflakes-2022-10.tar.xz:snowflakes-2022-10/24/2022-10-24-12-08-33-snowflake-stats,105410.0,88718.0,5737.0,8205.0,2750.0,,61586.0,2359.0,40573.0,38219304.0,4410304.0,,0.0,,,,4671.0,1097.0,146.0,,16380.0,45571.0
2022-10-25 12:08:33,2022-10-25,86400,,daily_unique_reset_each_window,1,snowflakes-2022-10.tar.xz:snowflakes-2022-10/25/2022-10-25-12-08-33-snowflake-stats,113237.0,96495.0,5672.0,8366.0,2704.0,,68261.0,2194.0,41832.0,38400104.0,4136088.0,,0.0,,,,4490.0,1115.0,140.0,,18641.0,48024.0
2022-10-26 16:27:56,2022-10-26,86400,,daily_unique_reset_each_window,1,snowflakes-2022-10.tar.xz:snowflakes-2022-10/26/2022-10-26-16-27-56-snowflake-stats,109604.0,95898.0,3555.0,7519.0,2632.0,,65280.0,2315.0,41104.0,23316472.0,4191976.0,,22096.0,,,,4195.0,995.0,123.0,1.0,17988.0,47385.0
2022-10-27 16:27:56,2022-10-27,86400,,daily_unique_reset_each_window,1,snowflakes-2022-10.tar.xz:snowflakes-2022-10/27/2022-10-27-16-27-56-snowflake-stats,110103.0,95844.0,3613.0,7744.0,2902.0,,65564.0,2358.0,41208.0,24399944.0,4144288.0,,0.0,,,,3745.0,1026.0,107.0,1.0,18779.0,47531.0
2022-10-28 16:27:56,2022-10-28,86400,,daily_unique_reset_each_window,1,snowflakes-2022-10.tar.xz:snowflakes-2022-10/28/2022-10-28-16-27-56-snowflake-stats,107322.0,93869.0,3565.0,6953.0,2935.0,,63541.0,2234.0,40629.0,23839184.0,4043176.0,,0.0,,,,3377.0,1076.0,124.0,1.0,17820.0,47342.0
2022-10-29 16:27:56,2022-10-29,86400,,daily_unique_reset_each_window,1,snowflakes-2022-10.tar.xz:snowflakes-2022-10/29/2022-10-29-16-27-56-snowflake-stats,94821.0,81315.0,3851.0,7115.0,2540.0,,57593.0,1866.0,34664.0,23604984.0,4009112.0,,0.0,,,,3894.0,1022.0,129.0,,16144.0,41163.0
2022-10-30 16:27:56,2022-10-30,86400,,daily_unique_reset_each_window,1,snowflakes-2022-10.tar.xz:snowflakes-2022-10/30/2022-10-30-16-27-56-snowflake-stats,89539.0,76944.0,3670.0,6579.0,2346.0,,53934.0,1879.0,33016.0,24420976.0,3916608.0,,0.0,,,,4148.0,967.0,110.0,,14331.0,39256.0
2022-10-31 16:27:56,2022-10-31,86400,,daily_unique_reset_each_window,1,snowflakes-2022-10.tar.xz:snowflakes-2022-10/31/2022-10-31-16-27-56-snowflake-stats,104247.0,91365.0,3397.0,6891.0,2593.0,,61585.0,2184.0,39705.0,26073160.0,3539816.0,,0.0,,,,4227.0,1125.0,90.0,,16752.0,45106.0
2022-11-01 16:27:56,2022-11-01,86400,,daily_unique_reset_each_window,1,snowflakes-2022-11.tar.xz:snowflakes-2022-11/01/2022-11-01-16-27-56-snowflake-stats,106867.0,94070.0,3405.0,6782.0,2610.0,,63643.0,2525.0,39910.0,26682248.0,3339520.0,,0.0,,,,4365.0,1054.0,100.0,,17526.0,46597.0
2022-11-02 16:27:56,2022-11-02,86400,,daily_unique_reset_each_window,1,snowflakes-2022-11.tar.xz:snowflakes-2022-11/02/2022-11-02-16-27-56-snowflake-stats,111833.0,98557.0,3459.0,7221.0,2596.0,,66127.0,2765.0,42137.0,27035816.0,3382512.0,,0.0,,,,5008.0,1022.0,91.0,,18277.0,48457.0
2022-11-03 16:27:56,2022-11-03,86400,,daily_unique_reset_each_window,1,snowflakes-2022-11.tar.xz:snowflakes-2022-11/03/2022-11-03-16-27-56-snowflake-stats,112942.0,98587.0,3471.0,8290.0,2594.0,,67193.0,2632.0,42342.0,27550144.0,3898480.0,,0.0,,,,5898.0,994.0,118.0,,18064.0,48952.0
2022-11-04 16:27:56,2022-11-04,86400,,daily_unique_reset_each_window,1,snowflakes-2022-11.tar.xz:snowflakes-2022-11/04/2022-11-04-16-27-56-snowflake-stats,110482.0,96073.0,3464.0,8324.0,2621.0,,65311.0,2817.0,41575.0,26216968.0,4393880.0,,0.0,,,,5379.0,899.0,129.0,,17808.0,48355.0
2022-11-05 16:27:56,2022-11-05,86400,,daily_unique_reset_each_window,1,snowflakes-2022-11.tar.xz:snowflakes-2022-11/05/2022-11-05-16-27-56-snowflake-stats,101099.0,86707.0,3467.0,8633.0,2292.0,,61474.0,2667.0,36198.0,25464096.0,4479088.0,,0.0,,,,6109.0,890.0,124.0,,16800.0,42770.0
2022-11-06 16:27:56,2022-11-06,86400,,daily_unique_reset_each_window,1,snowflakes-2022-11.tar.xz:snowflakes-2022-11/06/2022-11-06-16-27-56-snowflake-stats,95899.0,82223.0,3441.0,8145.0,2090.0,,57889.0,2649.0,34674.0,25524864.0,4520968.0,,0.0,,,,6185.0,870.0,123.0,,14844.0,41567.0
2022-11-07 16:27:56,2022-11-07,86400,,daily_unique_reset_each_window,1,snowflakes-2022-11.tar.xz:snowflakes-2022-11/07/2022-11-07-16-27-56-snowflake-stats,111080.0,97066.0,3490.0,8263.0,2261.0,,65828.0,2882.0,41584.0,26473600.0,4359920.0,,0.0,,,,5857.0,1015.0,138.0,,16974.0,48475.0
2022-11-08 16:27:56,2022-11-08,86400,,daily_unique_reset_each_window,1,snowflakes-2022-11.tar.xz:snowflakes-2022-11/08/2022-11-08-16-27-56-snowflake-stats,115178.0,100759.0,3532.0,8541.0,2346.0,,68872.0,2881.0,42582.0,26658792.0,4456384.0,,0.0,,,,5890.0,1035.0,154.0,,18347.0,49481.0
2022-11-09 16:27:56,2022-11-09,86400,,daily_unique_reset_each_window,1,snowflakes-2022-11.tar.xz:snowflakes-2022-11/09/2022-11-09-16-27-56-snowflake-stats,115927.0,101097.0,3572.0,8947.0,2311.0,,68105.0,2689.0,44299.0,26088704.0,4540576.0,,24.0,,,,5805.0,1059.0,155.0,,18678.0,50065.0
2022-11-10 16:27:56,2022-11-10,86400,,daily_unique_reset_each_window,1,snowflakes-2022-11.tar.xz:snowflakes-2022-11/10/2022-11-10-16-27-56-snowflake-stats,115442.0,100928.0,3628.0,8671.0,2215.0,,67234.0,2757.0,44640.0,25789136.0,4526528.0,,376.0,,,,5287.0,1065.0,153.0,,18716.0,50436.0
2022-11-11 16:27:56,2022-11-11,86400,,daily_unique_reset_each_window,1,snowflakes-2022-11.tar.xz:snowflakes-2022-11/11/2022-11-11-16-27-56-snowflake-stats,111219.0,97174.0,3464.0,8369.0,2212.0,,65187.0,2761.0,42486.0,26367168.0,4722424.0,,0.0,,,,4955.0,1051.0,150.0,,17791.0,48877.0
2022-11-12 16:27:56,2022-11-12,86400,,daily_unique_reset_each_window,1,snowflakes-2022-11.tar.xz:snowflakes-2022-11/12/2022-11-12-16-27-56-snowflake-stats,103602.0,90421.0,3407.0,7978.0,1796.0,,60078.0,2747.0,40051.0,36835936.0,5178384.0,,0.0,,,,5563.0,1002.0,142.0,,16957.0,44736.0
2022-11-13 16:27:56,2022-11-13,86400,,daily_unique_reset_each_window,1,snowflakes-2022-11.tar.xz:snowflakes-2022-11/13/2022-11-13-16-27-56-snowflake-stats,103010.0,90311.0,3464.0,7522.0,1713.0,,61296.0,3356.0,37579.0,45356392.0,4906888.0,,0.0,,,,5149.0,988.0,166.0,,16494.0,44781.0
2022-11-14 16:27:56,2022-11-14,86400,,daily_unique_reset_each_window,1,snowflakes-2022-11.tar.xz:snowflakes-2022-11/14/2022-11-14-16-27-56-snowflake-stats,118198.0,105324.0,3491.0,7506.0,1877.0,,71014.0,3540.0,42875.0,48545352.0,4735952.0,,0.0,,,,4985.0,1044.0,160.0,,18475.0,51886.0
2022-11-15 16:27:56,2022-11-15,86400,,daily_unique_reset_each_window,1,snowflakes-2022-11.tar.xz:snowflakes-2022-11/15/2022-11-15-16-27-56-snowflake-stats,120427.0,107034.0,3471.0,7867.0,2055.0,,73832.0,3522.0,42278.0,49182872.0,5120632.0,,40.0,,,,4909.0,1057.0,153.0,,20093.0,52474.0
2022-11-16 16:27:56,2022-11-16,86400,,daily_unique_reset_each_window,1,snowflakes-2022-11.tar.xz:snowflakes-2022-11/16/2022-11-16-16-27-56-snowflake-stats,123379.0,107120.0,3502.0,7817.0,4940.0,,73619.0,3270.0,45426.0,46875904.0,5814600.0,,8144.0,,,,4842.0,1001.0,179.0,,19768.0,56018.0
2022-11-17 16:27:56,2022-11-17,86400,,daily_unique_reset_each_window,1,snowflakes-2022-11.tar.xz:snowflakes-2022-11/17/2022-11-17-16-27-56-snowflake-stats,128408.0,108778.0,3576.0,8542.0,7512.0,,75989.0,3532.0,47757.0,46307808.0,6320224.0,,52024.0,,,,5109.0,1046.0,166.0,,19568.0,60604.0
2022-11-18 16:27:56,2022-11-18,86400,,daily_unique_reset_each_window,1,snowflakes-2022-11.tar.xz:snowflakes-2022-11/18/2022-11-18-16-27-56-snowflake-stats,125978.0,108041.0,3633.0,7866.0,6438.0,,74787.0,3328.0,46885.0,47871704.0,5877856.0,,9080.0,,,,4345.0,1000.0,153.0,,19053.0,60756.0
2022-11-19 16:27:56,2022-11-19,86400,,daily_unique_reset_each_window,1,snowflakes-2022-11.tar.xz:snowflakes-2022-11/19/2022-11-19-16-27-56-snowflake-stats,114539.0,96723.0,3755.0,8009.0,6052.0,,69582.0,3244.0,40729.0,47411192.0,5969416.0,,4624.0,,,,5078.0,897.0,164.0,,17536.0,55012.0
2022-11-20 16:27:56,2022-11-20,86400,,daily_unique_reset_each_window,1,snowflakes-2022-11.tar.xz:snowflakes-2022-11/20/2022-11-20-16-27-56-snowflake-stats,110231.0,92602.0,3756.0,8059.0,5814.0,,66221.0,3162.0,39828.0,29992144.0,5372008.0,,144.0,,,,5205.0,933.0,166.0,,15656.0,54345.0
2022-11-21 16:27:56,2022-11-21,86400,,daily_unique_reset_each_window,1,snowflakes-2022-11.tar.xz:snowflakes-2022-11/21/2022-11-21-16-27-56-snowflake-stats,127466.0,109404.0,3908.0,7923.0,6231.0,,75989.0,3451.0,46898.0,26960992.0,5034648.0,,0.0,,,,4861.0,1039.0,142.0,,17222.0,63797.0
2022-11-22 16:27:56,2022-11-22,86400,,daily_unique_reset_each_window,1,snowflakes-2022-11.tar.xz:snowflakes-2022-11/22/2022-11-22-16-27-56-snowflake-stats,130970.0,112820.0,3967.0,8304.0,5879.0,,78160.0,3574.0,48267.0,27578312.0,5047448.0,,22808.0,,,,4479.0,1075.0,141.0,1.0,18826.0,65477.0
2022-11-23 16:27:56,2022-11-23,86400,,daily_unique_reset_each_window,1,snowflakes-2022-11.tar.xz:snowflakes-2022-11/23/2022-11-23-16-27-56-snowflake-stats,129388.0,111608.0,3960.0,8166.0,5654.0,,76772.0,3564.0,48036.0,25903088.0,5743144.0,,32.0,,,,4697.0,1017.0,114.0,1.0,18097.0,64777.0
2022-11-24 16:27:56,2022-11-24,86400,,daily_unique_reset_each_window,1,snowflakes-2022-11.tar.xz:snowflakes-2022-11/24/2022-11-24-16-27-56-snowflake-stats,124762.0,108227.0,3864.0,7571.0,5100.0,,73685.0,3315.0,46830.0,24489232.0,5958344.0,,0.0,,,,4236.0,998.0,114.0,1.0,16285.0,63396.0
2022-11-25 16:27:56,2022-11-25,86400,,daily_unique_reset_each_window,1,snowflakes-2022-11.tar.xz:snowflakes-2022-11/25/2022-11-25-16-27-56-snowflake-stats,120473.0,103633.0,3930.0,8098.0,4812.0,,70361.0,3359.0,45939.0,24137632.0,6260816.0,,744.0,,,,4063.0,986.0,144.0,1.0,14401.0,62373.0
2022-11-26 16:27:56,2022-11-26,86400,,daily_unique_reset_each_window,1,snowflakes-2022-11.tar.xz:snowflakes-2022-11/26/2022-11-26-16-27-56-snowflake-stats,110664.0,94028.0,3948.0,8364.0,4324.0,,66270.0,3295.0,40298.0,33489288.0,6958584.0,,128.0,,,,4758.0,949.0,137.0,,15141.0,55331.0
2022-11-27 16:27:56,2022-11-27,86400,,daily_unique_reset_each_window,1,snowflakes-2022-11.tar.xz:snowflakes-2022-11/27/2022-11-27-16-27-56-snowflake-stats,107459.0,91545.0,3913.0,7847.0,4154.0,,64889.0,3015.0,38804.0,48043464.0,6906720.0,,16.0,,,,4835.0,894.0,129.0,,14855.0,53714.0
2022-11-28 16:27:56,2022-11-28,86400,,daily_unique_reset_each_window,1,snowflakes-2022-11.tar.xz:snowflakes-2022-11/28/2022-11-28-16-27-56-snowflake-stats,126168.0,109650.0,4017.0,7833.0,4668.0,,75012.0,3356.0,46890.0,50480088.0,6576432.0,,712.0,,,,4835.0,959.0,177.0,,17212.0,63620.0
2022-11-29 16:27:56,2022-11-29,86400,,daily_unique_reset_each_window,1,snowflakes-2022-11.tar.xz:snowflakes-2022-11/29/2022-11-29-16-27-56-snowflake-stats,132847.0,115663.0,4061.0,8513.0,4610.0,,79499.0,3759.0,48585.0,51003296.0,6637568.0,,1904.0,,,,4937.0,1040.0,160.0,,18997.0,66250.0
2022-11-30 16:27:56,2022-11-30,86400,,daily_unique_reset_each_window,1,snowflakes-2022-11.tar.xz:snowflakes-2022-11/30/2022-11-30-16-27-56-snowflake-stats,132194.0,114989.0,4075.0,8743.0,4387.0,,79145.0,3552.0,48577.0,51178400.0,6467000.0,,312.0,,,,5221.0,1041.0,148.0,,19023.0,65769.0
2022-12-01 16:27:56,2022-12-01,86400,,daily_unique_reset_each_window,1,snowflakes-2022-12.tar.xz:snowflakes-2022-12/01/2022-12-01-16-27-56-snowflake-stats,131285.0,114232.0,4057.0,8715.0,4281.0,,78102.0,3762.0,48538.0,51451856.0,6202224.0,,312.0,,,,4764.0,1070.0,175.0,,18890.0,65932.0
2022-12-02 16:27:56,2022-12-02,86400,,daily_unique_reset_each_window,1,snowflakes-2022-12.tar.xz:snowflakes-2022-12/02/2022-12-02-16-27-56-snowflake-stats,129389.0,112395.0,4131.0,9008.0,3855.0,,77245.0,3659.0,47723.0,51039144.0,6025120.0,,56.0,,,,5069.0,1006.0,186.0,,18439.0,64888.0
2022-12-03 16:27:56,2022-12-03,86400,,daily_unique_reset_each_window,1,snowflakes-2022-12.tar.xz:snowflakes-2022-12/03/2022-12-03-16-27-56-snowflake-stats,115947.0,100336.0,4089.0,8132.0,3390.0,,70705.0,3470.0,41050.0,51736960.0,5888704.0,,32.0,,,,4787.0,972.0,172.0,,17191.0,57314.0
2022-12-04 16:27:56,2022-12-04,86400,,daily_unique_reset_each_window,1,snowflakes-2022-12.tar.xz:snowflakes-2022-12/04/2022-12-04-16-27-56-snowflake-stats,111199.0,96141.0,4063.0,7526.0,3469.0,,66823.0,3383.0,40258.0,51687800.0,5778240.0,,0.0,,,,4660.0,948.0,141.0,,15524.0,56100.0
2022-12-05 16:27:56,2022-12-05,86400,,daily_unique_reset_each_window,1,snowflakes-2022-12.tar.xz:snowflakes-2022-12/05/2022-12-05-16-27-56-snowflake-stats,129753.0,113048.0,4139.0,8001.0,4565.0,,76834.0,3810.0,48222.0,53306320.0,5705552.0,,0.0,,,,4562.0,1051.0,172.0,,17327.0,67022.0
2022-12-06 16:27:56,2022-12-06,86400,,daily_unique_reset_each_window,1,snowflakes-2022-12.tar.xz:snowflakes-2022-12/06/2022-12-06-16-27-56-snowflake-stats,134217.0,117275.0,4196.0,8446.0,4300.0,,80223.0,3725.0,49375.0,53420632.0,5845640.0,,68944.0,,,,4409.0,1018.0,195.0,,19246.0,68829.0
2022-12-07 16:27:56,2022-12-07,86400,,daily_unique_reset_each_window,1,snowflakes-2022-12.tar.xz:snowflakes-2022-12/07/2022-12-07-16-27-56-snowflake-stats,132429.0,115896.0,4153.0,8428.0,3952.0,,79815.0,3344.0,48416.0,53166320.0,5949728.0,,23544.0,,,,4493.0,1028.0,164.0,,18791.0,67982.0
2022-12-08 16:27:56,2022-12-08,86400,,daily_unique_reset_each_window,1,snowflakes-2022-12.tar.xz:snowflakes-2022-12/08/2022-12-08-16-27-56-snowflake-stats,129707.0,113885.0,4220.0,7831.0,3771.0,,77908.0,2665.0,48307.0,49785384.0,7120960.0,,375808.0,,,,4254.0,1046.0,152.0,1.0,18477.0,66871.0
2022-12-09 16:27:56,2022-12-09,86400,,daily_unique_reset_each_window,1,snowflakes-2022-12.tar.xz:snowflakes-2022-12/09/2022-12-09-16-27-56-snowflake-stats,129090.0,112679.0,4209.0,8456.0,3746.0,,77094.0,2804.0,48356.0,48773184.0,7261632.0,,973720.0,,,,4165.0,1039.0,174.0,1.0,18164.0,66536.0
2022-12-10 16:27:56,2022-12-10,86400,,daily_unique_reset_each_window,1,snowflakes-2022-12.tar.xz:snowflakes-2022-12/10/2022-12-10-16-27-56-snowflake-stats,118712.0,102047.0,4335.0,8928.0,3402.0,,73025.0,2587.0,42273.0,46771224.0,7501288.0,,1434256.0,,,,4870.0,966.0,164.0,,17715.0,59786.0
2022-12-11 16:27:56,2022-12-11,86400,,daily_unique_reset_each_window,1,snowflakes-2022-12.tar.xz:snowflakes-2022-12/11/2022-12-11-16-27-56-snowflake-stats,113873.0,97942.0,4417.0,8327.0,3187.0,,70080.0,2372.0,40657.0,46556200.0,7205880.0,,1303480.0,,,,4750.0,962.0,163.0,,16037.0,58496.0
2022-12-12 16:27:56,2022-12-12,86400,,daily_unique_reset_each_window,1,snowflakes-2022-12.tar.xz:snowflakes-2022-12/12/2022-12-12-16-27-56-snowflake-stats,129851.0,113678.0,4376.0,8217.0,3580.0,,78639.0,2448.0,47922.0,47604888.0,7224200.0,,1219480.0,,,,4736.0,1089.0,159.0,,17328.0,67550.0
2022-12-13 16:27:56,2022-12-13,86400,,daily_unique_reset_each_window,1,snowflakes-2022-12.tar.xz:snowflakes-2022-12/13/2022-12-13-16-27-56-snowflake-stats,133812.0,116588.0,4436.0,9146.0,3642.0,,81735.0,2504.0,48764.0,47225088.0,7728856.0,,1618224.0,,,,4592.0,1060.0,167.0,,18700.0,68998.0
2022-12-14 16:27:56,2022-12-14,86400,,daily_unique_reset_each_window,1,snowflakes-2022-12.tar.xz:snowflakes-2022-12/14/2022-12-14-16-27-56-snowflake-stats,134416.0,117992.0,4377.0,8588.0,3459.0,,79427.0,2578.0,51563.0,46517936.0,7985160.0,,2316120.0,,,,4595.0,1080.0,168.0,,18742.0,69767.0
2022-12-15 16:27:56,2022-12-15,86400,,daily_unique_reset_each_window,1,snowflakes-2022-12.tar.xz:snowflakes-2022-12/15/2022-12-15-16-27-56-snowflake-stats,133859.0,117940.0,4328.0,8258.0,3333.0,,79004.0,2598.0,51504.0,46658808.0,7951768.0,,2260408.0,,,,4043.0,1089.0,161.0,,18563.0,70430.0
2022-12-16 16:27:56,2022-12-16,86400,,daily_unique_reset_each_window,1,snowflakes-2022-12.tar.xz:snowflakes-2022-12/16/2022-12-16-16-27-56-snowflake-stats,128517.0,112796.0,4281.0,8281.0,3159.0,,76101.0,2589.0,49118.0,46653552.0,7943824.0,,2352616.0,,,,3801.0,1048.0,152.0,,17658.0,67783.0
2022-12-17 16:27:56,2022-12-17,86400,,daily_unique_reset_each_window,1,snowflakes-2022-12.tar.xz:snowflakes-2022-12/17/2022-12-17-16-27-56-snowflake-stats,116257.0,100180.0,4245.0,8968.0,2864.0,,70497.0,2239.0,42787.0,28149088.0,8259296.0,,2135712.0,,,,4509.0,1032.0,126.0,,16568.0,59935.0
2022-12-18 16:27:56,2022-12-18,86400,,daily_unique_reset_each_window,1,snowflakes-2022-12.tar.xz:snowflakes-2022-12/18/2022-12-18-16-27-56-snowflake-stats,111000.0,94880.0,4289.0,9039.0,2792.0,,67789.0,2149.0,40373.0,25629312.0,8174480.0,,2029720.0,,,,4714.0,912.0,135.0,,15318.0,58053.0
2022-12-19 16:27:56,2022-12-19,86400,,daily_unique_reset_each_window,1,snowflakes-2022-12.tar.xz:snowflakes-2022-12/19/2022-12-19-16-27-56-snowflake-stats,125206.0,109334.0,4311.0,8565.0,2996.0,,74958.0,2288.0,47257.0,26684048.0,7941688.0,,2242104.0,,,,4466.0,1081.0,165.0,,15757.0,66801.0
2022-12-20 16:27:56,2022-12-20,86400,,daily_unique_reset_each_window,1,snowflakes-2022-12.tar.xz:snowflakes-2022-12/20/2022-12-20-16-27-56-snowflake-stats,127162.0,110971.0,4319.0,8722.0,3150.0,,76910.0,2198.0,47241.0,26408600.0,8229808.0,,1591728.0,,,,4633.0,1035.0,157.0,,16703.0,67256.0
2022-12-21 16:27:56,2022-12-21,86400,,daily_unique_reset_each_window,1,snowflakes-2022-12.tar.xz:snowflakes-2022-12/21/2022-12-21-16-27-56-snowflake-stats,124281.0,108074.0,4276.0,8975.0,2956.0,,75108.0,2222.0,46227.0,26721272.0,7958024.0,,1483200.0,,,,4525.0,1066.0,127.0,,16733.0,65705.0
2022-12-22 16:27:56,2022-12-22,86400,,daily_unique_reset_each_window,1,snowflakes-2022-12.tar.xz:snowflakes-2022-12/22/2022-12-22-16-27-56-snowflake-stats,120374.0,104328.0,4254.0,8957.0,2835.0,,72712.0,2139.0,44843.0,26094992.0,8170752.0,,1472536.0,,,,3838.0,1006.0,121.0,,16288.0,63972.0
2022-12-23 16:27:56,2022-12-23,86400,,daily_unique_reset_each_window,1,snowflakes-2022-12.tar.xz:snowflakes-2022-12/23/2022-12-23-16-27-56-snowflake-stats,113876.0,98603.0,4280.0,8346.0,2647.0,,69259.0,1955.0,42053.0,26041160.0,8098896.0,,2525456.0,,,,3551.0,1003.0,131.0,,15331.0,60214.0
2022-12-24 16:27:56,2022-12-24,86400,,daily_unique_reset_each_window,1,snowflakes-2022-12.tar.xz:snowflakes-2022-12/24/2022-12-24-16-27-56-snowflake-stats,101124.0,85457.0,4469.0,8774.0,2424.0,,62732.0,1935.0,35860.0,26358648.0,8368592.0,,3254056.0,,,,4274.0,962.0,120.0,,14430.0,51469.0
2022-12-25 16:27:56,2022-12-25,86400,,daily_unique_reset_each_window,1,snowflakes-2022-12.tar.xz:snowflakes-2022-12/25/2022-12-25-16-27-56-snowflake-stats,85643.0,71095.0,4397.0,8218.0,1933.0,,53136.0,1718.0,30307.0,26891976.0,8318832.0,,3902792.0,,,,4236.0,957.0,119.0,,12687.0,41372.0
2022-12-26 16:27:56,2022-12-26,86400,,daily_unique_reset_each_window,1,snowflakes-2022-12.tar.xz:snowflakes-2022-12/26/2022-12-26-16-27-56-snowflake-stats,92913.0,78289.0,4575.0,7977.0,2072.0,,56745.0,1683.0,33955.0,27790608.0,8364928.0,,3836408.0,,,,4224.0,1006.0,144.0,,13027.0,45977.0
2022-12-27 16:27:56,2022-12-27,86400,,daily_unique_reset_each_window,1,snowflakes-2022-12.tar.xz:snowflakes-2022-12/27/2022-12-27-16-27-56-snowflake-stats,101646.0,86674.0,4786.0,7836.0,2350.0,,61265.0,1856.0,37968.0,28201088.0,8281032.0,,3818984.0,,,,3665.0,1058.0,143.0,,14079.0,51867.0
2022-12-28 16:27:56,2022-12-28,86400,,daily_unique_reset_each_window,1,snowflakes-2022-12.tar.xz:snowflakes-2022-12/28/2022-12-28-16-27-56-snowflake-stats,107810.0,92184.0,4741.0,8340.0,2545.0,,65801.0,1890.0,39501.0,28879016.0,8640392.0,,4441832.0,,,,4007.0,969.0,167.0,,15067.0,55343.0
2022-12-29 16:27:56,2022-12-29,86400,,daily_unique_reset_each_window,1,snowflakes-2022-12.tar.xz:snowflakes-2022-12/29/2022-12-29-16-27-56-snowflake-stats,109163.0,93684.0,4810.0,8105.0,2564.0,,66637.0,1786.0,40079.0,29289736.0,8563456.0,,4741768.0,,,,3887.0,978.0,134.0,,14884.0,56929.0
2022-12-30 16:27:56,2022-12-30,86400,,daily_unique_reset_each_window,1,snowflakes-2022-12.tar.xz:snowflakes-2022-12/30/2022-12-30-16-27-56-snowflake-stats,108241.0,92577.0,4903.0,8369.0,2392.0,,66224.0,1849.0,39482.0,28793416.0,8926760.0,,4965984.0,,,,3671.0,983.0,144.0,,14908.0,56760.0
2022-12-31 16:27:56,2022-12-31,86400,,daily_unique_reset_each_window,1,snowflakes-2022-12.tar.xz:snowflakes-2022-12/31/2022-12-31-16-27-56-snowflake-stats,103751.0,87781.0,4920.0,8665.0,2385.0,,64219.0,1828.0,37048.0,29248600.0,9050104.0,,6252240.0,,,,4213.0,838.0,136.0,,14265.0,54334.0
2023-01-01 16:27:56,2023-01-01,86400,,daily_unique_reset_each_window,1,snowflakes-2023-01.tar.xz:snowflakes-2023-01/01/2023-01-01-16-27-56-snowflake-stats,90901.0,75595.0,4895.0,8378.0,2033.0,,57376.0,1653.0,31310.0,29478232.0,9239472.0,,6876608.0,,,,4354.0,780.0,140.0,,13079.0,45575.0
2023-01-02 16:27:56,2023-01-02,86400,,daily_unique_reset_each_window,1,snowflakes-2023-01.tar.xz:snowflakes-2023-01/02/2023-01-02-16-27-56-snowflake-stats,111440.0,95882.0,5062.0,7884.0,2612.0,,66375.0,1878.0,42492.0,31087312.0,9350040.0,,6619752.0,,,,4193.0,860.0,156.0,,14006.0,59631.0
2023-01-03 16:27:56,2023-01-03,86400,,daily_unique_reset_each_window,1,snowflakes-2023-01.tar.xz:snowflakes-2023-01/03/2023-01-03-16-27-56-snowflake-stats,120068.0,103699.0,5243.0,8480.0,2646.0,,72194.0,2044.0,45047.0,29990216.0,9484072.0,,6718040.0,,,,4594.0,840.0,159.0,,15745.0,63597.0
2023-01-04 16:27:56,2023-01-04,86400,,daily_unique_reset_each_window,1,snowflakes-2023-01.tar.xz:snowflakes-2023-01/04/2023-01-04-16-27-56-snowflake-stats,121738.0,105767.0,5114.0,8156.0,2701.0,,74296.0,2009.0,44644.0,31165704.0,9543344.0,,7231848.0,,,,4276.0,817.0,146.0,,16275.0,64435.0
2023-01-05 16:27:56,2023-01-05,86400,,daily_unique_reset_each_window,1,snowflakes-2023-01.tar.xz:snowflakes-2023-01/05/2023-01-05-16-27-56-snowflake-stats,121579.0,105805.0,5155.0,8049.0,2570.0,,74333.0,1945.0,44484.0,33083328.0,9549048.0,,5816160.0,,,,4062.0,842.0,166.0,,16538.0,64089.0
2023-01-06 16:27:56,2023-01-06,86400,,daily_unique_reset_each_window,1,snowflakes-2023-01.tar.xz:snowflakes-2023-01/06/2023-01-06-16-27-56-snowflake-stats,120559.0,104775.0,5144.0,8026.0,2614.0,,73762.0,2034.0,44017.0,34526168.0,9510536.0,,5040528.0,,,,3995.0,833.0,185.0,,16459.0,63862.0
2023-01-07 16:27:56,2023-01-07,86400,,daily_unique_reset_each_window,1,snowflakes-2023-01.tar.xz:snowflakes-2023-01/07/2023-01-07-16-27-56-snowflake-stats,112309.0,96546.0,5199.0,8160.0,2404.0,,69987.0,1991.0,39644.0,34813128.0,9646152.0,,6242424.0,,,,4110.0,823.0,161.0,,15630.0,58392.0
2023-01-08 16:27:56,2023-01-08,86400,,daily_unique_reset_each_window,1,snowflakes-2023-01.tar.xz:snowflakes-2023-01/08/2023-01-08-16-27-56-snowflake-stats,110554.0,95500.0,5162.0,7511.0,2381.0,,67985.0,1977.0,39907.0,35803712.0,9395640.0,,4770504.0,,,,4086.0,880.0,152.0,,14966.0,58229.0
2023-01-09 16:27:56,2023-01-09,86400,,daily_unique_reset_each_window,1,snowflakes-2023-01.tar.xz:snowflakes-2023-01/09/2023-01-09-16-27-56-snowflake-stats,125267.0,109832.0,5205.0,7510.0,2720.0,,75902.0,2117.0,46522.0,36528760.0,9370232.0,,5922600.0,,,,4130.0,993.0,175.0,,15929.0,66644.0
2023-01-10 16:27:56,2023-01-10,86400,,daily_unique_reset_each_window,1,snowflakes-2023-01.tar.xz:snowflakes-2023-01/10/2023-01-10-16-27-56-snowflake-stats,129448.0,113520.0,5296.0,7852.0,2780.0,,79067.0,1958.0,47607.0,37013040.0,9300680.0,,8392552.0,,,,4419.0,988.0,145.0,,17313.0,67625.0
2023-01-11 16:27:56,2023-01-11,86400,,daily_unique_reset_each_window,1,snowflakes-2023-01.tar.xz:snowflakes-2023-01/11/2023-01-11-16-27-56-snowflake-stats,131086.0,115543.0,5240.0,7684.0,2619.0,,77967.0,1900.0,50483.0,37984600.0,9347832.0,,9469896.0,,,,4131.0,1032.0,150.0,,17686.0,68765.0
2023-01-12 16:27:56,2023-01-12,86400,,daily_unique_reset_each_window,1,snowflakes-2023-01.tar.xz:snowflakes-2023-01/12/2023-01-12-16-27-56-snowflake-stats,129826.0,114097.0,5302.0,7760.0,2667.0,,76834.0,2029.0,50265.0,38605264.0,9273992.0,,5450248.0,,,,3819.0,1076.0,176.0,,17657.0,68205.0
2023-01-13 16:27:56,2023-01-13,86400,,daily_unique_reset_each_window,1,snowflakes-2023-01.tar.xz:snowflakes-2023-01/13/2023-01-13-16-27-56-snowflake-stats,129222.0,113448.0,5317.0,7919.0,2538.0,,76907.0,2021.0,49631.0,38195472.0,9309864.0,,6731032.0,,,,3666.0,1136.0,148.0,,17761.0,67684.0
2023-01-14 16:27:56,2023-01-14,86400,,daily_unique_reset_each_window,1,snowflakes-2023-01.tar.xz:snowflakes-2023-01/14/2023-01-14-16-27-56-snowflake-stats,117103.0,101275.0,5379.0,8079.0,2370.0,,71517.0,1893.0,43040.0,36992440.0,9414416.0,,8444392.0,,,,4149.0,1043.0,161.0,,16324.0,60208.0
2023-01-15 16:27:56,2023-01-15,86400,,daily_unique_reset_each_window,1,snowflakes-2023-01.tar.xz:snowflakes-2023-01/15/2023-01-15-16-27-56-snowflake-stats,114485.0,98970.0,5311.0,7933.0,2271.0,,70160.0,1926.0,41752.0,37594432.0,9316424.0,,8871008.0,,,,4403.0,1017.0,139.0,,15429.0,58795.0
2023-01-16 16:27:56,2023-01-16,86400,,daily_unique_reset_each_window,1,snowflakes-2023-01.tar.xz:snowflakes-2023-01/16/2023-01-16-16-27-56-snowflake-stats,128702.0,112989.0,5293.0,7870.0,2550.0,,77666.0,2087.0,48260.0,39428848.0,9438864.0,,9094072.0,,,,4388.0,1216.0,144.0,,16130.0,66921.0
2023-01-17 16:27:56,2023-01-17,86400,,daily_unique_reset_each_window,1,snowflakes-2023-01.tar.xz:snowflakes-2023-01/17/2023-01-17-16-27-56-snowflake-stats,133294.0,117036.0,5488.0,8230.0,2540.0,,80348.0,1976.0,50195.0,40238456.0,8774240.0,,3194304.0,,,,4744.0,1192.0,141.0,1.0,17837.0,68067.0
2023-01-18 16:27:56,2023-01-18,86400,,daily_unique_reset_each_window,1,snowflakes-2023-01.tar.xz:snowflakes-2023-01/18/2023-01-18-16-27-56-snowflake-stats,134237.0,117990.0,5462.0,8302.0,2483.0,,80692.0,2043.0,50742.0,41926816.0,8673896.0,,2401408.0,,,,4468.0,1268.0,153.0,1.0,18554.0,68237.0
2023-01-19 16:27:56,2023-01-19,86400,,daily_unique_reset_each_window,1,snowflakes-2023-01.tar.xz:snowflakes-2023-01/19/2023-01-19-16-27-56-snowflake-stats,132402.0,115623.0,5354.0,9015.0,2410.0,,79796.0,2119.0,49724.0,43661736.0,8260288.0,,2909072.0,,,,4377.0,1241.0,137.0,,18317.0,66934.0
2023-01-20 16:27:56,2023-01-20,86400,,daily_unique_reset_each_window,1,snowflakes-2023-01.tar.xz:snowflakes-2023-01/20/2023-01-20-16-27-56-snowflake-stats,131400.0,114358.0,5434.0,9190.0,2418.0,,78743.0,2195.0,49679.0,41676032.0,8262008.0,,2071568.0,,,,4464.0,1218.0,123.0,,18087.0,66656.0
2023-01-21 16:27:56,2023-01-21,86400,,daily_unique_reset_each_window,1,snowflakes-2023-01.tar.xz:snowflakes-2023-01/21/2023-01-21-16-27-56-snowflake-stats,120138.0,103454.0,5365.0,9158.0,2161.0,,73399.0,2061.0,43967.0,37028440.0,8549720.0,,1996552.0,,,,5137.0,1192.0,118.0,,16915.0,59752.0
2023-01-22 16:27:56,2023-01-22,86400,,daily_unique_reset_each_window,1,snowflakes-2023-01.tar.xz:snowflakes-2023-01/22/2023-01-22-16-27-56-snowflake-stats,115180.0,98924.0,5335.0,8763.0,2158.0,,70770.0,2018.0,41729.0,36596864.0,8478704.0,,2327544.0,,,,4887.0,1191.0,109.0,,15504.0,57922.0
2023-01-23 16:27:56,2023-01-23,86400,,daily_unique_reset_each_window,1,snowflakes-2023-01.tar.xz:snowflakes-2023-01/23/2023-01-23-16-27-56-snowflake-stats,131428.0,114441.0,5398.0,9095.0,2494.0,,79282.0,2103.0,49263.0,40070320.0,8575952.0,,2102544.0,,,,4897.0,1341.0,146.0,,17409.0,66401.0
2023-01-24 16:27:56,2023-01-24,86400,,daily_unique_reset_each_window,1,snowflakes-2023-01.tar.xz:snowflakes-2023-01/24/2023-01-24-16-27-56-snowflake-stats,136465.0,119473.0,5487.0,8996.0,2509.0,,82518.0,2254.0,50851.0,40733688.0,8683136.0,,3584248.0,,,,4758.0,1383.0,229.0,,19078.0,68325.0
2023-01-25 16:27:56,2023-01-25,86400,,daily_unique_reset_each_window,1,snowflakes-2023-01.tar.xz:snowflakes-2023-01/25/2023-01-25-16-27-56-snowflake-stats,135628.0,118594.0,5497.0,9110.0,2427.0,,81844.0,2196.0,50820.0,39670048.0,9023272.0,,6031040.0,,,,4566.0,1451.0,227.0,,18913.0,67894.0
2023-01-26 16:27:56,2023-01-26,86400,,daily_unique_reset_each_window,1,snowflakes-2023-01.tar.xz:snowflakes-2023-01/26/2023-01-26-16-27-56-snowflake-stats,133368.0,116164.0,5511.0,9291.0,2402.0,,79939.0,2008.0,50639.0,38018776.0,8981640.0,,5629640.0,,,,4566.0,1430.0,155.0,,18720.0,66610.0
2023-01-27 16:27:56,2023-01-27,86400,,daily_unique_reset_each_window,1,snowflakes-2023-01.tar.xz:snowflakes-2023-01/27/2023-01-27-16-27-56-snowflake-stats,134385.0,116974.0,5724.0,9331.0,2356.0,,81004.0,2224.0,50390.0,36984936.0,8900568.0,,8606296.0,,,,4260.0,1399.0,165.0,,18885.0,67813.0
2023-01-28 16:27:56,2023-01-28,86400,,daily_unique_reset_each_window,1,snowflakes-2023-01.tar.xz:snowflakes-2023-01/28/2023-01-28-16-27-56-snowflake-stats,120258.0,103811.0,5419.0,8904.0,2124.0,,73289.0,1984.0,44325.0,36531464.0,9053856.0,,6960576.0,,,,4509.0,1357.0,178.0,,16957.0,59263.0
2023-01-29 16:27:56,2023-01-29,86400,,daily_unique_reset_each_window,1,snowflakes-2023-01.tar.xz:snowflakes-2023-01/29/2023-01-29-16-27-56-snowflake-stats,115844.0,99600.0,5452.0,8845.0,1947.0,,70755.0,1928.0,42518.0,36070480.0,9230464.0,,7979184.0,,,,4941.0,1345.0,183.0,,15765.0,57085.0
2023-01-30 16:27:56,2023-01-30,86400,,daily_unique_reset_each_window,1,snowflakes-2023-01.tar.xz:snowflakes-2023-01/30/2023-01-30-16-27-56-snowflake-stats,131929.0,115634.0,5476.0,8535.0,2284.0,,79051.0,2061.0,50094.0,36954784.0,9235936.0,,7597168.0,,,,4618.0,1505.0,255.0,,17808.0,65413.0
2023-01-31 16:27:56,2023-01-31,86400,,daily_unique_reset_each_window,1,snowflakes-2023-01.tar.xz:snowflakes-2023-01/31/2023-01-31-16-27-56-snowflake-stats,136421.0,119454.0,5476.0,9134.0,2357.0,,82337.0,2081.0,51311.0,37551608.0,9155296.0,,7964704.0,,,,5211.0,1450.0,230.0,,18990.0,67272.0
2023-02-01 16:27:56,2023-02-01,86400,,daily_unique_reset_each_window,1,snowflakes-2023-02.tar.xz:snowflakes-2023-02/01/2023-02-01-16-27-56-snowflake-stats,135696.0,118563.0,5436.0,9398.0,2299.0,,81323.0,2085.0,51572.0,37485912.0,9152216.0,,7705472.0,,,,5246.0,1421.0,198.0,,18955.0,66653.0
2023-02-02 16:27:56,2023-02-02,86400,,daily_unique_reset_each_window,1,snowflakes-2023-02.tar.xz:snowflakes-2023-02/02/2023-02-02-16-27-56-snowflake-stats,134614.0,117289.0,5395.0,9615.0,2315.0,,81190.0,2127.0,50584.0,38631296.0,9056512.0,,7097208.0,,,,4877.0,1460.0,231.0,,19216.0,65799.0
2023-02-03 16:27:56,2023-02-03,86400,,daily_unique_reset_each_window,1,snowflakes-2023-02.tar.xz:snowflakes-2023-02/03/2023-02-03-16-27-56-snowflake-stats,132447.0,115399.0,5461.0,9376.0,2211.0,,79258.0,2102.0,50416.0,38888488.0,8905296.0,,7701968.0,,,,4525.0,1571.0,218.0,,18460.0,65294.0
2023-02-04 16:27:56,2023-02-04,86400,,daily_unique_reset_each_window,1,snowflakes-2023-02.tar.xz:snowflakes-2023-02/04/2023-02-04-16-27-56-snowflake-stats,119716.0,103335.0,5354.0,9087.0,1940.0,,73413.0,2038.0,43632.0,38114648.0,9067040.0,,9745048.0,,,,4617.0,1374.0,197.0,,17151.0,58264.0
2023-02-05 16:27:56,2023-02-05,86400,,daily_unique_reset_each_window,1,snowflakes-2023-02.tar.xz:snowflakes-2023-02/05/2023-02-05-16-27-56-snowflake-stats,115331.0,99573.0,5374.0,8544.0,1840.0,,70605.0,1927.0,42203.0,37668904.0,9163392.0,,8942720.0,,,,4939.0,1340.0,201.0,,15559.0,56315.0
2023-02-06 16:27:56,2023-02-06,86400,,daily_unique_reset_each_window,1,snowflakes-2023-02.tar.xz:snowflakes-2023-02/06/2023-02-06-16-27-56-snowflake-stats,131393.0,115036.0,5382.0,8816.0,2158.0,,79185.0,2062.0,49445.0,38719792.0,8897552.0,,8410592.0,,,,4764.0,1491.0,214.0,,17553.0,64771.0
2023-02-07 16:27:56,2023-02-07,86400,,daily_unique_reset_each_window,1,snowflakes-2023-02.tar.xz:snowflakes-2023-02/07/2023-02-07-16-27-56-snowflake-stats,135439.0,118878.0,5450.0,8882.0,2229.0,,81486.0,2108.0,51120.0,38849800.0,8854856.0,,7944400.0,,,,4860.0,1481.0,191.0,,19438.0,65607.0
2023-02-08 16:27:56,2023-02-08,86400,,daily_unique_reset_each_window,1,snowflakes-2023-02.tar.xz:snowflakes-2023-02/08/2023-02-08-16-27-56-snowflake-stats,134515.0,117823.0,5520.0,8902.0,2270.0,,81204.0,2091.0,50470.0,42418896.0,8879312.0,,8329136.0,,,,4774.0,1588.0,201.0,,19379.0,65184.0
2023-02-09 16:27:56,2023-02-09,86400,,daily_unique_reset_each_window,1,snowflakes-2023-02.tar.xz:snowflakes-2023-02/09/2023-02-09-16-27-56-snowflake-stats,132284.0,116219.0,5342.0,8647.0,2076.0,,79895.0,1820.0,49868.0,47845216.0,8509720.0,,10962424.0,,,,4327.0,1569.0,189.0,,19004.0,64182.0
2023-02-10 16:27:56,2023-02-10,86400,,daily_unique_reset_each_window,1,snowflakes-2023-02.tar.xz:snowflakes-2023-02/10/2023-02-10-16-27-56-snowflake-stats,130803.0,114849.0,5426.0,8488.0,2040.0,,78707.0,1899.0,49496.0,47345840.0,8549872.0,,8110680.0,,,,3752.0,1557.0,188.0,,18814.0,63794.0
2023-02-11 16:27:56,2023-02-11,86400,,daily_unique_reset_each_window,1,snowflakes-2023-02.tar.xz:snowflakes-2023-02/11/2023-02-11-16-27-56-snowflake-stats,119423.0,103255.0,5428.0,8940.0,1800.0,,72994.0,1817.0,43986.0,46229584.0,8523208.0,,9357640.0,,,,4423.0,1504.0,254.0,,17428.0,57347.0
2023-02-12 16:27:56,2023-02-12,86400,,daily_unique_reset_each_window,1,snowflakes-2023-02.tar.xz:snowflakes-2023-02/12/2023-02-12-16-27-56-snowflake-stats,116579.0,100371.0,5376.0,8967.0,1865.0,,72083.0,1763.0,42059.0,45963432.0,8373184.0,,9897712.0,,,,5152.0,1513.0,213.0,,16355.0,56090.0
2023-02-13 16:27:56,2023-02-13,86400,,daily_unique_reset_each_window,1,snowflakes-2023-02.tar.xz:snowflakes-2023-02/13/2023-02-13-16-27-56-snowflake-stats,132256.0,115564.0,5371.0,9311.0,2010.0,,80238.0,1811.0,49528.0,48353624.0,8492800.0,,9677336.0,,,,5040.0,1612.0,216.0,,18384.0,64138.0
2023-02-14 16:27:56,2023-02-14,86400,,daily_unique_reset_each_window,1,snowflakes-2023-02.tar.xz:snowflakes-2023-02/14/2023-02-14-16-27-56-snowflake-stats,135072.0,118394.0,5415.0,9081.0,2182.0,,81984.0,1823.0,50525.0,52643872.0,8540384.0,,8848568.0,,,,4792.0,1618.0,203.0,,19223.0,65051.0
2023-02-15 16:27:56,2023-02-15,86400,,daily_unique_reset_each_window,1,snowflakes-2023-02.tar.xz:snowflakes-2023-02/15/2023-02-15-16-27-56-snowflake-stats,136378.0,119848.0,5423.0,9179.0,1928.0,,80756.0,1930.0,53044.0,49546496.0,8567232.0,,8495848.0,,,,5009.0,1576.0,226.0,,19358.0,65762.0
2023-02-16 16:27:56,2023-02-16,86400,,daily_unique_reset_each_window,1,snowflakes-2023-02.tar.xz:snowflakes-2023-02/16/2023-02-16-16-27-56-snowflake-stats,136119.0,119525.0,5369.0,9276.0,1949.0,,79842.0,2113.0,53478.0,46937480.0,8272104.0,,6152216.0,,,,4641.0,1661.0,198.0,,19633.0,65313.0
2023-02-17 16:27:56,2023-02-17,86400,,daily_unique_reset_each_window,1,snowflakes-2023-02.tar.xz:snowflakes-2023-02/17/2023-02-17-16-27-56-snowflake-stats,132182.0,116095.0,5445.0,8776.0,1866.0,,78178.0,1940.0,51428.0,46989272.0,8248256.0,,6481464.0,,,,4345.0,1653.0,201.0,,18894.0,63656.0
2023-02-18 16:27:56,2023-02-18,86400,,daily_unique_reset_each_window,1,snowflakes-2023-02.tar.xz:snowflakes-2023-02/18/2023-02-18-16-27-56-snowflake-stats,119669.0,104120.0,5402.0,8385.0,1762.0,,72678.0,1930.0,44461.0,44195536.0,8299824.0,,5297080.0,,,,4089.0,1541.0,197.0,,17630.0,57267.0
2023-02-19 16:27:56,2023-02-19,86400,,daily_unique_reset_each_window,1,snowflakes-2023-02.tar.xz:snowflakes-2023-02/19/2023-02-19-16-27-56-snowflake-stats,114938.0,99196.0,5367.0,8702.0,1673.0,,70315.0,1871.0,42163.0,47140624.0,8042968.0,,4512104.0,,,,5100.0,1559.0,215.0,,16119.0,54834.0
2023-02-20 16:27:56,2023-02-20,86400,,daily_unique_reset_each_window,1,snowflakes-2023-02.tar.xz:snowflakes-2023-02/20/2023-02-20-16-27-56-snowflake-stats,128482.0,112704.0,5406.0,8452.0,1920.0,,77513.0,1940.0,48322.0,49197864.0,8124000.0,,5375784.0,,,,4688.0,1738.0,241.0,,17734.0,61658.0
2023-02-21 16:27:56,2023-02-21,86400,,daily_unique_reset_each_window,1,snowflakes-2023-02.tar.xz:snowflakes-2023-02/21/2023-02-21-16-27-56-snowflake-stats,133269.0,117480.0,5451.0,8443.0,1895.0,,80873.0,1962.0,49777.0,48969456.0,8122248.0,,6884096.0,,,,4673.0,1719.0,207.0,,18927.0,63233.0
2023-02-22 16:27:56,2023-02-22,86400,,daily_unique_reset_each_window,1,snowflakes-2023-02.tar.xz:snowflakes-2023-02/22/2023-02-22-16-27-56-snowflake-stats,133842.0,117671.0,5400.0,8852.0,1919.0,,80988.0,1763.0,50316.0,49895680.0,8269832.0,,9947168.0,,,,4747.0,1707.0,216.0,,19448.0,63384.0
2023-02-23 16:27:56,2023-02-23,86400,,daily_unique_reset_each_window,1,snowflakes-2023-02.tar.xz:snowflakes-2023-02/23/2023-02-23-16-27-56-snowflake-stats,133235.0,116907.0,5472.0,8924.0,1932.0,,80445.0,1598.0,50472.0,51267424.0,8107808.0,,8658248.0,,,,4609.0,1522.0,212.0,,19035.0,63503.0
2023-02-24 16:27:56,2023-02-24,86400,,daily_unique_reset_each_window,1,snowflakes-2023-02.tar.xz:snowflakes-2023-02/24/2023-02-24-16-27-56-snowflake-stats,132182.0,116465.0,5477.0,8397.0,1843.0,,79808.0,1644.0,50105.0,50353400.0,7999336.0,,7992344.0,,,,3873.0,1557.0,232.0,,19265.0,63301.0
2023-02-25 16:27:56,2023-02-25,86400,,daily_unique_reset_each_window,1,snowflakes-2023-02.tar.xz:snowflakes-2023-02/25/2023-02-25-16-27-56-snowflake-stats,120705.0,105249.0,5437.0,8396.0,1623.0,,74581.0,1592.0,43985.0,47001376.0,8221792.0,,8028280.0,,,,4537.0,1595.0,214.0,,17570.0,57287.0
2023-02-26 16:27:56,2023-02-26,86400,,daily_unique_reset_each_window,1,snowflakes-2023-02.tar.xz:snowflakes-2023-02/26/2023-02-26-16-27-56-snowflake-stats,117369.0,101993.0,5402.0,8390.0,1584.0,,72370.0,1409.0,43026.0,44747064.0,8179424.0,,8106072.0,,,,4654.0,1609.0,218.0,,16166.0,55984.0
2023-02-27 16:27:56,2023-02-27,86400,,daily_unique_reset_each_window,1,snowflakes-2023-02.tar.xz:snowflakes-2023-02/27/2023-02-27-16-27-56-snowflake-stats,131558.0,116341.0,5314.0,8020.0,1883.0,,79744.0,1555.0,49599.0,45603424.0,7881832.0,,7329704.0,,,,4607.0,1732.0,219.0,,17626.0,63355.0
2023-02-28 16:27:56,2023-02-28,86400,,daily_unique_reset_each_window,1,snowflakes-2023-02.tar.xz:snowflakes-2023-02/28/2023-02-28-16-27-56-snowflake-stats,136488.0,121082.0,5381.0,8186.0,1839.0,,83797.0,1613.0,50391.0,44495616.0,7978576.0,,6696248.0,,,,4513.0,1759.0,244.0,,19591.0,64176.0
2023-03-01 16:27:56,2023-03-01,86400,,daily_unique_reset_each_window,1,snowflakes-2023-03.tar.xz:snowflakes-2023-03/01/2023-03-01-16-27-56-snowflake-stats,135922.0,120382.0,5276.0,8528.0,1736.0,,82587.0,1568.0,51084.0,43266472.0,7944832.0,,6806632.0,,,,4374.0,1758.0,222.0,1.0,20411.0,63803.0
2023-03-02 16:27:56,2023-03-02,86400,,daily_unique_reset_each_window,1,snowflakes-2023-03.tar.xz:snowflakes-2023-03/02/2023-03-02-16-27-56-snowflake-stats,134072.0,119071.0,5316.0,7991.0,1694.0,,81700.0,1615.0,50155.0,43744544.0,7689456.0,,6509712.0,,,,3974.0,1739.0,208.0,1.0,19766.0,62997.0
2023-03-03 16:27:56,2023-03-03,86400,,daily_unique_reset_each_window,1,snowflakes-2023-03.tar.xz:snowflakes-2023-03/03/2023-03-03-16-27-56-snowflake-stats,132434.0,117593.0,5337.0,7797.0,1707.0,,80284.0,1572.0,49936.0,49758736.0,7443480.0,,5158896.0,,,,3759.0,1760.0,213.0,1.0,19218.0,62593.0
2023-03-04 16:27:56,2023-03-04,86400,,daily_unique_reset_each_window,1,snowflakes-2023-03.tar.xz:snowflakes-2023-03/04/2023-03-04-16-27-56-snowflake-stats,121342.0,106279.0,5347.0,8101.0,1615.0,,74677.0,1595.0,44438.0,51617032.0,7576288.0,,4385296.0,,,,4247.0,1682.0,197.0,1.0,17764.0,56568.0
2023-03-05 16:27:56,2023-03-05,86400,,daily_unique_reset_each_window,1,snowflakes-2023-03.tar.xz:snowflakes-2023-03/05/2023-03-05-16-27-56-snowflake-stats,117013.0,102539.0,5230.0,7679.0,1565.0,,72454.0,1496.0,42478.0,50887704.0,7364368.0,,4324624.0,,,,4403.0,1666.0,201.0,1.0,16238.0,54810.0
2023-03-06 16:27:56,2023-03-06,86400,,daily_unique_reset_each_window,1,snowflakes-2023-03.tar.xz:snowflakes-2023-03/06/2023-03-06-16-27-56-snowflake-stats,131911.0,117012.0,5324.0,7787.0,1788.0,,80475.0,1634.0,49133.0,49229352.0,6962208.0,,4674816.0,,,,4356.0,1841.0,189.0,1.0,18111.0,62468.0
2023-03-07 16:27:56,2023-03-07,86400,,daily_unique_reset_each_window,1,snowflakes-2023-03.tar.xz:snowflakes-2023-03/07/2023-03-07-16-27-56-snowflake-stats,135567.0,120460.0,5341.0,7991.0,1775.0,,83298.0,1544.0,50078.0,50270984.0,6657552.0,,4968056.0,,,,4418.0,1813.0,186.0,1.0,19170.0,63661.0
2023-03-08 16:27:56,2023-03-08,86400,,daily_unique_reset_each_window,1,snowflakes-2023-03.tar.xz:snowflakes-2023-03/08/2023-03-08-16-27-56-snowflake-stats,133860.0,118491.0,5378.0,8100.0,1891.0,,81715.0,1544.0,49946.0,54722280.0,6603152.0,,4867976.0,,,,4444.0,1696.0,203.0,1.0,19208.0,62588.0
2023-03-09 16:27:56,2023-03-09,86400,,daily_unique_reset_each_window,1,snowflakes-2023-03.tar.xz:snowflakes-2023-03/09/2023-03-09-16-27-56-snowflake-stats,133936.0,118317.0,5351.0,8431.0,1837.0,,81849.0,1492.0,49872.0,49124760.0,6743200.0,,5158544.0,,,,4353.0,1792.0,189.0,1.0,19018.0,61862.0
2023-03-10 16:27:56,2023-03-10,86400,,daily_unique_reset_each_window,1,snowflakes-2023-03.tar.xz:snowflakes-2023-03/10/2023-03-10-16-27-56-snowflake-stats,132838.0,117745.0,5309.0,7824.0,1960.0,,80817.0,1462.0,49909.0,45628848.0,6708576.0,,4872744.0,,,,3817.0,1831.0,178.0,1.0,18911.0,62123.0
2023-03-11 16:27:56,2023-03-11,86400,,daily_unique_reset_each_window,1,snowflakes-2023-03.tar.xz:snowflakes-2023-03/11/2023-03-11-16-27-56-snowflake-stats,121047.0,106197.0,5362.0,7792.0,1696.0,,75230.0,1347.0,43884.0,44282920.0,6772000.0,,5414048.0,,,,4376.0,1818.0,187.0,1.0,17307.0,55755.0
2023-03-12 16:27:56,2023-03-12,86400,,daily_unique_reset_each_window,1,snowflakes-2023-03.tar.xz:snowflakes-2023-03/12/2023-03-12-16-27-56-snowflake-stats,117017.0,102503.0,5279.0,7681.0,1554.0,,72528.0,1383.0,42543.0,44822736.0,6632728.0,,6024824.0,,,,4457.0,1783.0,191.0,1.0,16604.0,54243.0
2023-03-13 16:27:56,2023-03-13,86400,,daily_unique_reset_each_window,1,snowflakes-2023-03.tar.xz:snowflakes-2023-03/13/2023-03-13-16-27-56-snowflake-stats,131229.0,116440.0,5355.0,7745.0,1689.0,,80128.0,1422.0,49107.0,45754112.0,6543176.0,,4477208.0,,,,4201.0,1861.0,210.0,1.0,18122.0,61509.0
2023-03-14 16:27:56,2023-03-14,86400,,daily_unique_reset_each_window,1,snowflakes-2023-03.tar.xz:snowflakes-2023-03/14/2023-03-14-16-27-56-snowflake-stats,136135.0,121277.0,5334.0,7846.0,1678.0,,83395.0,1540.0,50563.0,46782072.0,5453592.0,,1915056.0,,,,4292.0,1961.0,181.0,1.0,19239.0,63370.0
2023-03-15 16:27:56,2023-03-15,86400,,daily_unique_reset_each_window,1,snowflakes-2023-03.tar.xz:snowflakes-2023-03/15/2023-03-15-16-27-56-snowflake-stats,138461.0,123306.0,5316.0,8113.0,1726.0,,83131.0,1640.0,53047.0,45130656.0,5176216.0,,376600.0,,,,4146.0,1905.0,213.0,1.0,19716.0,64790.0
2023-03-16 16:27:56,2023-03-16,86400,,daily_unique_reset_each_window,1,snowflakes-2023-03.tar.xz:snowflakes-2023-03/16/2023-03-16-16-27-56-snowflake-stats,136796.0,122016.0,5243.0,7870.0,1667.0,,81989.0,1578.0,52595.0,45451472.0,5198800.0,,270568.0,,,,3895.0,1903.0,212.0,1.0,19688.0,64020.0
2023-03-17 16:27:56,2023-03-17,86400,,daily_unique_reset_each_window,1,snowflakes-2023-03.tar.xz:snowflakes-2023-03/17/2023-03-17-16-27-56-snowflake-stats,132901.0,118316.0,5221.0,7676.0,1688.0,,79701.0,1513.0,51123.0,44546832.0,5133168.0,,367632.0,,,,3428.0,1849.0,210.0,1.0,19305.0,62127.0
2023-03-18 16:27:56,2023-03-18,86400,,daily_unique_reset_each_window,1,snowflakes-2023-03.tar.xz:snowflakes-2023-03/18/2023-03-18-16-27-56-snowflake-stats,118543.0,104226.0,5180.0,7641.0,1496.0,,72566.0,1529.0,43957.0,43883064.0,5127064.0,,478424.0,,,,3864.0,1771.0,180.0,1.0,17417.0,54319.0
2023-03-19 16:27:56,2023-03-19,86400,,daily_unique_reset_each_window,1,snowflakes-2023-03.tar.xz:snowflakes-2023-03/19/2023-03-19-16-27-56-snowflake-stats,114262.0,100010.0,5107.0,7726.0,1419.0,,69529.0,1483.0,42734.0,41567736.0,5063864.0,,404408.0,,,,3940.0,1725.0,191.0,1.0,16132.0,53403.0
2023-03-20 16:27:56,2023-03-20,86400,,daily_unique_reset_each_window,1,snowflakes-2023-03.tar.xz:snowflakes-2023-03/20/2023-03-20-16-27-56-snowflake-stats,130265.0,115710.0,5187.0,7747.0,1621.0,,78470.0,1593.0,49635.0,48912160.0,4906048.0,,188536.0,,,,3604.0,1869.0,217.0,,17998.0,61615.0
2023-03-21 16:27:56,2023-03-21,86400,,daily_unique_reset_each_window,1,snowflakes-2023-03.tar.xz:snowflakes-2023-03/21/2023-03-21-16-27-56-snowflake-stats,132963.0,118095.0,5169.0,7963.0,1736.0,,80672.0,1546.0,50111.0,43868904.0,5465016.0,,1021136.0,,,,3408.0,1942.0,227.0,,19133.0,62463.0
2023-03-22 16:27:56,2023-03-22,86400,,daily_unique_reset_each_window,1,snowflakes-2023-03.tar.xz:snowflakes-2023-03/22/2023-03-22-16-27-56-snowflake-stats,132652.0,118225.0,5153.0,7690.0,1584.0,,79855.0,1589.0,50653.0,44135424.0,5368920.0,,1139912.0,,,,3440.0,1952.0,218.0,,19418.0,61298.0
2023-03-23 16:27:56,2023-03-23,86400,,daily_unique_reset_each_window,1,snowflakes-2023-03.tar.xz:snowflakes-2023-03/23/2023-03-23-16-27-56-snowflake-stats,133745.0,118844.0,5169.0,8180.0,1552.0,,80185.0,1553.0,51514.0,44369792.0,5208296.0,,1243288.0,,,,3549.0,1959.0,228.0,,19395.0,61690.0
2023-03-24 16:27:56,2023-03-24,86400,,daily_unique_reset_each_window,1,snowflakes-2023-03.tar.xz:snowflakes-2023-03/24/2023-03-24-16-27-56-snowflake-stats,132779.0,117653.0,5195.0,8371.0,1560.0,,79512.0,1661.0,51104.0,48414872.0,5087552.0,,936136.0,,,,3759.0,1939.0,247.0,,19286.0,61686.0
2023-03-25 16:27:56,2023-03-25,86400,,daily_unique_reset_each_window,1,snowflakes-2023-03.tar.xz:snowflakes-2023-03/25/2023-03-25-16-27-56-snowflake-stats,120818.0,106113.0,5102.0,8195.0,1408.0,,73905.0,1487.0,45007.0,49099768.0,4977832.0,,1144736.0,,,,3839.0,1841.0,217.0,,17905.0,55269.0
2023-03-26 16:27:56,2023-03-26,86400,,daily_unique_reset_each_window,1,snowflakes-2023-03.tar.xz:snowflakes-2023-03/26/2023-03-26-16-27-56-snowflake-stats,116170.0,101876.0,5062.0,7916.0,1316.0,,70536.0,1420.0,43740.0,49140880.0,5020168.0,,1102048.0,,,,3898.0,1863.0,255.0,,16497.0,53653.0
2023-03-27 16:27:56,2023-03-27,86400,,daily_unique_reset_each_window,1,snowflakes-2023-03.tar.xz:snowflakes-2023-03/27/2023-03-27-16-27-56-snowflake-stats,133975.0,119241.0,5114.0,8186.0,1434.0,,80240.0,1640.0,51605.0,49469912.0,5009584.0,,1355408.0,,,,3835.0,2043.0,292.0,,18851.0,61980.0
2023-03-28 16:27:56,2023-03-28,86400,,daily_unique_reset_each_window,1,snowflakes-2023-03.tar.xz:snowflakes-2023-03/28/2023-03-28-16-27-56-snowflake-stats,136033.0,120780.0,5096.0,8709.0,1448.0,,82136.0,1613.0,51757.0,48692544.0,5066168.0,,1201080.0,,,,4023.0,2022.0,261.0,,19611.0,62177.0
2023-03-29 16:27:56,2023-03-29,86400,,daily_unique_reset_each_window,1,snowflakes-2023-03.tar.xz:snowflakes-2023-03/29/2023-03-29-16-27-56-snowflake-stats,135479.0,120204.0,5131.0,8679.0,1465.0,,80720.0,1544.0,52614.0,48202432.0,5132728.0,,1394680.0,,,,4346.0,2099.0,263.0,,19790.0,61130.0
2023-03-30 16:27:56,2023-03-30,86400,,daily_unique_reset_each_window,1,snowflakes-2023-03.tar.xz:snowflakes-2023-03/30/2023-03-30-16-27-56-snowflake-stats,133993.0,118887.0,5104.0,8622.0,1380.0,,80531.0,1438.0,51543.0,48064352.0,5137104.0,,1551672.0,,,,3920.0,2122.0,240.0,,19431.0,60855.0
2023-03-31 16:27:56,2023-03-31,86400,,daily_unique_reset_each_window,1,snowflakes-2023-03.tar.xz:snowflakes-2023-03/31/2023-03-31-16-27-56-snowflake-stats,133797.0,118432.0,5214.0,8669.0,1481.0,,79755.0,1613.0,51915.0,48159944.0,4994584.0,,1933200.0,,,,3819.0,2125.0,219.0,,19563.0,61185.0
2023-04-01 16:27:56,2023-04-01,86400,,daily_unique_reset_each_window,1,snowflakes-2023-04.tar.xz:snowflakes-2023-04/01/2023-04-01-16-27-56-snowflake-stats,120708.0,105325.0,5150.0,8899.0,1334.0,,72972.0,1515.0,45740.0,47950392.0,4983480.0,,1924008.0,,,,4150.0,2035.0,220.0,,18289.0,54412.0
2023-04-02 16:27:56,2023-04-02,86400,,daily_unique_reset_each_window,1,snowflakes-2023-04.tar.xz:snowflakes-2023-04/02/2023-04-02-16-27-56-snowflake-stats,115493.0,100849.0,5113.0,8236.0,1295.0,,70327.0,1472.0,43186.0,49276400.0,4867768.0,,1661096.0,,,,3751.0,1993.0,254.0,,17026.0,52563.0
2023-04-03 16:27:56,2023-04-03,86400,,daily_unique_reset_each_window,1,snowflakes-2023-04.tar.xz:snowflakes-2023-04/03/2023-04-03-16-27-56-snowflake-stats,129742.0,114721.0,5095.0,8563.0,1363.0,,77148.0,1469.0,50633.0,49799152.0,5083936.0,,1821208.0,,,,4393.0,2148.0,276.0,,18633.0,58931.0
2023-04-04 16:27:56,2023-04-04,86400,,daily_unique_reset_each_window,1,snowflakes-2023-04.tar.xz:snowflakes-2023-04/04/2023-04-04-16-27-56-snowflake-stats,132863.0,117687.0,5060.0,8646.0,1470.0,,79710.0,1472.0,51111.0,50182048.0,5002000.0,,2103424.0,,,,4692.0,2127.0,227.0,,19836.0,59251.0
2023-04-05 16:27:56,2023-04-05,86400,,daily_unique_reset_each_window,1,snowflakes-2023-04.tar.xz:snowflakes-2023-04/05/2023-04-05-16-27-56-snowflake-stats,132803.0,116690.0,5135.0,9508.0,1470.0,,79959.0,1578.0,50715.0,49886408.0,5098480.0,,2227792.0,,,,4932.0,2183.0,247.0,,20124.0,58612.0
2023-04-06 16:27:56,2023-04-06,86400,,daily_unique_reset_each_window,1,snowflakes-2023-04.tar.xz:snowflakes-2023-04/06/2023-04-06-16-27-56-snowflake-stats,130104.0,113671.0,5129.0,9934.0,1370.0,,77917.0,1415.0,50245.0,49779624.0,5015032.0,,2095688.0,,,,4945.0,2216.0,268.0,,19936.0,56904.0
2023-04-07 16:27:56,2023-04-07,86400,,daily_unique_reset_each_window,1,snowflakes-2023-04.tar.xz:snowflakes-2023-04/07/2023-04-07-16-27-56-snowflake-stats,121076.0,105709.0,5110.0,8996.0,1261.0,,73482.0,1411.0,45708.0,49565072.0,4868768.0,,1385904.0,,,,4612.0,2194.0,289.0,,19644.0,51255.0
2023-04-08 16:27:56,2023-04-08,86400,,daily_unique_reset_each_window,1,snowflakes-2023-04.tar.xz:snowflakes-2023-04/08/2023-04-08-16-27-56-snowflake-stats,114093.0,98220.0,5014.0,9706.0,1153.0,,70402.0,1333.0,41928.0,45038680.0,5317504.0,,1835072.0,,,,5453.0,2143.0,264.0,,18393.0,47935.0
2023-04-09 16:27:56,2023-04-09,86400,,daily_unique_reset_each_window,1,snowflakes-2023-04.tar.xz:snowflakes-2023-04/09/2023-04-09-16-27-56-snowflake-stats,106422.0,91116.0,4972.0,9183.0,1151.0,,66005.0,1215.0,38776.0,45086216.0,5189328.0,,1514952.0,,,,5126.0,2053.0,255.0,,16838.0,43785.0
2023-04-10 16:27:56,2023-04-10,86400,,daily_unique_reset_each_window,1,snowflakes-2023-04.tar.xz:snowflakes-2023-04/10/2023-04-10-16-27-56-snowflake-stats,116818.0,100108.0,5084.0,10386.0,1240.0,,69830.0,1336.0,45129.0,43244480.0,5690264.0,,1933768.0,,,,5875.0,2285.0,230.0,,18744.0,47568.0
2023-04-11 16:27:56,2023-04-11,86400,,daily_unique_reset_each_window,1,snowflakes-2023-04.tar.xz:snowflakes-2023-04/11/2023-04-11-16-27-56-snowflake-stats,133843.0,117256.0,5192.0,9977.0,1418.0,,77489.0,1538.0,54274.0,43881416.0,5664712.0,,1190568.0,,,,5336.0,2371.0,269.0,,20584.0,57637.0
2023-04-12 16:27:56,2023-04-12,86400,,daily_unique_reset_each_window,1,snowflakes-2023-04.tar.xz:snowflakes-2023-04/12/2023-04-12-16-27-56-snowflake-stats,145437.0,128913.0,5132.0,9920.0,1472.0,,81667.0,2950.0,60230.0,46631416.0,5172912.0,,16192.0,,,,4941.0,2408.0,286.0,,22939.0,64078.0
2023-04-13 16:27:56,2023-04-13,86400,,daily_unique_reset_each_window,1,snowflakes-2023-04.tar.xz:snowflakes-2023-04/13/2023-04-13-16-27-56-snowflake-stats,145229.0,128148.0,5114.0,10550.0,1417.0,,83527.0,3222.0,57887.0,46911568.0,5443456.0,,117240.0,,,,5225.0,2390.0,287.0,,22236.0,64874.0
2023-04-14 16:27:56,2023-04-14,86400,,daily_unique_reset_each_window,1,snowflakes-2023-04.tar.xz:snowflakes-2023-04/14/2023-04-14-16-27-56-snowflake-stats,139283.0,122342.0,5140.0,10470.0,1331.0,,81552.0,2952.0,54210.0,47516520.0,5367344.0,,8776.0,,,,4916.0,2350.0,262.0,,21200.0,61643.0
2023-04-15 16:27:56,2023-04-15,86400,,daily_unique_reset_each_window,1,snowflakes-2023-04.tar.xz:snowflakes-2023-04/15/2023-04-15-16-27-56-snowflake-stats,125879.0,108112.0,5084.0,11469.0,1214.0,,74699.0,2828.0,47783.0,43290968.0,5943560.0,,107696.0,,,,6261.0,2260.0,260.0,,19405.0,54441.0
2023-04-16 16:27:56,2023-04-16,86400,,daily_unique_reset_each_window,1,snowflakes-2023-04.tar.xz:snowflakes-2023-04/16/2023-04-16-16-27-56-snowflake-stats,123298.0,105558.0,5090.0,11378.0,1272.0,,73346.0,2847.0,46553.0,40882032.0,5885624.0,,25424.0,,,,6422.0,2154.0,264.0,,17805.0,54799.0
2023-04-17 16:27:56,2023-04-17,86400,,daily_unique_reset_each_window,1,snowflakes-2023-04.tar.xz:snowflakes-2023-04/17/2023-04-17-16-27-56-snowflake-stats,139738.0,121372.0,5130.0,11799.0,1437.0,,81738.0,3178.0,54214.0,41932544.0,5912872.0,,84184.0,,,,6574.0,2266.0,301.0,,19732.0,62947.0
2023-04-18 16:27:56,2023-04-18,86400,,daily_unique_reset_each_window,1,snowflakes-2023-04.tar.xz:snowflakes-2023-04/18/2023-04-18-16-27-56-snowflake-stats,142825.0,124210.0,5184.0,12073.0,1358.0,,84019.0,3161.0,55021.0,44151672.0,5850544.0,,59288.0,,,,6695.0,2308.0,261.0,,21311.0,63241.0
2023-04-19 16:27:56,2023-04-19,86400,,daily_unique_reset_each_window,1,snowflakes-2023-04.tar.xz:snowflakes-2023-04/19/2023-04-19-16-27-56-snowflake-stats,141638.0,122619.0,5208.0,12491.0,1319.0,,82548.0,3017.0,55488.0,44188584.0,5781856.0,,139872.0,,,,7180.0,2407.0,287.0,,20722.0,61698.0
2023-04-20 16:27:56,2023-04-20,86400,,daily_unique_reset_each_window,1,snowflakes-2023-04.tar.xz:snowflakes-2023-04/20/2023-04-20-16-27-56-snowflake-stats,138914.0,120478.0,5147.0,11962.0,1327.0,,80853.0,3156.0,54365.0,42031000.0,5931376.0,,104456.0,,,,6353.0,2396.0,299.0,,20334.0,61282.0
2023-04-21 16:27:56,2023-04-21,86400,,daily_unique_reset_each_window,1,snowflakes-2023-04.tar.xz:snowflakes-2023-04/21/2023-04-21-16-27-56-snowflake-stats,134106.0,115809.0,5110.0,11864.0,1323.0,,78731.0,2882.0,51973.0,41759984.0,5843456.0,,129368.0,,,,6075.0,2382.0,299.0,,20196.0,59022.0
2023-04-22 16:27:56,2023-04-22,86400,,daily_unique_reset_each_window,1,snowflakes-2023-04.tar.xz:snowflakes-2023-04/22/2023-04-22-16-27-56-snowflake-stats,118475.0,101022.0,5068.0,11305.0,1080.0,,71138.0,2548.0,44301.0,40465912.0,5804504.0,,248704.0,,,,5523.0,2226.0,251.0,,18463.0,50571.0
2023-04-23 16:27:56,2023-04-23,86400,,daily_unique_reset_each_window,1,snowflakes-2023-04.tar.xz:snowflakes-2023-04/23/2023-04-23-16-27-56-snowflake-stats,118131.0,100436.0,5101.0,11477.0,1117.0,,70662.0,2637.0,44337.0,40544656.0,5654896.0,,203104.0,,,,5802.0,2156.0,286.0,,17615.0,51146.0
2023-04-24 16:27:56,2023-04-24,86400,,daily_unique_reset_each_window,1,snowflakes-2023-04.tar.xz:snowflakes-2023-04/24/2023-04-24-16-27-56-snowflake-stats,137907.0,118786.0,5245.0,12529.0,1347.0,,80711.0,2925.0,53703.0,40945480.0,5852128.0,,334184.0,,,,6863.0,2353.0,289.0,,19641.0,61514.0
2023-04-25 16:27:56,2023-04-25,86400,,daily_unique_reset_each_window,1,snowflakes-2023-04.tar.xz:snowflakes-2023-04/25/2023-04-25-16-27-56-snowflake-stats,141157.0,121752.0,5204.0,12753.0,1448.0,,83203.0,3007.0,54297.0,40827224.0,5893232.0,,385296.0,,,,7035.0,2267.0,277.0,,20608.0,62351.0
2023-04-26 16:27:56,2023-04-26,86400,,daily_unique_reset_each_window,1,snowflakes-2023-04.tar.xz:snowflakes-2023-04/26/2023-04-26-16-27-56-snowflake-stats,140167.0,120556.0,5212.0,13030.0,1369.0,,81728.0,2998.0,54814.0,40324224.0,5986696.0,,497384.0,,,,7207.0,2384.0,296.0,,20608.0,61176.0
2023-04-27 16:27:56,2023-04-27,86400,,daily_unique_reset_each_window,1,snowflakes-2023-04.tar.xz:snowflakes-2023-04/27/2023-04-27-16-27-56-snowflake-stats,137600.0,117510.0,5136.0,13652.0,1302.0,,79733.0,3060.0,54256.0,40508968.0,5872040.0,,406072.0,,,,7609.0,2449.0,296.0,,20225.0,59652.0
2023-04-28 16:27:56,2023-04-28,86400,,daily_unique_reset_each_window,1,snowflakes-2023-04.tar.xz:snowflakes-2023-04/28/2023-04-28-16-27-56-snowflake-stats,134807.0,115672.0,5176.0,12757.0,1202.0,,78310.0,3133.0,52812.0,40356752.0,5718008.0,,434136.0,,,,6439.0,2334.0,282.0,,20030.0,58821.0
2023-04-29 16:27:56,2023-04-29,86400,,daily_unique_reset_each_window,1,snowflakes-2023-04.tar.xz:snowflakes-2023-04/29/2023-04-29-16-27-56-snowflake-stats,121339.0,102292.0,5062.0,12829.0,1156.0,,72461.0,2684.0,45682.0,38670712.0,5965392.0,,672888.0,,,,6872.0,2235.0,217.0,,18946.0,50792.0
2023-04-30 16:27:56,2023-04-30,86400,,daily_unique_reset_each_window,1,snowflakes-2023-04.tar.xz:snowflakes-2023-04/30/2023-04-30-16-27-56-snowflake-stats,114603.0,95793.0,4981.0,12768.0,1061.0,,68214.0,2575.0,43340.0,38514368.0,5934048.0,,962896.0,,,,7294.0,2223.0,223.0,,17315.0,47179.0
2023-05-01 16:27:56,2023-05-01,86400,,daily_unique_reset_each_window,1,snowflakes-2023-05.tar.xz:snowflakes-2023-05/01/2023-05-01-16-27-56-snowflake-stats,122653.0,103646.0,5035.0,12834.0,1138.0,,72441.0,2675.0,47046.0,39289832.0,5841520.0,,1103128.0,,,,7389.0,2247.0,192.0,,19086.0,50244.0
2023-05-02 16:27:56,2023-05-02,86400,,daily_unique_reset_each_window,1,snowflakes-2023-05.tar.xz:snowflakes-2023-05/02/2023-05-02-16-27-56-snowflake-stats,138522.0,118627.0,4991.0,13594.0,1310.0,,80400.0,3025.0,54527.0,40142152.0,5778672.0,,842536.0,,,,7586.0,2441.0,254.0,,20597.0,59514.0
2023-05-03 16:27:56,2023-05-03,86400,,daily_unique_reset_each_window,1,snowflakes-2023-05.tar.xz:snowflakes-2023-05/03/2023-05-03-16-27-56-snowflake-stats,139875.0,120118.0,5003.0,13480.0,1274.0,,82048.0,3049.0,54234.0,40545232.0,5570376.0,,600528.0,,,,7600.0,2414.0,279.0,,20802.0,60353.0
2023-05-04 16:27:56,2023-05-04,86400,,daily_unique_reset_each_window,1,snowflakes-2023-05.tar.xz:snowflakes-2023-05/04/2023-05-04-16-27-56-snowflake-stats,136873.0,117433.0,5084.0,13129.0,1227.0,,79731.0,2832.0,53738.0,40861888.0,5443296.0,,498304.0,,,,6891.0,2450.0,327.0,,20296.0,58924.0
2023-05-05 16:27:56,2023-05-05,86400,,daily_unique_reset_each_window,1,snowflakes-2023-05.tar.xz:snowflakes-2023-05/05/2023-05-05-16-27-56-snowflake-stats,134900.0,116122.0,5046.0,12391.0,1341.0,,78306.0,2709.0,53381.0,40702144.0,5367336.0,,447160.0,,,,6319.0,2442.0,323.0,,20052.0,58312.0
2023-05-06 16:27:56,2023-05-06,86400,,daily_unique_reset_each_window,1,snowflakes-2023-05.tar.xz:snowflakes-2023-05/06/2023-05-06-16-27-56-snowflake-stats,121750.0,103040.0,4986.0,12603.0,1121.0,,72199.0,2777.0,46318.0,39160864.0,5722424.0,,558808.0,,,,7163.0,2350.0,280.0,,18469.0,50668.0
2023-05-07 16:27:56,2023-05-07,86400,,daily_unique_reset_each_window,1,snowflakes-2023-05.tar.xz:snowflakes-2023-05/07/2023-05-07-16-27-56-snowflake-stats,117855.0,99778.0,4991.0,12001.0,1085.0,,69083.0,2631.0,45707.0,38778936.0,5905440.0,,606280.0,,,,7031.0,2222.0,263.0,,16815.0,49808.0
2023-05-08 16:27:56,2023-05-08,86400,,daily_unique_reset_each_window,1,snowflakes-2023-05.tar.xz:snowflakes-2023-05/08/2023-05-08-16-27-56-snowflake-stats,135818.0,117125.0,5025.0,12324.0,1344.0,,78807.0,2956.0,53563.0,39967440.0,5888760.0,,510864.0,,,,7374.0,2178.0,272.0,,18779.0,58911.0
2023-05-09 16:27:56,2023-05-09,86400,,daily_unique_reset_each_window,1,snowflakes-2023-05.tar.xz:snowflakes-2023-05/09/2023-05-09-16-27-56-snowflake-stats,139326.0,119995.0,4974.0,13089.0,1268.0,,81030.0,2955.0,54826.0,39775432.0,6106408.0,,766848.0,,,,7538.0,2351.0,283.0,,20029.0,59833.0
2023-05-10 16:27:56,2023-05-10,86400,,daily_unique_reset_each_window,1,snowflakes-2023-05.tar.xz:snowflakes-2023-05/10/2023-05-10-16-27-56-snowflake-stats,142853.0,122089.0,5009.0,14392.0,1363.0,,80515.0,2984.0,58800.0,40012288.0,6117696.0,,844000.0,,,,8795.0,2646.0,285.0,,20166.0,60923.0
2023-05-11 16:27:56,2023-05-11,86400,,daily_unique_reset_each_window,1,snowflakes-2023-05.tar.xz:snowflakes-2023-05/11/2023-05-11-16-27-56-snowflake-stats,143187.0,122130.0,5168.0,14560.0,1329.0,,80662.0,2912.0,59009.0,40206856.0,6079464.0,,812328.0,,,,8682.0,2685.0,291.0,,20462.0,60906.0
2023-05-12 16:27:56,2023-05-12,86400,,daily_unique_reset_each_window,1,snowflakes-2023-05.tar.xz:snowflakes-2023-05/12/2023-05-12-16-27-56-snowflake-stats,138744.0,118725.0,4972.0,13787.0,1260.0,,79220.0,2752.0,56202.0,40336496.0,5931328.0,,763920.0,,,,7950.0,2613.0,269.0,,19910.0,58261.0
2023-05-13 16:27:56,2023-05-13,86400,,daily_unique_reset_each_window,1,snowflakes-2023-05.tar.xz:snowflakes-2023-05/13/2023-05-13-16-27-56-snowflake-stats,124556.0,104366.0,4995.0,14017.0,1178.0,,72904.0,2641.0,48507.0,38452264.0,6368688.0,,1175456.0,,,,8632.0,2529.0,250.0,,18494.0,49797.0
2023-05-14 16:27:56,2023-05-14,86400,,daily_unique_reset_each_window,1,snowflakes-2023-05.tar.xz:snowflakes-2023-05/14/2023-05-14-16-27-56-snowflake-stats,122400.0,101073.0,4892.0,15173.0,1262.0,,70809.0,2709.0,48324.0,39040320.0,6239408.0,,1047320.0,,,,9525.0,2584.0,274.0,,17314.0,48101.0
2023-05-15 16:27:56,2023-05-15,86400,,daily_unique_reset_each_window,1,snowflakes-2023-05.tar.xz:snowflakes-2023-05/15/2023-05-15-16-27-56-snowflake-stats,140903.0,119509.0,5044.0,15000.0,1350.0,,80628.0,2941.0,56781.0,40146024.0,6259128.0,,1347128.0,,,,9249.0,2663.0,328.0,,19276.0,59054.0
2023-05-16 16:27:56,2023-05-16,86400,,daily_unique_reset_each_window,1,snowflakes-2023-05.tar.xz:snowflakes-2023-05/16/2023-05-16-16-27-56-snowflake-stats,143640.0,122481.0,5073.0,14770.0,1316.0,,82881.0,2967.0,57215.0,40897464.0,6038432.0,,1076968.0,,,,8937.0,2677.0,278.0,,20159.0,60227.0
2023-05-17 16:27:56,2023-05-17,86400,,daily_unique_reset_each_window,1,snowflakes-2023-05.tar.xz:snowflakes-2023-05/17/2023-05-17-16-27-56-snowflake-stats,143262.0,120562.0,5066.0,16328.0,1306.0,,83725.0,2844.0,56166.0,39822656.0,6297192.0,,1963272.0,,,,9832.0,2618.0,297.0,,20927.0,58238.0
2023-05-18 16:27:56,2023-05-18,86400,,daily_unique_reset_each_window,1,snowflakes-2023-05.tar.xz:snowflakes-2023-05/18/2023-05-18-16-27-56-snowflake-stats,130282.0,109282.0,4997.0,14907.0,1096.0,,75906.0,2264.0,51600.0,39532776.0,6160248.0,,2071328.0,,,,8739.0,2547.0,309.0,,19774.0,50003.0
2023-05-19 16:27:56,2023-05-19,86400,,daily_unique_reset_each_window,1,snowflakes-2023-05.tar.xz:snowflakes-2023-05/19/2023-05-19-16-27-56-snowflake-stats,128716.0,108297.0,5122.0,14204.0,1093.0,,75866.0,2224.0,50089.0,39511928.0,6032824.0,,2109456.0,,,,8129.0,2522.0,296.0,,19592.0,50285.0
2023-05-20 16:27:56,2023-05-20,86400,,daily_unique_reset_each_window,1,snowflakes-2023-05.tar.xz:snowflakes-2023-05/20/2023-05-20-16-27-56-snowflake-stats,119896.0,98880.0,4989.0,15021.0,1006.0,,70722.0,2166.0,46499.0,38387512.0,6344984.0,,2206488.0,,,,9078.0,2414.0,251.0,,18641.0,45170.0
2023-05-21 16:27:56,2023-05-21,86400,,daily_unique_reset_each_window,1,snowflakes-2023-05.tar.xz:snowflakes-2023-05/21/2023-05-21-16-27-56-snowflake-stats,119117.0,97830.0,4890.0,15399.0,998.0,,69627.0,2132.0,46824.0,38636608.0,6335416.0,,1913016.0,,,,9633.0,2309.0,236.0,,17521.0,45875.0
2023-05-22 16:27:56,2023-05-22,86400,,daily_unique_reset_each_window,1,snowflakes-2023-05.tar.xz:snowflakes-2023-05/22/2023-05-22-16-27-56-snowflake-stats,137451.0,115863.0,4981.0,15428.0,1179.0,,78708.0,2492.0,55695.0,38313128.0,6804792.0,,4390408.0,,,,9027.0,2536.0,300.0,,19387.0,56325.0
2023-05-23 16:27:56,2023-05-23,86400,,daily_unique_reset_each_window,1,snowflakes-2023-05.tar.xz:snowflakes-2023-05/23/2023-05-23-16-27-56-snowflake-stats,141917.0,120900.0,5168.0,14576.0,1273.0,,82564.0,2227.0,56552.0,39293216.0,6227328.0,,2183720.0,,,,8457.0,2766.0,324.0,,20327.0,58605.0
2023-05-24 16:27:56,2023-05-24,86400,,daily_unique_reset_each_window,1,snowflakes-2023-05.tar.xz:snowflakes-2023-05/24/2023-05-24-16-27-56-snowflake-stats,142531.0,121436.0,4993.0,14935.0,1167.0,,82381.0,2466.0,57124.0,39903176.0,6128912.0,,1818592.0,,,,8713.0,2751.0,305.0,,20586.0,58184.0
2023-05-25 16:27:56,2023-05-25,86400,,daily_unique_reset_each_window,1,snowflakes-2023-05.tar.xz:snowflakes-2023-05/25/2023-05-25-16-27-56-snowflake-stats,140141.0,118558.0,4999.0,15420.0,1164.0,,80477.0,2418.0,56719.0,40183320.0,6019968.0,,2003752.0,,,,9098.0,2705.0,279.0,,20229.0,56642.0
2023-05-26 16:27:56,2023-05-26,86400,,daily_unique_reset_each_window,1,snowflakes-2023-05.tar.xz:snowflakes-2023-05/26/2023-05-26-16-27-56-snowflake-stats,136366.0,114460.0,4950.0,15799.0,1157.0,,78883.0,2390.0,54563.0,40633368.0,5779640.0,,1526592.0,,,,8632.0,2604.0,309.0,,19629.0,54496.0
2023-05-27 16:27:56,2023-05-27,86400,,daily_unique_reset_each_window,1,snowflakes-2023-05.tar.xz:snowflakes-2023-05/27/2023-05-27-16-27-56-snowflake-stats,120830.0,98539.0,4883.0,16401.0,1007.0,,71512.0,1991.0,46726.0,39119416.0,6045424.0,,1519640.0,,,,9083.0,2404.0,306.0,,18823.0,44925.0
2023-05-28 16:27:56,2023-05-28,86400,,daily_unique_reset_each_window,1,snowflakes-2023-05.tar.xz:snowflakes-2023-05/28/2023-05-28-16-27-56-snowflake-stats,114529.0,92529.0,4787.0,16270.0,943.0,,67827.0,2001.0,44089.0,38581872.0,6068632.0,,1543416.0,,,,8800.0,2401.0,289.0,,17189.0,41798.0
2023-05-29 16:27:56,2023-05-29,86400,,daily_unique_reset_each_window,1,snowflakes-2023-05.tar.xz:snowflakes-2023-05/29/2023-05-29-16-27-56-snowflake-stats,124018.0,101569.0,4870.0,16558.0,1021.0,,72214.0,2260.0,48929.0,38917008.0,6062152.0,,2098592.0,,,,9004.0,2651.0,313.0,,17465.0,45669.0
2023-05-30 16:27:56,2023-05-30,86400,,daily_unique_reset_each_window,1,snowflakes-2023-05.tar.xz:snowflakes-2023-05/30/2023-05-30-16-27-56-snowflake-stats,138152.0,115728.0,4931.0,16321.0,1172.0,,79671.0,2495.0,55266.0,40194312.0,5894632.0,,1900856.0,,,,8767.0,2692.0,272.0,,19194.0,54095.0
2023-05-31 16:27:56,2023-05-31,86400,,daily_unique_reset_each_window,1,snowflakes-2023-05.tar.xz:snowflakes-2023-05/31/2023-05-31-16-27-56-snowflake-stats,142409.0,118880.0,5008.0,17336.0,1185.0,,81982.0,2579.0,57186.0,40387208.0,5964040.0,,1727480.0,,,,9436.0,2911.0,305.0,,20380.0,56116.0
2023-06-01 16:27:56,2023-06-01,86400,,daily_unique_reset_each_window,1,snowflakes-2023-06.tar.xz:snowflakes-2023-06/01/2023-06-01-16-27-56-snowflake-stats,142376.0,118217.0,5000.0,17945.0,1214.0,,82111.0,2771.0,56860.0,40697688.0,5786928.0,,1515544.0,,,,9307.0,2963.0,281.0,,20911.0,55803.0
2023-06-02 16:27:56,2023-06-02,86400,,daily_unique_reset_each_window,1,snowflakes-2023-06.tar.xz:snowflakes-2023-06/02/2023-06-02-16-27-56-snowflake-stats,136946.0,114342.0,4935.0,16552.0,1117.0,,79321.0,2499.0,54438.0,40422240.0,5615256.0,,1541480.0,,,,7982.0,2836.0,284.0,,20206.0,54319.0
2023-06-03 16:27:56,2023-06-03,86400,,daily_unique_reset_each_window,1,snowflakes-2023-06.tar.xz:snowflakes-2023-06/03/2023-06-03-16-27-56-snowflake-stats,123613.0,99893.0,4842.0,17902.0,976.0,,73118.0,2320.0,47584.0,38827376.0,6037568.0,,1947592.0,,,,9391.0,2634.0,278.0,,18674.0,46285.0
2023-06-04 16:27:56,2023-06-04,86400,,daily_unique_reset_each_window,1,snowflakes-2023-06.tar.xz:snowflakes-2023-06/04/2023-06-04-16-27-56-snowflake-stats,118086.0,95710.0,4861.0,16513.0,1002.0,,69356.0,2320.0,45879.0,39025912.0,5696592.0,,1696768.0,,,,8538.0,2496.0,274.0,,17057.0,45024.0
2023-06-05 16:27:56,2023-06-05,86400,,daily_unique_reset_each_window,1,snowflakes-2023-06.tar.xz:snowflakes-2023-06/05/2023-06-05-16-27-56-snowflake-stats,137173.0,113992.0,4956.0,17126.0,1099.0,,78492.0,2661.0,55355.0,40500288.0,5591528.0,,1628248.0,,,,8712.0,2691.0,324.0,,18930.0,54357.0
2023-06-06 16:27:56,2023-06-06,86400,,daily_unique_reset_each_window,1,snowflakes-2023-06.tar.xz:snowflakes-2023-06/06/2023-06-06-16-27-56-snowflake-stats,141375.0,117591.0,4887.0,17736.0,1161.0,,81430.0,2628.0,56680.0,40344880.0,5831912.0,,1852256.0,,,,9521.0,2730.0,304.0,,20278.0,55559.0
2023-06-07 16:27:56,2023-06-07,86400,,daily_unique_reset_each_window,1,snowflakes-2023-06.tar.xz:snowflakes-2023-06/07/2023-06-07-16-27-56-snowflake-stats,140427.0,116803.0,4921.0,17611.0,1092.0,,81271.0,2707.0,55815.0,40071688.0,5917496.0,,1803960.0,,,,8978.0,2680.0,444.0,,20408.0,54858.0
2023-06-08 16:27:56,2023-06-08,86400,,daily_unique_reset_each_window,1,snowflakes-2023-06.tar.xz:snowflakes-2023-06/08/2023-06-08-16-27-56-snowflake-stats,136280.0,112901.0,4944.0,17370.0,1065.0,,78859.0,2685.0,54143.0,40709672.0,5732680.0,,1484816.0,,,,8980.0,2705.0,346.0,,20098.0,52502.0
2023-06-09 16:27:56,2023-06-09,86400,,daily_unique_reset_each_window,1,snowflakes-2023-06.tar.xz:snowflakes-2023-06/09/2023-06-09-16-27-56-snowflake-stats,134433.0,110123.0,4891.0,18362.0,1057.0,,77772.0,2573.0,53480.0,40799384.0,5512424.0,,1300488.0,,,,9148.0,2664.0,330.0,,19867.0,51622.0
2023-06-10 16:27:56,2023-06-10,86400,,daily_unique_reset_each_window,1,snowflakes-2023-06.tar.xz:snowflakes-2023-06/10/2023-06-10-16-27-56-snowflake-stats,121321.0,97732.0,4881.0,17782.0,926.0,,70998.0,2406.0,47351.0,38973568.0,5916416.0,,1781400.0,,,,9582.0,2530.0,373.0,,18402.0,44970.0
2023-06-11 16:27:56,2023-06-11,86400,,daily_unique_reset_each_window,1,snowflakes-2023-06.tar.xz:snowflakes-2023-06/11/2023-06-11-16-27-56-snowflake-stats,119084.0,96246.0,4922.0,17014.0,902.0,,69398.0,2296.0,46822.0,39301768.0,5797760.0,,1682640.0,,,,9180.0,2437.0,330.0,,17273.0,45537.0
2023-06-12 16:27:56,2023-06-12,86400,,daily_unique_reset_each_window,1,snowflakes-2023-06.tar.xz:snowflakes-2023-06/12/2023-06-12-16-27-56-snowflake-stats,139878.0,115523.0,4928.0,18350.0,1077.0,,79296.0,2833.0,57154.0,40436280.0,5781048.0,,1746960.0,,,,9964.0,2506.0,358.0,,19180.0,56348.0
2023-06-13 16:27:56,2023-06-13,86400,,daily_unique_reset_each_window,1,snowflakes-2023-06.tar.xz:snowflakes-2023-06/13/2023-06-13-16-27-56-snowflake-stats,143210.0,119083.0,4880.0,18158.0,1089.0,,82677.0,2840.0,57073.0,40640408.0,5732904.0,,1676384.0,,,,9933.0,2639.0,342.0,,20528.0,57430.0
2023-06-14 16:27:56,2023-06-14,86400,,daily_unique_reset_each_window,1,snowflakes-2023-06.tar.xz:snowflakes-2023-06/14/2023-06-14-16-27-56-snowflake-stats,145453.0,121380.0,4894.0,18132.0,1047.0,,82134.0,2783.0,59953.0,40798752.0,5696392.0,,1550576.0,,,,9780.0,2654.0,327.0,,20638.0,58848.0
2023-06-15 16:27:56,2023-06-15,86400,,daily_unique_reset_each_window,1,snowflakes-2023-06.tar.xz:snowflakes-2023-06/15/2023-06-15-16-27-56-snowflake-stats,142587.0,118504.0,4884.0,18168.0,1031.0,,80504.0,2886.0,58573.0,41295880.0,5578096.0,,1111664.0,,,,9699.0,2641.0,362.0,,20214.0,57088.0
2023-06-16 16:27:56,2023-06-16,86400,,daily_unique_reset_each_window,1,snowflakes-2023-06.tar.xz:snowflakes-2023-06/16/2023-06-16-16-27-56-snowflake-stats,138318.0,114775.0,4938.0,17501.0,1104.0,,78548.0,2623.0,56577.0,41354480.0,5359600.0,,1277576.0,,,,8533.0,2732.0,372.0,,20088.0,55470.0
2023-06-17 16:27:56,2023-06-17,86400,,daily_unique_reset_each_window,1,snowflakes-2023-06.tar.xz:snowflakes-2023-06/17/2023-06-17-16-27-56-snowflake-stats,125485.0,101477.0,4830.0,18183.0,995.0,,72818.0,2450.0,49690.0,40061320.0,5461568.0,,1317232.0,,,,9869.0,2498.0,327.0,,18647.0,47412.0
2023-06-18 16:27:56,2023-06-18,86400,,daily_unique_reset_each_window,1,snowflakes-2023-06.tar.xz:snowflakes-2023-06/18/2023-06-18-16-27-56-snowflake-stats,120151.0,96166.0,4782.0,18256.0,947.0,,69365.0,2353.0,47876.0,40865896.0,5280856.0,,1265240.0,,,,9923.0,2506.0,320.0,,17135.0,45912.0
2023-06-19 16:27:56,2023-06-19,86400,,daily_unique_reset_each_window,1,snowflakes-2023-06.tar.xz:snowflakes-2023-06/19/2023-06-19-16-27-56-snowflake-stats,138794.0,114278.0,4944.0,18471.0,1101.0,,78362.0,2795.0,57005.0,42906680.0,5098104.0,,864352.0,,,,10391.0,2719.0,353.0,,18416.0,55604.0
2023-06-20 16:27:56,2023-06-20,86400,,daily_unique_reset_each_window,1,snowflakes-2023-06.tar.xz:snowflakes-2023-06/20/2023-06-20-16-27-56-snowflake-stats,142915.0,118048.0,4921.0,18833.0,1113.0,,81687.0,3006.0,57552.0,42914680.0,5187568.0,,955728.0,,,,10297.0,2753.0,347.0,,19625.0,57710.0
2023-06-21 16:27:56,2023-06-21,86400,,daily_unique_reset_each_window,1,snowflakes-2023-06.tar.xz:snowflakes-2023-06/21/2023-06-21-16-27-56-snowflake-stats,143128.0,117925.0,5043.0,19011.0,1149.0,,82987.0,2791.0,56720.0,42712936.0,5263424.0,,629712.0,,,,10337.0,2728.0,372.0,,20350.0,57179.0
2023-06-22 16:27:56,2023-06-22,86400,,daily_unique_reset_each_window,1,snowflakes-2023-06.tar.xz:snowflakes-2023-06/22/2023-06-22-16-27-56-snowflake-stats,140795.0,115871.0,4903.0,18959.0,1062.0,,80309.0,2679.0,57180.0,42628216.0,5276872.0,,460288.0,,,,9976.0,2920.0,283.0,,19626.0,56616.0
2023-06-23 16:27:56,2023-06-23,86400,,daily_unique_reset_each_window,1,snowflakes-2023-06.tar.xz:snowflakes-2023-06/23/2023-06-23-16-27-56-snowflake-stats,137567.0,113217.0,4900.0,18391.0,1059.0,,78758.0,2658.0,55498.0,41909568.0,5369928.0,,2405424.0,,,,9201.0,2850.0,308.0,,19595.0,55851.0
2023-06-24 16:27:56,2023-06-24,86400,,daily_unique_reset_each_window,1,snowflakes-2023-06.tar.xz:snowflakes-2023-06/24/2023-06-24-16-27-56-snowflake-stats,122677.0,98338.0,4833.0,18521.0,985.0,,72006.0,2447.0,47623.0,40767968.0,5456680.0,,789160.0,,,,9789.0,2811.0,288.0,,18233.0,46895.0
2023-06-25 16:27:56,2023-06-25,86400,,daily_unique_reset_each_window,1,snowflakes-2023-06.tar.xz:snowflakes-2023-06/25/2023-06-25-16-27-56-snowflake-stats,119323.0,94818.0,4858.0,18615.0,1032.0,,69379.0,2384.0,46949.0,41241688.0,5342888.0,,485728.0,,,,9851.0,2679.0,339.0,,17034.0,45632.0
2023-06-26 16:27:56,2023-06-26,86400,,daily_unique_reset_each_window,1,snowflakes-2023-06.tar.xz:snowflakes-2023-06/26/2023-06-26-16-27-56-snowflake-stats,137107.0,112076.0,5001.0,18988.0,1041.0,,77653.0,2756.0,56049.0,42022296.0,5159416.0,,304184.0,,,,9815.0,2833.0,357.0,,18558.0,55250.0
2023-06-27 16:27:56,2023-06-27,86400,,daily_unique_reset_each_window,1,snowflakes-2023-06.tar.xz:snowflakes-2023-06/27/2023-06-27-16-27-56-snowflake-stats,140690.0,115507.0,4965.0,19096.0,1122.0,,81287.0,2834.0,55908.0,39902984.0,5637536.0,,532504.0,,,,10109.0,2920.0,315.0,,20092.0,56262.0
2023-06-28 16:27:56,2023-06-28,86400,,daily_unique_reset_each_window,1,snowflakes-2023-06.tar.xz:snowflakes-2023-06/28/2023-06-28-16-27-56-snowflake-stats,139308.0,114337.0,5073.0,18804.0,1094.0,,79425.0,2883.0,56317.0,39319368.0,5773512.0,,947416.0,,,,10032.0,2844.0,317.0,,19811.0,55916.0
2023-06-29 16:27:56,2023-06-29,86400,,daily_unique_reset_each_window,1,snowflakes-2023-06.tar.xz:snowflakes-2023-06/29/2023-06-29-16-27-56-snowflake-stats,134637.0,109666.0,5033.0,18873.0,1065.0,,77016.0,2419.0,54589.0,38876744.0,5654200.0,,1105888.0,,,,9748.0,2817.0,334.0,,19703.0,52525.0
2023-06-30 16:27:56,2023-06-30,86400,,daily_unique_reset_each_window,1,snowflakes-2023-06.tar.xz:snowflakes-2023-06/30/2023-06-30-16-27-56-snowflake-stats,134396.0,109454.0,5067.0,18877.0,998.0,,76161.0,2529.0,55086.0,39521848.0,5634576.0,,1326768.0,,,,9318.0,2842.0,335.0,,19734.0,53094.0
2023-07-01 16:27:56,2023-07-01,86400,,daily_unique_reset_each_window,1,snowflakes-2023-07.tar.xz:snowflakes-2023-07/01/2023-07-01-16-27-56-snowflake-stats,123208.0,98372.0,4808.0,19116.0,912.0,,70594.0,2397.0,49606.0,38485104.0,5802744.0,,761688.0,,,,9979.0,2737.0,324.0,,18794.0,46363.0
2023-07-02 16:27:56,2023-07-02,86400,,daily_unique_reset_each_window,1,snowflakes-2023-07.tar.xz:snowflakes-2023-07/02/2023-07-02-16-27-56-snowflake-stats,119790.0,96027.0,4732.0,18131.0,900.0,,68974.0,2447.0,47732.0,39225704.0,5847360.0,,1248512.0,,,,9484.0,2641.0,332.0,,18045.0,45818.0
2023-07-03 16:27:56,2023-07-03,86400,,daily_unique_reset_each_window,1,snowflakes-2023-07.tar.xz:snowflakes-2023-07/03/2023-07-03-16-27-56-snowflake-stats,135657.0,110504.0,4792.0,19303.0,1058.0,,76419.0,2756.0,55816.0,40034400.0,5687432.0,,595080.0,,,,9943.0,3168.0,406.0,,18595.0,54418.0
2023-07-04 16:27:56,2023-07-04,86400,,daily_unique_reset_each_window,1,snowflakes-2023-07.tar.xz:snowflakes-2023-07/04/2023-07-04-16-27-56-snowflake-stats,138989.0,114100.0,4777.0,19046.0,1066.0,,79843.0,2813.0,55647.0,40131440.0,5785056.0,,649648.0,,,,9698.0,2879.0,375.0,,19280.0,55662.0
2023-07-05 16:27:56,2023-07-05,86400,,daily_unique_reset_each_window,1,snowflakes-2023-07.tar.xz:snowflakes-2023-07/05/2023-07-05-16-27-56-snowflake-stats,140050.0,114915.0,4888.0,19158.0,1089.0,,80223.0,2780.0,56391.0,39808392.0,5744704.0,,551680.0,,,,10015.0,3010.0,341.0,,19322.0,56154.0
2023-07-06 16:27:56,2023-07-06,86400,,daily_unique_reset_each_window,1,snowflakes-2023-07.tar.xz:snowflakes-2023-07/06/2023-07-06-16-27-56-snowflake-stats,138575.0,113681.0,4850.0,18962.0,1082.0,,79994.0,2759.0,55109.0,39878464.0,5659944.0,,578912.0,,,,9570.0,3038.0,336.0,,20712.0,54236.0
2023-07-07 16:27:56,2023-07-07,86400,,daily_unique_reset_each_window,1,snowflakes-2023-07.tar.xz:snowflakes-2023-07/07/2023-07-07-16-27-56-snowflake-stats,135775.0,110918.0,4802.0,18978.0,1077.0,,78267.0,2704.0,54107.0,40288288.0,5441056.0,,593536.0,,,,9277.0,2891.0,336.0,,20169.0,53028.0
2023-07-08 16:27:56,2023-07-08,86400,,daily_unique_reset_each_window,1,snowflakes-2023-07.tar.xz:snowflakes-2023-07/08/2023-07-08-16-27-56-snowflake-stats,122992.0,97741.0,4762.0,19599.0,890.0,,71729.0,2586.0,48075.0,38497024.0,5723512.0,,583072.0,,,,10452.0,2728.0,323.0,,19182.0,45150.0
2023-07-09 16:27:56,2023-07-09,86400,,daily_unique_reset_each_window,1,snowflakes-2023-07.tar.xz:snowflakes-2023-07/09/2023-07-09-16-27-56-snowflake-stats,119816.0,94897.0,4831.0,19233.0,855.0,,69482.0,2482.0,47258.0,38645096.0,5672224.0,,569272.0,,,,10622.0,2817.0,310.0,,17656.0,45023.0
2023-07-10 16:27:56,2023-07-10,86400,,daily_unique_reset_each_window,1,snowflakes-2023-07.tar.xz:snowflakes-2023-07/10/2023-07-10-16-27-56-snowflake-stats,136778.0,111024.0,4791.0,20002.0,961.0,,78174.0,2617.0,55323.0,40059232.0,5549096.0,,356816.0,,,,11072.0,3003.0,336.0,,19418.0,53625.0
2023-07-11 16:27:56,2023-07-11,86400,,daily_unique_reset_each_window,1,snowflakes-2023-07.tar.xz:snowflakes-2023-07/11/2023-07-11-16-27-56-snowflake-stats,140257.0,115032.0,4785.0,19444.0,996.0,,81021.0,2669.0,55915.0,40151264.0,5572840.0,,677680.0,,,,10963.0,2951.0,345.0,,20390.0,55094.0
2023-07-12 16:27:56,2023-07-12,86400,,daily_unique_reset_each_window,1,snowflakes-2023-07.tar.xz:snowflakes-2023-07/12/2023-07-12-16-27-56-snowflake-stats,141811.0,116327.0,4946.0,19549.0,989.0,,80089.0,2569.0,58521.0,40016544.0,5565776.0,,660536.0,,,,10843.0,2998.0,293.0,,20598.0,56083.0
2023-07-13 16:27:56,2023-07-13,86400,,daily_unique_reset_each_window,1,snowflakes-2023-07.tar.xz:snowflakes-2023-07/13/2023-07-13-16-27-56-snowflake-stats,140762.0,115444.0,4887.0,19460.0,971.0,,79120.0,2778.0,58226.0,40070272.0,5488640.0,,483032.0,,,,10518.0,2913.0,315.0,,20576.0,55820.0
2023-07-14 16:27:56,2023-07-14,86400,,daily_unique_reset_each_window,1,snowflakes-2023-07.tar.xz:snowflakes-2023-07/14/2023-07-14-16-27-56-snowflake-stats,136212.0,111531.0,4796.0,18949.0,936.0,,77773.0,2656.0,55144.0,39963120.0,5277136.0,,338888.0,,,,9708.0,2755.0,319.0,,20389.0,53628.0
2023-07-15 16:27:56,2023-07-15,86400,,daily_unique_reset_each_window,1,snowflakes-2023-07.tar.xz:snowflakes-2023-07/15/2023-07-15-16-27-56-snowflake-stats,123245.0,98368.0,4750.0,19263.0,864.0,,70603.0,2237.0,49819.0,38293608.0,5540400.0,,337304.0,,,,10299.0,2582.0,261.0,,19225.0,46037.0
2023-07-16 16:27:56,2023-07-16,86400,,daily_unique_reset_each_window,1,snowflakes-2023-07.tar.xz:snowflakes-2023-07/16/2023-07-16-16-27-56-snowflake-stats,119189.0,94482.0,4661.0,19118.0,928.0,,68167.0,2433.0,48017.0,38517088.0,5543000.0,,286056.0,,,,10904.0,2720.0,297.0,,17840.0,44761.0
2023-07-17 16:27:56,2023-07-17,86400,,daily_unique_reset_each_window,1,snowflakes-2023-07.tar.xz:snowflakes-2023-07/17/2023-07-17-16-27-56-snowflake-stats,136126.0,110444.0,4749.0,19994.0,939.0,,76696.0,2493.0,56318.0,40637880.0,5370248.0,,283688.0,,,,11366.0,2800.0,288.0,,19475.0,53371.0
2023-07-18 16:27:56,2023-07-18,86400,,daily_unique_reset_each_window,1,snowflakes-2023-07.tar.xz:snowflakes-2023-07/18/2023-07-18-16-27-56-snowflake-stats,139044.0,113120.0,4800.0,20130.0,994.0,,79309.0,2627.0,56476.0,41286464.0,5488112.0,,946832.0,,,,11043.0,2964.0,280.0,,20515.0,53865.0
2023-07-19 16:27:56,2023-07-19,86400,,daily_unique_reset_each_window,1,snowflakes-2023-07.tar.xz:snowflakes-2023-07/19/2023-07-19-16-27-56-snowflake-stats,138577.0,112686.0,4775.0,20133.0,983.0,,78905.0,2672.0,56385.0,41289632.0,5243712.0,,190248.0,,,,10688.0,2941.0,295.0,,20807.0,53555.0
2023-07-20 16:27:56,2023-07-20,86400,,daily_unique_reset_each_window,1,snowflakes-2023-07.tar.xz:snowflakes-2023-07/20/2023-07-20-16-27-56-snowflake-stats,136471.0,111353.0,4760.0,19286.0,1072.0,,78350.0,2456.0,55007.0,40759528.0,5275800.0,,206368.0,,,,9841.0,2948.0,258.0,,20975.0,52450.0
2023-07-21 16:27:56,2023-07-21,86400,,daily_unique_reset_each_window,1,snowflakes-2023-07.tar.xz:snowflakes-2023-07/21/2023-07-21-16-27-56-snowflake-stats,134013.0,108894.0,4757.0,19380.0,982.0,,76377.0,2365.0,54659.0,40617664.0,5105472.0,,129760.0,,,,9480.0,2968.0,252.0,,21341.0,51260.0
2023-07-22 16:27:56,2023-07-22,86400,,daily_unique_reset_each_window,1,snowflakes-2023-07.tar.xz:snowflakes-2023-07/22/2023-07-22-16-27-56-snowflake-stats,121956.0,96870.0,4710.0,19546.0,830.0,,70880.0,2184.0,48268.0,40594504.0,5113696.0,,104608.0,,,,10425.0,2772.0,245.0,,19338.0,44378.0
2023-07-23 16:27:56,2023-07-23,86400,,daily_unique_reset_each_window,1,snowflakes-2023-07.tar.xz:snowflakes-2023-07/23/2023-07-23-16-27-56-snowflake-stats,118260.0,94194.0,4640.0,18544.0,882.0,,68460.0,2120.0,47106.0,41575048.0,5075584.0,,86600.0,,,,10189.0,2733.0,240.0,,17784.0,44051.0
2023-07-24 16:27:56,2023-07-24,86400,,daily_unique_reset_each_window,1,snowflakes-2023-07.tar.xz:snowflakes-2023-07/24/2023-07-24-16-27-56-snowflake-stats,133485.0,109143.0,4752.0,18645.0,945.0,,75244.0,2407.0,55181.0,41846128.0,4911024.0,,102256.0,,,,10033.0,2824.0,246.0,,19669.0,51870.0
2023-07-25 16:27:56,2023-07-25,86400,,daily_unique_reset_each_window,1,snowflakes-2023-07.tar.xz:snowflakes-2023-07/25/2023-07-25-16-27-56-snowflake-stats,137860.0,113179.0,4877.0,18795.0,1009.0,,79603.0,2425.0,55142.0,42852416.0,4561160.0,,137768.0,,,,9697.0,2843.0,281.0,,20693.0,53388.0
2023-07-26 16:27:56,2023-07-26,86400,,daily_unique_reset_each_window,1,snowflakes-2023-07.tar.xz:snowflakes-2023-07/26/2023-07-26-16-27-56-snowflake-stats,138393.0,112666.0,4780.0,19997.0,950.0,,80100.0,2462.0,55207.0,42983824.0,4491336.0,,25920.0,,,,10485.0,2922.0,260.0,,20966.0,53354.0
2023-07-27 16:27:56,2023-07-27,86400,,daily_unique_reset_each_window,1,snowflakes-2023-07.tar.xz:snowflakes-2023-07/27/2023-07-27-16-27-56-snowflake-stats,136024.0,111336.0,4762.0,18955.0,971.0,,79406.0,2366.0,53640.0,42835424.0,4360072.0,,9872.0,,,,9040.0,2934.0,315.0,,21154.0,52381.0
2023-07-28 16:27:56,2023-07-28,86400,,daily_unique_reset_each_window,1,snowflakes-2023-07.tar.xz:snowflakes-2023-07/28/2023-07-28-16-27-56-snowflake-stats,133416.0,108546.0,4786.0,19077.0,1007.0,,77387.0,2473.0,52925.0,42690496.0,4296520.0,,2472.0,,,,8959.0,2953.0,278.0,,21070.0,51178.0
2023-07-29 16:27:56,2023-07-29,86400,,daily_unique_reset_each_window,1,snowflakes-2023-07.tar.xz:snowflakes-2023-07/29/2023-07-29-16-27-56-snowflake-stats,123102.0,98230.0,4719.0,19323.0,830.0,,72262.0,2267.0,47990.0,41611392.0,4497032.0,,5208.0,,,,10069.0,2646.0,286.0,1.0,20011.0,45555.0
2023-07-30 16:27:56,2023-07-30,86400,,daily_unique_reset_each_window,1,snowflakes-2023-07.tar.xz:snowflakes-2023-07/30/2023-07-30-16-27-56-snowflake-stats,120781.0,95695.0,4736.0,19047.0,1303.0,,70580.0,2314.0,47299.0,41745336.0,4446328.0,,2224.0,,,,10045.0,2723.0,274.0,,19098.0,44357.0
2023-07-31 16:27:56,2023-07-31,86400,,daily_unique_reset_each_window,1,snowflakes-2023-07.tar.xz:snowflakes-2023-07/31/2023-07-31-16-27-56-snowflake-stats,133703.0,108813.0,4825.0,18994.0,1071.0,,76737.0,2635.0,53690.0,42542952.0,4719960.0,,17496.0,,,,9911.0,2919.0,354.0,,20321.0,51110.0
2023-08-01 16:27:56,2023-08-01,86400,,daily_unique_reset_each_window,1,snowflakes-2023-08.tar.xz:snowflakes-2023-08/01/2023-08-01-16-27-56-snowflake-stats,137560.0,111725.0,4752.0,20115.0,968.0,,79448.0,2536.0,54904.0,41885528.0,5329040.0,,84832.0,,,,10523.0,2972.0,317.0,,20990.0,52541.0
2023-08-02 16:27:56,2023-08-02,86400,,daily_unique_reset_each_window,1,snowflakes-2023-08.tar.xz:snowflakes-2023-08/02/2023-08-02-16-27-56-snowflake-stats,136648.0,110541.0,4811.0,20289.0,1007.0,,79421.0,2571.0,54009.0,41515576.0,5487416.0,,53752.0,,,,10188.0,2994.0,370.0,,21337.0,51720.0
2023-08-03 16:27:56,2023-08-03,86400,,daily_unique_reset_each_window,1,snowflakes-2023-08.tar.xz:snowflakes-2023-08/03/2023-08-03-16-27-56-snowflake-stats,135728.0,110017.0,4762.0,19991.0,958.0,,78288.0,2585.0,54230.0,41805632.0,5289496.0,,11128.0,,,,9864.0,3069.0,362.0,,20700.0,51303.0
2023-08-04 16:27:56,2023-08-04,86400,,daily_unique_reset_each_window,1,snowflakes-2023-08.tar.xz:snowflakes-2023-08/04/2023-08-04-16-27-56-snowflake-stats,133762.0,108170.0,4780.0,19847.0,965.0,,77626.0,2436.0,53054.0,42844576.0,4442704.0,,37976.0,,,,9759.0,2920.0,328.0,,20813.0,50592.0
2023-08-05 16:27:56,2023-08-05,86400,,daily_unique_reset_each_window,1,snowflakes-2023-08.tar.xz:snowflakes-2023-08/05/2023-08-05-16-27-56-snowflake-stats,124359.0,98252.0,4680.0,20586.0,841.0,,72957.0,2432.0,48409.0,41825704.0,4540872.0,,5760.0,,,,11055.0,2785.0,274.0,1.0,19656.0,44391.0
2023-08-06 16:27:56,2023-08-06,86400,,daily_unique_reset_each_window,1,snowflakes-2023-08.tar.xz:snowflakes-2023-08/06/2023-08-06-16-27-56-snowflake-stats,122411.0,96114.0,4660.0,20768.0,869.0,,70745.0,2318.0,48744.0,41794728.0,4660224.0,,15992.0,,,,11359.0,2784.0,280.0,,18709.0,44301.0
2023-08-07 16:27:56,2023-08-07,86400,,daily_unique_reset_each_window,1,snowflakes-2023-08.tar.xz:snowflakes-2023-08/07/2023-08-07-16-27-56-snowflake-stats,137734.0,110758.0,4759.0,21262.0,955.0,,79207.0,2608.0,55293.0,43753872.0,4664496.0,,15768.0,,,,11918.0,2979.0,325.0,,20771.0,51882.0
2023-08-08 16:27:56,2023-08-08,86400,,daily_unique_reset_each_window,1,snowflakes-2023-08.tar.xz:snowflakes-2023-08/08/2023-08-08-16-27-56-snowflake-stats,139657.0,112393.0,4804.0,21527.0,933.0,,80609.0,2563.0,55708.0,44308224.0,4636664.0,,18688.0,,,,11677.0,3080.0,291.0,,21849.0,52246.0
2023-08-09 16:27:56,2023-08-09,86400,,daily_unique_reset_each_window,1,snowflakes-2023-08.tar.xz:snowflakes-2023-08/09/2023-08-09-16-27-56-snowflake-stats,141303.0,113730.0,4805.0,21857.0,911.0,,80283.0,2551.0,57774.0,44304304.0,4642464.0,,11776.0,,,,11805.0,3059.0,330.0,,21942.0,53025.0
2023-08-10 16:27:56,2023-08-10,86400,,daily_unique_reset_each_window,1,snowflakes-2023-08.tar.xz:snowflakes-2023-08/10/2023-08-10-16-27-56-snowflake-stats,139274.0,111608.0,4796.0,21967.0,903.0,,78771.0,2462.0,57330.0,45069128.0,4757424.0,,12424.0,,,,11588.0,3127.0,355.0,,21826.0,51518.0
2023-08-11 16:27:56,2023-08-11,86400,,daily_unique_reset_each_window,1,snowflakes-2023-08.tar.xz:snowflakes-2023-08/11/2023-08-11-16-27-56-snowflake-stats,135135.0,107746.0,4740.0,21820.0,829.0,,76875.0,2301.0,55202.0,47005160.0,4479144.0,,1792.0,,,,11090.0,3250.0,298.0,,21276.0,49583.0
2023-08-12 16:27:56,2023-08-12,86400,,daily_unique_reset_each_window,1,snowflakes-2023-08.tar.xz:snowflakes-2023-08/12/2023-08-12-16-27-56-snowflake-stats,125238.0,97091.0,4711.0,22606.0,830.0,,72360.0,2176.0,49991.0,45892320.0,4679552.0,,22632.0,,,,12263.0,3061.0,303.0,,19994.0,43705.0
2023-08-13 16:27:56,2023-08-13,86400,,daily_unique_reset_each_window,1,snowflakes-2023-08.tar.xz:snowflakes-2023-08/13/2023-08-13-16-27-56-snowflake-stats,121807.0,94072.0,4652.0,22271.0,812.0,,70792.0,2217.0,48199.0,46026888.0,4624968.0,,3768.0,,,,12205.0,3067.0,291.0,,19499.0,42485.0
2023-08-14 16:27:56,2023-08-14,86400,,daily_unique_reset_each_window,1,snowflakes-2023-08.tar.xz:snowflakes-2023-08/14/2023-08-14-16-27-56-snowflake-stats,135689.0,107560.0,4754.0,22479.0,896.0,,77102.0,2485.0,55461.0,47369640.0,4605952.0,,10232.0,,,,12387.0,3174.0,284.0,,20625.0,49890.0
2023-08-15 16:27:56,2023-08-15,86400,,daily_unique_reset_each_window,1,snowflakes-2023-08.tar.xz:snowflakes-2023-08/15/2023-08-15-16-27-56-snowflake-stats,138732.0,110038.0,4832.0,22923.0,938.0,,80150.0,2607.0,55295.0,44811560.0,4480184.0,,576.0,,,,12959.0,3278.0,264.0,,21463.0,51228.0
2023-08-16 16:27:56,2023-08-16,86400,,daily_unique_reset_each_window,1,snowflakes-2023-08.tar.xz:snowflakes-2023-08/16/2023-08-16-16-27-56-snowflake-stats,141222.0,111633.0,4842.0,23828.0,919.0,,81222.0,2611.0,56688.0,44316488.0,4539560.0,,18184.0,,,,12987.0,3284.0,302.0,,22133.0,51261.0
2023-08-17 16:27:56,2023-08-17,86400,,daily_unique_reset_each_window,1,snowflakes-2023-08.tar.xz:snowflakes-2023-08/17/2023-08-17-16-27-56-snowflake-stats,140102.0,110487.0,4839.0,23869.0,907.0,,80486.0,2541.0,56468.0,44414600.0,4512128.0,,21808.0,,,,13378.0,3244.0,332.0,,21641.0,50519.0
2023-08-18 16:27:56,2023-08-18,86400,,daily_unique_reset_each_window,1,snowflakes-2023-08.tar.xz:snowflakes-2023-08/18/2023-08-18-16-27-56-snowflake-stats,137853.0,107861.0,4929.0,24124.0,939.0,,79129.0,2659.0,55384.0,43709144.0,4475280.0,,2288.0,,,,13022.0,3166.0,317.0,,21641.0,49315.0
2023-08-19 16:27:56,2023-08-19,86400,,daily_unique_reset_each_window,1,snowflakes-2023-08.tar.xz:snowflakes-2023-08/19/2023-08-19-16-27-56-snowflake-stats,126963.0,97570.0,4809.0,23800.0,784.0,,74174.0,2571.0,49625.0,43268352.0,4639520.0,,20088.0,,,,13391.0,3088.0,280.0,,20772.0,43172.0
2023-08-20 16:27:56,2023-08-20,86400,,daily_unique_reset_each_window,1,snowflakes-2023-08.tar.xz:snowflakes-2023-08/20/2023-08-20-16-27-56-snowflake-stats,122816.0,94833.0,4861.0,22333.0,789.0,,71541.0,2559.0,48037.0,43750208.0,4577264.0,,4392.0,,,,12760.0,2980.0,307.0,,19554.0,42222.0
2023-08-21 16:27:56,2023-08-21,86400,,daily_unique_reset_each_window,1,snowflakes-2023-08.tar.xz:snowflakes-2023-08/21/2023-08-21-16-27-56-snowflake-stats,139085.0,109647.0,4985.0,23601.0,852.0,,78740.0,2750.0,56905.0,45007528.0,4449432.0,,1776.0,,,,14085.0,3331.0,301.0,,20925.0,50001.0
2023-08-22 16:27:56,2023-08-22,86400,,daily_unique_reset_each_window,1,snowflakes-2023-08.tar.xz:snowflakes-2023-08/22/2023-08-22-16-27-56-snowflake-stats,142682.0,112962.0,4901.0,24006.0,813.0,,82597.0,2588.0,56786.0,45708960.0,4534736.0,,33384.0,,,,14149.0,3308.0,338.0,,21839.0,51093.0
2023-08-23 16:27:56,2023-08-23,86400,,daily_unique_reset_each_window,1,snowflakes-2023-08.tar.xz:snowflakes-2023-08/23/2023-08-23-16-27-56-snowflake-stats,143929.0,114267.0,4923.0,23826.0,912.0,,83592.0,2628.0,56992.0,46176864.0,4439480.0,,2000.0,,,,13652.0,3270.0,390.0,,22157.0,51538.0
2023-08-24 16:27:56,2023-08-24,86400,,daily_unique_reset_each_window,1,snowflakes-2023-08.tar.xz:snowflakes-2023-08/24/2023-08-24-16-27-56-snowflake-stats,141892.0,111976.0,4974.0,24019.0,923.0,,81892.0,2560.0,56728.0,46373264.0,4388496.0,,12912.0,,,,13300.0,3201.0,336.0,,22291.0,50379.0
2023-08-25 16:27:56,2023-08-25,86400,,daily_unique_reset_each_window,1,snowflakes-2023-08.tar.xz:snowflakes-2023-08/25/2023-08-25-16-27-56-snowflake-stats,141272.0,112115.0,4957.0,23316.0,884.0,,81128.0,2619.0,56769.0,45787336.0,4359304.0,,2088.0,,,,12740.0,3268.0,368.0,,22851.0,50351.0
2023-08-26 16:27:56,2023-08-26,86400,,daily_unique_reset_each_window,1,snowflakes-2023-08.tar.xz:snowflakes-2023-08/26/2023-08-26-16-27-56-snowflake-stats,130274.0,100726.0,4897.0,23877.0,774.0,,76884.0,2323.0,50348.0,45169904.0,4474808.0,,3296.0,,,,13704.0,3071.0,320.0,,21710.0,44217.0
2023-08-27 16:27:56,2023-08-27,86400,,daily_unique_reset_each_window,1,snowflakes-2023-08.tar.xz:snowflakes-2023-08/27/2023-08-27-16-27-56-snowflake-stats,127621.0,99068.0,4856.0,22906.0,791.0,,74498.0,2467.0,50014.0,45164072.0,4438024.0,,2944.0,,,,13161.0,3068.0,352.0,,20479.0,44350.0
2023-08-28 16:27:56,2023-08-28,86400,,daily_unique_reset_each_window,1,snowflakes-2023-08.tar.xz:snowflakes-2023-08/28/2023-08-28-16-27-56-snowflake-stats,140542.0,109614.0,4873.0,25171.0,884.0,,80283.0,2184.0,57354.0,29858712.0,14267400.0,,3540088.0,,,,13884.0,3243.0,343.0,,22158.0,50407.0
2023-08-29 16:27:56,2023-08-29,86400,,daily_unique_reset_each_window,1,snowflakes-2023-08.tar.xz:snowflakes-2023-08/29/2023-08-29-16-27-56-snowflake-stats,141573.0,110844.0,4884.0,24845.0,999.0,,81080.0,1563.0,58160.0,31712360.0,12446072.0,,2246552.0,,,,14008.0,3271.0,344.0,,21882.0,50616.0
2023-08-30 16:27:56,2023-08-30,86400,,daily_unique_reset_each_window,1,snowflakes-2023-08.tar.xz:snowflakes-2023-08/30/2023-08-30-16-27-56-snowflake-stats,141522.0,111030.0,5008.0,24618.0,865.0,,81493.0,1621.0,57669.0,34009056.0,10370560.0,,1233072.0,,,,13271.0,3184.0,375.0,,21714.0,51150.0
2023-08-31 16:27:56,2023-08-31,86400,,daily_unique_reset_each_window,1,snowflakes-2023-08.tar.xz:snowflakes-2023-08/31/2023-08-31-16-27-56-snowflake-stats,142907.0,112467.0,4872.0,24670.0,898.0,,82127.0,2226.0,57843.0,46689984.0,4089544.0,,10880.0,,,,13371.0,3258.0,371.0,,22027.0,50996.0
2023-09-01 16:27:56,2023-09-01,86400,,daily_unique_reset_each_window,1,snowflakes-2023-09.tar.xz:snowflakes-2023-09/01/2023-09-01-16-27-56-snowflake-stats,140772.0,111800.0,4829.0,23242.0,901.0,,81542.0,2509.0,55916.0,46330736.0,4023600.0,,1256.0,,,,11534.0,3240.0,364.0,,21747.0,50977.0
2023-09-02 16:27:56,2023-09-02,86400,,daily_unique_reset_each_window,1,snowflakes-2023-09.tar.xz:snowflakes-2023-09/02/2023-09-02-16-27-56-snowflake-stats,128104.0,99389.0,4600.0,23226.0,889.0,,75834.0,2362.0,49246.0,44592824.0,4182992.0,,1280.0,,,,12282.0,3004.0,330.0,,20497.0,43333.0
2023-09-03 16:27:56,2023-09-03,86400,,daily_unique_reset_each_window,1,snowflakes-2023-09.tar.xz:snowflakes-2023-09/03/2023-09-03-16-27-56-snowflake-stats,123594.0,95459.0,4793.0,22562.0,780.0,,72531.0,2391.0,48028.0,46161496.0,4201856.0,,1008.0,,,,12547.0,2947.0,327.0,,19419.0,42188.0
2023-09-04 16:27:56,2023-09-04,86400,,daily_unique_reset_each_window,1,snowflakes-2023-09.tar.xz:snowflakes-2023-09/04/2023-09-04-16-27-56-snowflake-stats,139114.0,110510.0,4835.0,22897.0,872.0,,80136.0,2810.0,55504.0,48261960.0,4031328.0,,9264.0,,,,12496.0,3387.0,344.0,,20291.0,50216.0
2023-09-05 16:27:56,2023-09-05,86400,,daily_unique_reset_each_window,1,snowflakes-2023-09.tar.xz:snowflakes-2023-09/05/2023-09-05-16-27-56-snowflake-stats,145002.0,115518.0,5188.0,23322.0,974.0,,84356.0,2641.0,57231.0,48710656.0,3930552.0,,7088.0,,,,12843.0,3293.0,316.0,,21628.0,52494.0
2023-09-06 16:27:56,2023-09-06,86400,,daily_unique_reset_each_window,1,snowflakes-2023-09.tar.xz:snowflakes-2023-09/06/2023-09-06-16-27-56-snowflake-stats,146161.0,116376.0,4925.0,23944.0,916.0,,84692.0,2653.0,58104.0,48715648.0,3870112.0,,5496.0,,,,13224.0,3389.0,356.0,,23653.0,51145.0
2023-09-07 16:27:56,2023-09-07,86400,,daily_unique_reset_each_window,1,snowflakes-2023-09.tar.xz:snowflakes-2023-09/07/2023-09-07-16-27-56-snowflake-stats,143791.0,115059.0,4992.0,22838.0,902.0,,84490.0,2510.0,56033.0,48217960.0,3917552.0,,16.0,,,,11799.0,3387.0,311.0,,22941.0,51095.0
2023-09-08 16:27:56,2023-09-08,86400,,daily_unique_reset_each_window,1,snowflakes-2023-09.tar.xz:snowflakes-2023-09/08/2023-09-08-16-27-56-snowflake-stats,142123.0,113238.0,4852.0,23101.0,932.0,,82658.0,2498.0,56217.0,47867568.0,3939528.0,,104.0,,,,11951.0,3432.0,369.0,,22994.0,50111.0
2023-09-09 16:27:56,2023-09-09,86400,,daily_unique_reset_each_window,1,snowflakes-2023-09.tar.xz:snowflakes-2023-09/09/2023-09-09-16-27-56-snowflake-stats,129711.0,101145.0,4812.0,22910.0,844.0,,76807.0,2277.0,49944.0,46663904.0,4053760.0,,544.0,,,,12280.0,3191.0,310.0,,21895.0,43294.0
2023-09-10 16:27:56,2023-09-10,86400,,daily_unique_reset_each_window,1,snowflakes-2023-09.tar.xz:snowflakes-2023-09/10/2023-09-10-16-27-56-snowflake-stats,125572.0,97815.0,4799.0,22233.0,725.0,,74061.0,2443.0,48424.0,47105952.0,3937736.0,,6488.0,,,,12250.0,3001.0,335.0,,19724.0,43036.0
2023-09-11 16:27:56,2023-09-11,86400,,daily_unique_reset_each_window,1,snowflakes-2023-09.tar.xz:snowflakes-2023-09/11/2023-09-11-16-27-56-snowflake-stats,140501.0,111160.0,4802.0,23733.0,806.0,,80580.0,2347.0,56916.0,33449024.0,11887400.0,,869096.0,,,,12583.0,3412.0,316.0,,21199.0,49797.0
2023-09-12 16:27:56,2023-09-12,86400,,daily_unique_reset_each_window,1,snowflakes-2023-09.tar.xz:snowflakes-2023-09/12/2023-09-12-16-27-56-snowflake-stats,144575.0,115277.0,4829.0,23658.0,809.0,,83940.0,1992.0,57894.0,45532312.0,4145288.0,,115072.0,,,,11811.0,3463.0,358.0,,22630.0,51228.0
2023-09-13 16:27:56,2023-09-13,86400,,daily_unique_reset_each_window,1,snowflakes-2023-09.tar.xz:snowflakes-2023-09/13/2023-09-13-16-27-56-snowflake-stats,150005.0,120406.0,4791.0,23965.0,843.0,,85243.0,2693.0,61333.0,47008648.0,3885896.0,,680.0,,,,12027.0,3418.0,347.0,,23361.0,54355.0
2023-09-14 16:27:56,2023-09-14,86400,,daily_unique_reset_each_window,1,snowflakes-2023-09.tar.xz:snowflakes-2023-09/14/2023-09-14-16-27-56-snowflake-stats,147482.0,119519.0,4613.0,22532.0,818.0,,84335.0,2748.0,59699.0,47026464.0,3827344.0,,296.0,,,,10965.0,3423.0,302.0,,23600.0,53379.0
2023-09-15 16:27:56,2023-09-15,86400,,daily_unique_reset_each_window,1,snowflakes-2023-09.tar.xz:snowflakes-2023-09/15/2023-09-15-16-27-56-snowflake-stats,143803.0,116295.0,4655.0,22001.0,851.0,,83335.0,2725.0,56998.0,46748320.0,3746888.0,,448.0,,,,10656.0,3301.0,320.0,,23338.0,51881.0
2023-09-16 16:27:56,2023-09-16,86400,,daily_unique_reset_each_window,1,snowflakes-2023-09.tar.xz:snowflakes-2023-09/16/2023-09-16-16-27-56-snowflake-stats,130365.0,102514.0,4552.0,22536.0,763.0,,76465.0,2606.0,50683.0,44504944.0,3910936.0,,224.0,,,,11538.0,3111.0,325.0,,21519.0,44155.0
2023-09-17 16:27:56,2023-09-17,86400,,daily_unique_reset_each_window,1,snowflakes-2023-09.tar.xz:snowflakes-2023-09/17/2023-09-17-16-27-56-snowflake-stats,128812.0,100971.0,4514.0,22578.0,749.0,,75312.0,2605.0,50266.0,44363464.0,3961896.0,,88.0,,,,11929.0,3181.0,292.0,,20674.0,43939.0
2023-09-18 16:27:56,2023-09-18,86400,,daily_unique_reset_each_window,1,snowflakes-2023-09.tar.xz:snowflakes-2023-09/18/2023-09-18-16-27-56-snowflake-stats,145430.0,117049.0,4518.0,23020.0,843.0,,83845.0,2802.0,58082.0,45713344.0,3974328.0,,3040.0,,,,12348.0,3389.0,333.0,,21931.0,52184.0
2023-09-19 16:27:56,2023-09-19,86400,,daily_unique_reset_each_window,1,snowflakes-2023-09.tar.xz:snowflakes-2023-09/19/2023-09-19-16-27-56-snowflake-stats,149558.0,120929.0,4562.0,23220.0,847.0,,87778.0,2937.0,58181.0,44399216.0,4040824.0,,4144.0,,,,12260.0,3455.0,322.0,,23846.0,53205.0
2023-09-20 16:27:56,2023-09-20,86400,,daily_unique_reset_each_window,1,snowflakes-2023-09.tar.xz:snowflakes-2023-09/20/2023-09-20-16-27-56-snowflake-stats,148408.0,119489.0,4602.0,23477.0,840.0,,87830.0,2911.0,56963.0,42838792.0,3920512.0,,2680.0,,,,12288.0,3418.0,327.0,,23786.0,51906.0
2023-09-21 16:27:56,2023-09-21,86400,,daily_unique_reset_each_window,1,snowflakes-2023-09.tar.xz:snowflakes-2023-09/21/2023-09-21-16-27-56-snowflake-stats,149511.0,120239.0,4406.0,23899.0,967.0,,88336.0,2701.0,57680.0,48948424.0,1787784.0,,0.0,,,,11949.0,3379.0,357.0,,24008.0,52195.0
2023-09-22 16:27:56,2023-09-22,86400,,daily_unique_reset_each_window,1,snowflakes-2023-09.tar.xz:snowflakes-2023-09/22/2023-09-22-16-27-56-snowflake-stats,145919.0,118077.0,4486.0,22432.0,924.0,,86103.0,2997.0,56099.0,51213224.0,1279264.0,,0.0,,,,10215.0,3444.0,355.0,,23445.0,51950.0
2023-09-23 16:27:56,2023-09-23,86400,,daily_unique_reset_each_window,1,snowflakes-2023-09.tar.xz:snowflakes-2023-09/23/2023-09-23-16-27-56-snowflake-stats,131867.0,104274.0,4348.0,22380.0,865.0,,78576.0,2846.0,49812.0,50859112.0,1241880.0,,5536.0,,,,10876.0,3262.0,338.0,,21835.0,45634.0
2023-09-24 16:27:56,2023-09-24,86400,,daily_unique_reset_each_window,1,snowflakes-2023-09.tar.xz:snowflakes-2023-09/24/2023-09-24-16-27-56-snowflake-stats,124944.0,99257.0,4349.0,20580.0,758.0,,74542.0,2862.0,46915.0,50206280.0,1218160.0,,0.0,,,,9290.0,3132.0,362.0,,19802.0,44148.0
2023-09-25 16:27:56,2023-09-25,86400,,daily_unique_reset_each_window,1,snowflakes-2023-09.tar.xz:snowflakes-2023-09/25/2023-09-25-16-27-56-snowflake-stats,141380.0,114985.0,4351.0,21197.0,846.0,,82080.0,3135.0,55533.0,52187552.0,1183168.0,,0.0,,,,9795.0,3443.0,351.0,,22122.0,50828.0
2023-09-26 16:27:56,2023-09-26,86400,,daily_unique_reset_each_window,1,snowflakes-2023-09.tar.xz:snowflakes-2023-09/26/2023-09-26-16-27-56-snowflake-stats,145402.0,118673.0,4417.0,21489.0,823.0,,85609.0,3344.0,55774.0,52611712.0,1212192.0,,0.0,,,,9978.0,3371.0,352.0,,23413.0,51894.0
2023-09-27 16:27:56,2023-09-27,86400,,daily_unique_reset_each_window,1,snowflakes-2023-09.tar.xz:snowflakes-2023-09/27/2023-09-27-16-27-56-snowflake-stats,144242.0,117600.0,4383.0,21465.0,794.0,,83143.0,3295.0,57168.0,52121208.0,1309480.0,,832.0,,,,9939.0,3438.0,387.0,,22322.0,51980.0
2023-09-28 16:27:56,2023-09-28,86400,,daily_unique_reset_each_window,1,snowflakes-2023-09.tar.xz:snowflakes-2023-09/28/2023-09-28-16-27-56-snowflake-stats,142069.0,115486.0,4389.0,21322.0,872.0,,82359.0,3023.0,56033.0,51184912.0,1385880.0,,584.0,,,,9687.0,3372.0,333.0,,22376.0,50763.0
2023-09-29 16:27:56,2023-09-29,86400,,daily_unique_reset_each_window,1,snowflakes-2023-09.tar.xz:snowflakes-2023-09/29/2023-09-29-16-27-56-snowflake-stats,140361.0,113902.0,4384.0,21187.0,888.0,,80823.0,2940.0,55949.0,50431456.0,1456496.0,,0.0,,,,9161.0,3339.0,317.0,,22271.0,51145.0
2023-09-30 16:27:56,2023-09-30,86400,,daily_unique_reset_each_window,1,snowflakes-2023-09.tar.xz:snowflakes-2023-09/30/2023-09-30-16-27-56-snowflake-stats,127710.0,101118.0,4340.0,21496.0,756.0,,75782.0,2673.0,48664.0,49227384.0,1551768.0,,0.0,,,,9850.0,3057.0,312.0,,20991.0,43914.0
2023-10-01 16:27:56,2023-10-01,86400,,daily_unique_reset_each_window,1,snowflakes-2023-10.tar.xz:snowflakes-2023-10/01/2023-10-01-16-27-56-snowflake-stats,122550.0,96723.0,4341.0,20762.0,724.0,,72267.0,2563.0,47142.0,48714728.0,1546824.0,,0.0,,,,9839.0,3082.0,268.0,,19436.0,42147.0
2023-10-02 16:27:56,2023-10-02,86400,,daily_unique_reset_each_window,1,snowflakes-2023-10.tar.xz:snowflakes-2023-10/02/2023-10-02-16-27-56-snowflake-stats,136742.0,110198.0,4313.0,21446.0,785.0,,79574.0,2802.0,53766.0,49944584.0,1580208.0,,0.0,,,,9962.0,3480.0,282.0,,21363.0,47186.0
2023-10-03 16:27:56,2023-10-03,86400,,daily_unique_reset_each_window,1,snowflakes-2023-10.tar.xz:snowflakes-2023-10/03/2023-10-03-16-27-56-snowflake-stats,139333.0,112325.0,4374.0,21803.0,831.0,,81711.0,3108.0,53882.0,50105000.0,1614616.0,,0.0,,,,9706.0,3509.0,308.0,,22346.0,47138.0
2023-10-04 16:27:56,2023-10-04,86400,,daily_unique_reset_each_window,1,snowflakes-2023-10.tar.xz:snowflakes-2023-10/04/2023-10-04-16-27-56-snowflake-stats,143440.0,116832.0,4327.0,21478.0,803.0,,83976.0,2916.0,55852.0,49422856.0,1790576.0,,113384.0,,,,9917.0,3395.0,315.0,,22847.0,50726.0
2023-10-05 16:27:56,2023-10-05,86400,,daily_unique_reset_each_window,1,snowflakes-2023-10.tar.xz:snowflakes-2023-10/05/2023-10-05-16-27-56-snowflake-stats,144793.0,117351.0,4424.0,22166.0,852.0,,83891.0,3010.0,57253.0,49142608.0,1710184.0,,0.0,,,,9889.0,3280.0,325.0,,22976.0,51402.0
2023-10-06 16:27:56,2023-10-06,86400,,daily_unique_reset_each_window,1,snowflakes-2023-10.tar.xz:snowflakes-2023-10/06/2023-10-06-16-27-56-snowflake-stats,140536.0,114210.0,4333.0,21127.0,866.0,,81190.0,2931.0,55783.0,48589752.0,1690128.0,,592.0,,,,9051.0,3260.0,308.0,,22172.0,50513.0
2023-10-07 16:27:56,2023-10-07,86400,,daily_unique_reset_each_window,1,snowflakes-2023-10.tar.xz:snowflakes-2023-10/07/2023-10-07-16-27-56-snowflake-stats,130726.0,103714.0,4378.0,21848.0,786.0,,77081.0,2654.0,50420.0,48019744.0,1734560.0,,0.0,,,,9997.0,3188.0,346.0,,20923.0,45111.0
2023-10-08 16:27:56,2023-10-08,86400,,daily_unique_reset_each_window,1,snowflakes-2023-10.tar.xz:snowflakes-2023-10/08/2023-10-08-16-27-56-snowflake-stats,126926.0,100561.0,4318.0,21270.0,777.0,,74636.0,2657.0,49050.0,47713000.0,1777536.0,,0.0,,,,10066.0,3110.0,363.0,,19837.0,44506.0
2023-10-09 16:27:56,2023-10-09,86400,,daily_unique_reset_each_window,1,snowflakes-2023-10.tar.xz:snowflakes-2023-10/09/2023-10-09-16-27-56-snowflake-stats,141804.0,114546.0,4337.0,21969.0,952.0,,81437.0,2934.0,56750.0,48712672.0,1875536.0,,0.0,,,,10409.0,3426.0,396.0,,21526.0,50975.0
2023-10-10 16:27:56,2023-10-10,86400,,daily_unique_reset_each_window,1,snowflakes-2023-10.tar.xz:snowflakes-2023-10/10/2023-10-10-16-27-56-snowflake-stats,146071.0,118323.0,4409.0,22535.0,804.0,,84574.0,2904.0,57912.0,49123200.0,1882688.0,,0.0,,,,10610.0,3429.0,363.0,,22908.0,51443.0
2023-10-11 16:27:56,2023-10-11,86400,,daily_unique_reset_each_window,1,snowflakes-2023-10.tar.xz:snowflakes-2023-10/11/2023-10-11-16-27-56-snowflake-stats,147916.0,120629.0,4403.0,22097.0,787.0,,83547.0,3009.0,60687.0,48660440.0,1986720.0,,0.0,,,,10077.0,3326.0,378.0,,23689.0,52574.0
2023-10-12 16:27:56,2023-10-12,86400,,daily_unique_reset_each_window,1,snowflakes-2023-10.tar.xz:snowflakes-2023-10/12/2023-10-12-16-27-56-snowflake-stats,147364.0,119899.0,4386.0,22180.0,899.0,,81894.0,2990.0,61856.0,49181744.0,2038544.0,,264.0,,,,10235.0,3624.0,395.0,,23317.0,52665.0
2023-10-13 16:27:56,2023-10-13,86400,,daily_unique_reset_each_window,1,snowflakes-2023-10.tar.xz:snowflakes-2023-10/13/2023-10-13-16-27-56-snowflake-stats,144937.0,117399.0,4394.0,22319.0,825.0,,82518.0,2842.0,58936.0,48780704.0,2051496.0,,360.0,,,,9928.0,3575.0,389.0,,22766.0,51925.0
2023-10-14 16:27:56,2023-10-14,86400,,daily_unique_reset_each_window,1,snowflakes-2023-10.tar.xz:snowflakes-2023-10/14/2023-10-14-16-27-56-snowflake-stats,133040.0,105979.0,4376.0,21909.0,776.0,,76840.0,2698.0,52926.0,47309624.0,2078056.0,,0.0,,,,10608.0,3285.0,355.0,,21517.0,46167.0
2023-10-15 16:27:56,2023-10-15,86400,,daily_unique_reset_each_window,1,snowflakes-2023-10.tar.xz:snowflakes-2023-10/15/2023-10-15-16-27-56-snowflake-stats,129830.0,103646.0,4301.0,21105.0,778.0,,76002.0,2700.0,50550.0,47383568.0,2040976.0,,0.0,,,,10204.0,3258.0,350.0,,20261.0,46140.0
2023-10-16 16:27:56,2023-10-16,86400,,daily_unique_reset_each_window,1,snowflakes-2023-10.tar.xz:snowflakes-2023-10/16/2023-10-16-16-27-56-snowflake-stats,145935.0,118660.0,4419.0,22018.0,838.0,,83623.0,3125.0,58573.0,48419264.0,2020416.0,,104.0,,,,10094.0,3687.0,349.0,,22046.0,53021.0
2023-10-17 16:42:15,2023-10-17,86400,,daily_unique_reset_each_window,1,snowflakes-2023-10.tar.xz:snowflakes-2023-10/17/2023-10-17-16-42-15-snowflake-stats,149530.0,121704.0,4399.0,22572.0,855.0,,86412.0,2948.0,59465.0,48844384.0,1723016.0,,8.0,,,,9884.0,3636.0,355.0,,23752.0,53207.0
2023-10-18 16:42:15,2023-10-18,86400,,daily_unique_reset_each_window,1,snowflakes-2023-10.tar.xz:snowflakes-2023-10/18/2023-10-18-16-42-15-snowflake-stats,148843.0,120799.0,4393.0,22783.0,868.0,,85622.0,2891.0,59570.0,48658120.0,1789728.0,,0.0,,,,10228.0,3607.0,359.0,,23884.0,52245.0
2023-10-19 16:42:15,2023-10-19,86400,,daily_unique_reset_each_window,1,snowflakes-2023-10.tar.xz:snowflakes-2023-10/19/2023-10-19-16-42-15-snowflake-stats,147715.0,119591.0,4415.0,22775.0,934.0,,85149.0,2862.0,58972.0,48452448.0,1759856.0,,32.0,,,,9859.0,3564.0,382.0,,23852.0,51739.0
2023-10-20 16:42:15,2023-10-20,86400,,daily_unique_reset_each_window,1,snowflakes-2023-10.tar.xz:snowflakes-2023-10/20/2023-10-20-16-42-15-snowflake-stats,146077.0,117710.0,4536.0,23004.0,827.0,,84438.0,2679.0,58277.0,48281848.0,1785696.0,,163696.0,,,,9679.0,3523.0,378.0,,24131.0,51498.0
2023-10-21 16:42:15,2023-10-21,86400,,daily_unique_reset_each_window,1,snowflakes-2023-10.tar.xz:snowflakes-2023-10/21/2023-10-21-16-42-15-snowflake-stats,132864.0,105444.0,4305.0,22356.0,759.0,,78327.0,2714.0,51174.0,47428112.0,1697416.0,,0.0,,,,10246.0,3364.0,341.0,,21995.0,45014.0
2023-10-22 16:42:15,2023-10-22,86400,,daily_unique_reset_each_window,1,snowflakes-2023-10.tar.xz:snowflakes-2023-10/22/2023-10-22-16-42-15-snowflake-stats,129220.0,102216.0,4253.0,21976.0,775.0,,76121.0,2640.0,49904.0,47348104.0,1659144.0,,0.0,,,,10388.0,3283.0,334.0,,20316.0,44408.0
2023-10-23 16:42:15,2023-10-23,86400,,daily_unique_reset_each_window,1,snowflakes-2023-10.tar.xz:snowflakes-2023-10/23/2023-10-23-16-42-15-snowflake-stats,145633.0,118441.0,4292.0,22132.0,768.0,,85164.0,2701.0,57138.0,48735248.0,1736352.0,,1832.0,,,,9992.0,3689.0,409.0,,22270.0,52112.0
2023-10-24 16:42:15,2023-10-24,86400,,daily_unique_reset_each_window,1,snowflakes-2023-10.tar.xz:snowflakes-2023-10/24/2023-10-24-16-42-15-snowflake-stats,148349.0,121169.0,4336.0,22025.0,819.0,,86729.0,2765.0,58165.0,48654848.0,1730784.0,,0.0,,,,9801.0,3690.0,396.0,,23920.0,52667.0
2023-10-25 16:42:15,2023-10-25,86400,,daily_unique_reset_each_window,1,snowflakes-2023-10.tar.xz:snowflakes-2023-10/25/2023-10-25-16-42-15-snowflake-stats,148512.0,121308.0,4348.0,22030.0,826.0,,86300.0,2799.0,58695.0,48625616.0,1692944.0,,0.0,,,,9791.0,3671.0,427.0,,23969.0,52698.0
2023-10-26 16:42:15,2023-10-26,86400,,daily_unique_reset_each_window,1,snowflakes-2023-10.tar.xz:snowflakes-2023-10/26/2023-10-26-16-42-15-snowflake-stats,148705.0,120494.0,4348.0,23036.0,827.0,,86531.0,2902.0,58554.0,48258992.0,1866392.0,,23784.0,,,,10158.0,3690.0,422.0,,23963.0,52201.0
2023-10-27 16:42:15,2023-10-27,86400,,daily_unique_reset_each_window,1,snowflakes-2023-10.tar.xz:snowflakes-2023-10/27/2023-10-27-16-42-15-snowflake-stats,147219.0,120016.0,4324.0,22111.0,768.0,,85547.0,2894.0,58079.0,47963920.0,1791688.0,,0.0,,,,9322.0,3753.0,354.0,,24056.0,51834.0
2023-10-28 16:42:15,2023-10-28,86400,,daily_unique_reset_each_window,1,snowflakes-2023-10.tar.xz:snowflakes-2023-10/28/2023-10-28-16-42-15-snowflake-stats,134922.0,108023.0,4507.0,21645.0,747.0,,78976.0,2552.0,52781.0,46977512.0,1777456.0,,0.0,,,,9539.0,3432.0,428.0,1.0,22692.0,46835.0
2023-10-29 16:42:15,2023-10-29,86400,,daily_unique_reset_each_window,1,snowflakes-2023-10.tar.xz:snowflakes-2023-10/29/2023-10-29-16-42-15-snowflake-stats,129617.0,103327.0,4412.0,21140.0,738.0,,76041.0,2681.0,50268.0,46957272.0,1763424.0,,0.0,,,,9531.0,3283.0,392.0,,20322.0,45816.0
2023-10-30 16:42:15,2023-10-30,86400,,daily_unique_reset_each_window,1,snowflakes-2023-10.tar.xz:snowflakes-2023-10/30/2023-10-30-16-42-15-snowflake-stats,146814.0,119466.0,4393.0,22144.0,811.0,,84859.0,2972.0,58328.0,47963880.0,1799936.0,,0.0,,,,9668.0,3581.0,425.0,,22937.0,52424.0
2023-10-31 16:42:15,2023-10-31,86400,,daily_unique_reset_each_window,1,snowflakes-2023-10.tar.xz:snowflakes-2023-10/31/2023-10-31-16-42-15-snowflake-stats,149706.0,122260.0,4293.0,22313.0,839.0,,87179.0,3075.0,58733.0,48098272.0,1814592.0,,56.0,,,,9754.0,3750.0,380.0,,24535.0,52670.0
2023-11-01 16:42:15,2023-11-01,86400,,daily_unique_reset_each_window,1,snowflakes-2023-11.tar.xz:snowflakes-2023-11/01/2023-11-01-16-42-15-snowflake-stats,145546.0,118446.0,4359.0,21950.0,791.0,,84558.0,2828.0,57487.0,47648320.0,1866448.0,,0.0,,,,9386.0,3578.0,390.0,,24101.0,50566.0
2023-11-02 16:42:15,2023-11-02,86400,,daily_unique_reset_each_window,1,snowflakes-2023-11.tar.xz:snowflakes-2023-11/02/2023-11-02-16-42-15-snowflake-stats,150611.0,122864.0,4380.0,22589.0,778.0,,86954.0,3438.0,59568.0,47503336.0,2006232.0,,0.0,,,,9567.0,4039.0,360.0,,24370.0,53009.0
2023-11-03 16:42:15,2023-11-03,86400,,daily_unique_reset_each_window,1,snowflakes-2023-11.tar.xz:snowflakes-2023-11/03/2023-11-03-16-42-15-snowflake-stats,149296.0,122089.0,4382.0,22068.0,757.0,,85824.0,3216.0,59625.0,45983304.0,2197896.0,,1080.0,,,,9127.0,3793.0,375.0,,24444.0,52301.0
2023-11-04 16:42:15,2023-11-04,86400,,daily_unique_reset_each_window,1,snowflakes-2023-11.tar.xz:snowflakes-2023-11/04/2023-11-04-16-42-15-snowflake-stats,137540.0,110980.0,4328.0,21466.0,766.0,,80133.0,2941.0,53897.0,44623856.0,2320800.0,,12000.0,,,,10021.0,3382.0,391.0,,22890.0,47164.0
2023-11-05 16:42:15,2023-11-05,86400,,daily_unique_reset_each_window,1,snowflakes-2023-11.tar.xz:snowflakes-2023-11/05/2023-11-05-16-42-15-snowflake-stats,133559.0,107525.0,4263.0,21060.0,711.0,,78115.0,2845.0,52064.0,45083112.0,2140688.0,,896.0,,,,10120.0,3355.0,393.0,,21084.0,46867.0
2023-11-06 16:42:15,2023-11-06,86400,,daily_unique_reset_each_window,1,snowflakes-2023-11.tar.xz:snowflakes-2023-11/06/2023-11-06-16-42-15-snowflake-stats,149091.0,121717.0,4352.0,22236.0,786.0,,86266.0,2989.0,59205.0,46007432.0,2211552.0,,82336.0,,,,10353.0,3540.0,411.0,,23275.0,53246.0
2023-11-07 16:42:15,2023-11-07,86400,,daily_unique_reset_each_window,1,snowflakes-2023-11.tar.xz:snowflakes-2023-11/07/2023-11-07-16-42-15-snowflake-stats,151755.0,124166.0,4288.0,22461.0,840.0,,88512.0,2542.0,60038.0,45388504.0,2312104.0,,10160.0,,,,10275.0,3855.0,359.0,,23989.0,54092.0
2023-11-08 16:42:15,2023-11-08,86400,,daily_unique_reset_each_window,1,snowflakes-2023-11.tar.xz:snowflakes-2023-11/08/2023-11-08-16-42-15-snowflake-stats,151624.0,123973.0,4336.0,22463.0,852.0,,88300.0,2377.0,60272.0,45476392.0,2206424.0,,1928.0,,,,10481.0,3698.0,392.0,,24125.0,54207.0
2023-11-09 16:42:15,2023-11-09,86400,,daily_unique_reset_each_window,1,snowflakes-2023-11.tar.xz:snowflakes-2023-11/09/2023-11-09-16-42-15-snowflake-stats,149887.0,122846.0,4288.0,22002.0,751.0,,87397.0,2332.0,59500.0,45026608.0,2205816.0,,4256.0,,,,9585.0,3677.0,346.0,,24281.0,53498.0
2023-11-10 16:42:15,2023-11-10,86400,,daily_unique_reset_each_window,1,snowflakes-2023-11.tar.xz:snowflakes-2023-11/10/2023-11-10-16-42-15-snowflake-stats,147082.0,119928.0,4283.0,22017.0,854.0,,85190.0,2287.0,58990.0,44647296.0,2196192.0,,1040.0,,,,9408.0,3688.0,350.0,,23848.0,52386.0
2023-11-11 16:42:15,2023-11-11,86400,,daily_unique_reset_each_window,1,snowflakes-2023-11.tar.xz:snowflakes-2023-11/11/2023-11-11-16-42-15-snowflake-stats,135158.0,107992.0,4242.0,22233.0,691.0,,79389.0,2319.0,52881.0,44116544.0,2337776.0,,6920.0,,,,10145.0,3418.0,350.0,,22166.0,47374.0
2023-11-12 16:42:15,2023-11-12,86400,,daily_unique_reset_each_window,1,snowflakes-2023-11.tar.xz:snowflakes-2023-11/12/2023-11-12-16-42-15-snowflake-stats,130980.0,104289.0,4200.0,21827.0,664.0,,77632.0,2201.0,50541.0,44349016.0,2072600.0,,0.0,,,,10155.0,3350.0,372.0,,21658.0,45784.0
2023-11-13 16:42:15,2023-11-13,86400,,daily_unique_reset_each_window,1,snowflakes-2023-11.tar.xz:snowflakes-2023-11/13/2023-11-13-16-42-15-snowflake-stats,147401.0,119933.0,4356.0,22376.0,736.0,,86092.0,2421.0,58274.0,46249088.0,2118008.0,,0.0,,,,10363.0,3686.0,397.0,,23432.0,53171.0
2023-11-14 16:42:15,2023-11-14,86400,,daily_unique_reset_each_window,1,snowflakes-2023-11.tar.xz:snowflakes-2023-11/14/2023-11-14-16-42-15-snowflake-stats,150922.0,122696.0,4361.0,23135.0,730.0,,88345.0,2235.0,59735.0,47018656.0,2146384.0,,0.0,,,,10476.0,3782.0,393.0,,24038.0,54078.0
2023-11-15 16:42:15,2023-11-15,86400,,daily_unique_reset_each_window,1,snowflakes-2023-11.tar.xz:snowflakes-2023-11/15/2023-11-15-16-42-15-snowflake-stats,154020.0,125795.0,4351.0,23092.0,782.0,,88833.0,2214.0,62264.0,46723488.0,2146464.0,,0.0,,,,10646.0,3688.0,368.0,,24946.0,55224.0
2023-11-16 16:42:15,2023-11-16,86400,,daily_unique_reset_each_window,1,snowflakes-2023-11.tar.xz:snowflakes-2023-11/16/2023-11-16-16-42-15-snowflake-stats,152816.0,125006.0,4298.0,22776.0,736.0,,87861.0,2264.0,62023.0,46558024.0,2175648.0,,0.0,,,,10215.0,3694.0,408.0,,24601.0,54988.0
2023-11-17 16:42:15,2023-11-17,86400,,daily_unique_reset_each_window,1,snowflakes-2023-11.tar.xz:snowflakes-2023-11/17/2023-11-17-16-42-15-snowflake-stats,150102.0,122867.0,4302.0,22252.0,681.0,,85781.0,2249.0,61483.0,46336344.0,2157128.0,,0.0,,,,9880.0,3651.0,379.0,,24047.0,53718.0
2023-11-18 16:42:15,2023-11-18,86400,,daily_unique_reset_each_window,1,snowflakes-2023-11.tar.xz:snowflakes-2023-11/18/2023-11-18-16-42-15-snowflake-stats,136829.0,109073.0,4234.0,22890.0,632.0,,79339.0,2078.0,54775.0,45615912.0,2195624.0,,23040.0,,,,10762.0,3462.0,375.0,,21949.0,47407.0
2023-11-19 16:42:15,2023-11-19,86400,,daily_unique_reset_each_window,1,snowflakes-2023-11.tar.xz:snowflakes-2023-11/19/2023-11-19-16-42-15-snowflake-stats,133314.0,106473.0,4316.0,21896.0,629.0,,78114.0,2134.0,52450.0,45822248.0,2130048.0,,0.0,,,,10507.0,3424.0,390.0,,20514.0,46622.0
2023-11-20 16:42:15,2023-11-20,86400,,daily_unique_reset_each_window,1,snowflakes-2023-11.tar.xz:snowflakes-2023-11/20/2023-11-20-16-42-15-snowflake-stats,148559.0,120735.0,4298.0,22835.0,691.0,,86283.0,2324.0,59352.0,47121816.0,2143128.0,,0.0,,,,10919.0,3640.0,397.0,,21987.0,53601.0
2023-11-21 16:42:15,2023-11-21,86400,,daily_unique_reset_each_window,1,snowflakes-2023-11.tar.xz:snowflakes-2023-11/21/2023-11-21-16-42-15-snowflake-stats,152282.0,124272.0,4323.0,22908.0,779.0,,88438.0,2493.0,60656.0,47356080.0,2188448.0,,8536.0,,,,10785.0,3642.0,369.0,,22964.0,54578.0
2023-11-22 16:42:15,2023-11-22,86400,,daily_unique_reset_each_window,1,snowflakes-2023-11.tar.xz:snowflakes-2023-11/22/2023-11-22-16-42-15-snowflake-stats,151986.0,123759.0,4370.0,23080.0,777.0,,88821.0,2342.0,60159.0,47156936.0,2128680.0,,0.0,,,,10798.0,3802.0,382.0,,23527.0,54066.0
2023-11-23 16:42:15,2023-11-23,86400,,daily_unique_reset_each_window,1,snowflakes-2023-11.tar.xz:snowflakes-2023-11/23/2023-11-23-16-42-15-snowflake-stats,150542.0,122425.0,4402.0,22969.0,746.0,,88086.0,2564.0,59235.0,48015064.0,1928296.0,,0.0,,,,10170.0,3820.0,367.0,,22283.0,54540.0
2023-11-24 16:42:15,2023-11-24,86400,,daily_unique_reset_each_window,1,snowflakes-2023-11.tar.xz:snowflakes-2023-11/24/2023-11-24-16-42-15-snowflake-stats,145136.0,117578.0,4303.0,22564.0,691.0,,84076.0,2487.0,57877.0,48178408.0,1879064.0,,0.0,,,,9947.0,3758.0,349.0,,20185.0,52804.0
2023-11-25 16:42:15,2023-11-25,86400,,daily_unique_reset_each_window,1,snowflakes-2023-11.tar.xz:snowflakes-2023-11/25/2023-11-25-16-42-15-snowflake-stats,136631.0,108689.0,4357.0,22953.0,632.0,,81070.0,2290.0,52591.0,47198440.0,1924256.0,,0.0,,,,10206.0,3543.0,336.0,,20895.0,47768.0
2023-11-26 16:42:15,2023-11-26,86400,,daily_unique_reset_each_window,1,snowflakes-2023-11.tar.xz:snowflakes-2023-11/26/2023-11-26-16-42-15-snowflake-stats,131953.0,105645.0,4274.0,21410.0,624.0,,78213.0,2194.0,50919.0,47167864.0,1839568.0,,0.0,,,,9941.0,3482.0,295.0,,20186.0,46250.0
2023-11-27 16:42:15,2023-11-27,86400,,daily_unique_reset_each_window,1,snowflakes-2023-11.tar.xz:snowflakes-2023-11/27/2023-11-27-16-42-15-snowflake-stats,148829.0,121348.0,4313.0,22418.0,750.0,,86773.0,2636.0,58739.0,47973016.0,1904672.0,,0.0,,,,10147.0,3802.0,309.0,,22811.0,53379.0
2023-11-28 16:42:15,2023-11-28,86400,,daily_unique_reset_each_window,1,snowflakes-2023-11.tar.xz:snowflakes-2023-11/28/2023-11-28-16-42-15-snowflake-stats,153187.0,124699.0,4351.0,23350.0,787.0,,90016.0,2457.0,60050.0,47651256.0,2057272.0,,200.0,,,,10354.0,3789.0,350.0,,24634.0,54021.0
2023-11-29 16:42:15,2023-11-29,86400,,daily_unique_reset_each_window,1,snowflakes-2023-11.tar.xz:snowflakes-2023-11/29/2023-11-29-16-42-15-snowflake-stats,150605.0,123289.0,4358.0,22237.0,721.0,,87957.0,2457.0,59522.0,46948440.0,2139008.0,,0.0,,,,9850.0,3779.0,309.0,,23801.0,53287.0
2023-11-30 16:42:15,2023-11-30,86400,,daily_unique_reset_each_window,1,snowflakes-2023-11.tar.xz:snowflakes-2023-11/30/2023-11-30-16-42-15-snowflake-stats,149980.0,122357.0,4397.0,22487.0,739.0,,86929.0,2248.0,60170.0,47174680.0,2166296.0,,0.0,,,,10064.0,3707.0,336.0,,23209.0,52895.0
2023-12-01 16:42:15,2023-12-01,86400,,daily_unique_reset_each_window,1,snowflakes-2023-12.tar.xz:snowflakes-2023-12/01/2023-12-01-16-42-15-snowflake-stats,148673.0,121165.0,4459.0,22301.0,748.0,,85338.0,2378.0,60193.0,46685384.0,2138936.0,,0.0,,,,9342.0,3768.0,310.0,,23309.0,52639.0
2023-12-02 16:42:15,2023-12-02,86400,,daily_unique_reset_each_window,1,snowflakes-2023-12.tar.xz:snowflakes-2023-12/02/2023-12-02-16-42-15-snowflake-stats,137273.0,110254.0,4391.0,21953.0,675.0,,80867.0,2225.0,53568.0,45567672.0,2144408.0,,0.0,,,,10127.0,3583.0,299.0,,22307.0,46865.0
2023-12-03 16:42:15,2023-12-03,86400,,daily_unique_reset_each_window,1,snowflakes-2023-12.tar.xz:snowflakes-2023-12/03/2023-12-03-16-42-15-snowflake-stats,133479.0,106254.0,4386.0,22164.0,675.0,,79152.0,2261.0,51442.0,45440424.0,2159960.0,,0.0,,,,10437.0,3666.0,308.0,,20899.0,46215.0
2023-12-04 16:42:15,2023-12-04,86400,,daily_unique_reset_each_window,1,snowflakes-2023-12.tar.xz:snowflakes-2023-12/04/2023-12-04-16-42-15-snowflake-stats,149298.0,121577.0,4332.0,22615.0,774.0,,87206.0,2451.0,58975.0,46704464.0,2188032.0,,840.0,,,,10413.0,3936.0,312.0,,22777.0,53325.0
2023-12-05 16:42:15,2023-12-05,86400,,daily_unique_reset_each_window,1,snowflakes-2023-12.tar.xz:snowflakes-2023-12/05/2023-12-05-16-42-15-snowflake-stats,152847.0,124943.0,4364.0,22782.0,758.0,,89792.0,2474.0,59926.0,46805056.0,2183352.0,,0.0,,,,10559.0,3761.0,367.0,,23927.0,54160.0
2023-12-06 16:42:15,2023-12-06,86400,,daily_unique_reset_each_window,1,snowflakes-2023-12.tar.xz:snowflakes-2023-12/06/2023-12-06-16-42-15-snowflake-stats,152146.0,124123.0,4275.0,23014.0,734.0,,89413.0,2486.0,59556.0,46468216.0,2298624.0,,808.0,,,,10549.0,3741.0,312.0,,24024.0,54085.0
2023-12-07 16:42:15,2023-12-07,86400,,daily_unique_reset_each_window,1,snowflakes-2023-12.tar.xz:snowflakes-2023-12/07/2023-12-07-16-42-15-snowflake-stats,151058.0,123394.0,4240.0,22725.0,699.0,,88891.0,2424.0,59109.0,46354408.0,2212488.0,,0.0,,,,9992.0,3732.0,332.0,,24312.0,53015.0
2023-12-08 16:42:15,2023-12-08,86400,,daily_unique_reset_each_window,1,snowflakes-2023-12.tar.xz:snowflakes-2023-12/08/2023-12-08-16-42-15-snowflake-stats,148106.0,120626.0,4311.0,22401.0,768.0,,86840.0,2244.0,58406.0,45951296.0,2185672.0,,0.0,,,,9500.0,3654.0,347.0,,23886.0,52865.0
2023-12-09 16:42:15,2023-12-09,86400,,daily_unique_reset_each_window,1,snowflakes-2023-12.tar.xz:snowflakes-2023-12/09/2023-12-09-16-42-15-snowflake-stats,136890.0,109693.0,4225.0,22277.0,695.0,,81574.0,2186.0,52507.0,45025456.0,2241800.0,,0.0,,,,9730.0,3554.0,327.0,,22518.0,47005.0
2023-12-10 16:42:15,2023-12-10,86400,,daily_unique_reset_each_window,1,snowflakes-2023-12.tar.xz:snowflakes-2023-12/10/2023-12-10-16-42-15-snowflake-stats,133157.0,106334.0,4293.0,21865.0,665.0,,79686.0,2144.0,50686.0,45153496.0,2211944.0,,0.0,,,,10310.0,3468.0,306.0,,20668.0,46161.0
2023-12-11 16:42:15,2023-12-11,86400,,daily_unique_reset_each_window,1,snowflakes-2023-12.tar.xz:snowflakes-2023-12/11/2023-12-11-16-42-15-snowflake-stats,147900.0,120314.0,4290.0,22606.0,690.0,,86577.0,2476.0,58158.0,46518016.0,2244456.0,,0.0,,,,10628.0,3636.0,337.0,,22454.0,52837.0
2023-12-12 16:42:15,2023-12-12,86400,,daily_unique_reset_each_window,1,snowflakes-2023-12.tar.xz:snowflakes-2023-12/12/2023-12-12-16-42-15-snowflake-stats,152521.0,124468.0,4331.0,22951.0,771.0,,90412.0,2341.0,59057.0,46735016.0,2313608.0,,4024.0,,,,10566.0,3721.0,327.0,,24485.0,54081.0
2023-12-13 16:42:15,2023-12-13,86400,,daily_unique_reset_each_window,1,snowflakes-2023-12.tar.xz:snowflakes-2023-12/13/2023-12-13-16-42-15-snowflake-stats,152854.0,125146.0,4327.0,22584.0,797.0,,88389.0,2335.0,61483.0,46803024.0,2282160.0,,1184.0,,,,10423.0,3712.0,360.0,,24324.0,54421.0
2023-12-14 16:42:15,2023-12-14,86400,,daily_unique_reset_each_window,1,snowflakes-2023-12.tar.xz:snowflakes-2023-12/14/2023-12-14-16-42-15-snowflake-stats,153562.0,125151.0,4320.0,23338.0,753.0,,88414.0,2396.0,62120.0,46985408.0,2286840.0,,0.0,,,,10720.0,3851.0,364.0,,23954.0,54204.0
2023-12-15 16:42:15,2023-12-15,86400,,daily_unique_reset_each_window,1,snowflakes-2023-12.tar.xz:snowflakes-2023-12/15/2023-12-15-16-42-15-snowflake-stats,148645.0,120973.0,4337.0,22636.0,699.0,,86540.0,2336.0,59173.0,46100976.0,2293776.0,,200.0,,,,9650.0,3771.0,383.0,,23554.0,52778.0
2023-12-16 16:42:15,2023-12-16,86400,,daily_unique_reset_each_window,1,snowflakes-2023-12.tar.xz:snowflakes-2023-12/16/2023-12-16-16-42-15-snowflake-stats,134819.0,108241.0,4222.0,21655.0,701.0,,79797.0,2241.0,52163.0,44346208.0,2456680.0,,204448.0,,,,9788.0,3429.0,280.0,,21554.0,46290.0
2023-12-17 16:42:15,2023-12-17,86400,,daily_unique_reset_each_window,1,snowflakes-2023-12.tar.xz:snowflakes-2023-12/17/2023-12-17-16-42-15-snowflake-stats,130632.0,104242.0,4266.0,21470.0,654.0,,77277.0,2102.0,50684.0,45028768.0,2165048.0,,0.0,,,,9341.0,3363.0,290.0,,20389.0,45726.0
2023-12-18 16:42:15,2023-12-18,86400,,daily_unique_reset_each_window,1,snowflakes-2023-12.tar.xz:snowflakes-2023-12/18/2023-12-18-16-42-15-snowflake-stats,145145.0,118107.0,4243.0,22105.0,690.0,,84549.0,2337.0,57663.0,45756176.0,2348552.0,,111224.0,,,,10384.0,3886.0,295.0,,21997.0,51768.0
2023-12-19 16:42:15,2023-12-19,86400,,daily_unique_reset_each_window,1,snowflakes-2023-12.tar.xz:snowflakes-2023-12/19/2023-12-19-16-42-15-snowflake-stats,147295.0,119885.0,4289.0,22440.0,681.0,,87086.0,2338.0,57213.0,46316512.0,2247512.0,,0.0,,,,10457.0,3754.0,299.0,,22794.0,52078.0
2023-12-20 16:42:15,2023-12-20,86400,,daily_unique_reset_each_window,1,snowflakes-2023-12.tar.xz:snowflakes-2023-12/20/2023-12-20-16-42-15-snowflake-stats,146417.0,118427.0,4265.0,22952.0,773.0,,86271.0,2392.0,57094.0,46084160.0,2271936.0,,0.0,,,,10360.0,3763.0,334.0,,22623.0,51863.0
2023-12-21 16:42:15,2023-12-21,86400,,daily_unique_reset_each_window,1,snowflakes-2023-12.tar.xz:snowflakes-2023-12/21/2023-12-21-16-42-15-snowflake-stats,144552.0,116607.0,4259.0,22924.0,762.0,,85265.0,2255.0,56355.0,46012816.0,2268816.0,,0.0,,,,10067.0,3810.0,338.0,,22368.0,51262.0
2023-12-22 16:42:15,2023-12-22,86400,,daily_unique_reset_each_window,1,snowflakes-2023-12.tar.xz:snowflakes-2023-12/22/2023-12-22-16-42-15-snowflake-stats,138886.0,111740.0,4308.0,22174.0,664.0,,81668.0,2138.0,54387.0,45384664.0,2358608.0,,0.0,,,,9788.0,3752.0,337.0,,21482.0,48989.0
2023-12-23 16:42:15,2023-12-23,86400,,daily_unique_reset_each_window,1,snowflakes-2023-12.tar.xz:snowflakes-2023-12/23/2023-12-23-16-42-15-snowflake-stats,127791.0,101143.0,4243.0,21836.0,569.0,,76740.0,2012.0,48399.0,44678520.0,2276144.0,,0.0,,,,10141.0,3449.0,291.0,,20349.0,43377.0
2023-12-24 16:42:15,2023-12-24,86400,,daily_unique_reset_each_window,1,snowflakes-2023-12.tar.xz:snowflakes-2023-12/24/2023-12-24-16-42-15-snowflake-stats,120052.0,93855.0,4171.0,21485.0,541.0,,72689.0,2001.0,44819.0,44130792.0,2224952.0,,0.0,,,,10533.0,3527.0,312.0,,19201.0,39335.0
2023-12-25 16:42:15,2023-12-25,86400,,daily_unique_reset_each_window,1,snowflakes-2023-12.tar.xz:snowflakes-2023-12/25/2023-12-25-16-42-15-snowflake-stats,112211.0,85826.0,4136.0,21759.0,490.0,,67941.0,1914.0,41802.0,42907368.0,2278024.0,,0.0,,,,10403.0,3895.0,341.0,,18532.0,33660.0
2023-12-26 16:42:15,2023-12-26,86400,,daily_unique_reset_each_window,1,snowflakes-2023-12.tar.xz:snowflakes-2023-12/26/2023-12-26-16-42-15-snowflake-stats,119796.0,92872.0,4188.0,22176.0,560.0,,71190.0,1841.0,46237.0,43692600.0,2261400.0,,80.0,,,,10591.0,3872.0,328.0,,19314.0,36801.0
2023-12-27 16:42:15,2023-12-27,86400,,daily_unique_reset_each_window,1,snowflakes-2023-12.tar.xz:snowflakes-2023-12/27/2023-12-27-16-42-15-snowflake-stats,128611.0,101305.0,4204.0,22520.0,582.0,,75893.0,1999.0,50087.0,44237576.0,2309312.0,,8.0,,,,10358.0,3844.0,337.0,,20639.0,41493.0
2023-12-28 16:42:15,2023-12-28,86400,,daily_unique_reset_each_window,1,snowflakes-2023-12.tar.xz:snowflakes-2023-12/28/2023-12-28-16-42-15-snowflake-stats,130476.0,103218.0,4201.0,22410.0,647.0,,77737.0,2001.0,50114.0,44486272.0,2386656.0,,0.0,,,,10008.0,3747.0,301.0,,20224.0,43623.0
2023-12-29 16:42:15,2023-12-29,86400,,daily_unique_reset_each_window,1,snowflakes-2023-12.tar.xz:snowflakes-2023-12/29/2023-12-29-16-42-15-snowflake-stats,131918.0,104978.0,4336.0,21877.0,727.0,,78966.0,1942.0,50360.0,44350488.0,2397296.0,,0.0,,,,9290.0,3713.0,298.0,,20388.0,45125.0
2023-12-30 16:42:15,2023-12-30,86400,,daily_unique_reset_each_window,1,snowflakes-2023-12.tar.xz:snowflakes-2023-12/30/2023-12-30-16-42-15-snowflake-stats,128385.0,100395.0,4357.0,22869.0,764.0,,77143.0,2171.0,48423.0,44313528.0,2381240.0,,0.0,,,,10199.0,3502.0,282.0,,20371.0,43439.0
2023-12-31 16:42:15,2023-12-31,86400,,daily_unique_reset_each_window,1,snowflakes-2023-12.tar.xz:snowflakes-2023-12/31/2023-12-31-16-42-15-snowflake-stats,125597.0,97629.0,4400.0,22883.0,685.0,,75224.0,2088.0,47724.0,44505216.0,2400208.0,,0.0,,,,10955.0,3212.0,282.0,,19995.0,42728.0
2024-01-01 16:42:15,2024-01-01,86400,,daily_unique_reset_each_window,1,snowflakes-2024-01.tar.xz:snowflakes-2024-01/01/2024-01-01-16-42-15-snowflake-stats,118220.0,90041.0,4366.0,23232.0,581.0,,72413.0,2026.0,43227.0,44307016.0,2302376.0,,0.0,,,,11126.0,3215.0,297.0,,19868.0,37691.0
2024-01-02 16:42:15,2024-01-02,86400,,daily_unique_reset_each_window,1,snowflakes-2024-01.tar.xz:snowflakes-2024-01/02/2024-01-02-16-42-15-snowflake-stats,136727.0,108234.0,4418.0,23331.0,744.0,,80519.0,2265.0,53343.0,45632784.0,2419424.0,,0.0,,,,11090.0,3382.0,314.0,,21382.0,47425.0
2024-01-03 16:42:15,2024-01-03,86400,,daily_unique_reset_each_window,1,snowflakes-2024-01.tar.xz:snowflakes-2024-01/03/2024-01-03-16-42-15-snowflake-stats,145308.0,115420.0,4508.0,24592.0,788.0,,86344.0,2468.0,55846.0,46576448.0,2472056.0,,0.0,,,,11534.0,3593.0,326.0,,22901.0,50858.0
2024-01-04 16:42:15,2024-01-04,86400,,daily_unique_reset_each_window,1,snowflakes-2024-01.tar.xz:snowflakes-2024-01/04/2024-01-04-16-42-15-snowflake-stats,145280.0,116021.0,4427.0,24139.0,693.0,,86559.0,2270.0,55795.0,46244080.0,2466664.0,,0.0,,,,10963.0,3602.0,317.0,,22856.0,50324.0
2024-01-05 16:42:15,2024-01-05,86400,,daily_unique_reset_each_window,1,snowflakes-2024-01.tar.xz:snowflakes-2024-01/05/2024-01-05-16-42-15-snowflake-stats,143120.0,114890.0,4383.0,23147.0,700.0,,85367.0,2226.0,54846.0,44957752.0,2685416.0,,30736.0,,,,10018.0,3438.0,343.0,,22959.0,50085.0
2024-01-06 16:42:15,2024-01-06,86400,,daily_unique_reset_each_window,1,snowflakes-2024-01.tar.xz:snowflakes-2024-01/06/2024-01-06-16-42-15-snowflake-stats,137879.0,108189.0,4355.0,24657.0,678.0,,82885.0,2111.0,52265.0,43929040.0,2852048.0,,0.0,,,,11439.0,3322.0,319.0,2.0,22974.0,46702.0
2024-01-07 16:42:15,2024-01-07,86400,,daily_unique_reset_each_window,1,snowflakes-2024-01.tar.xz:snowflakes-2024-01/07/2024-01-07-16-42-15-snowflake-stats,133991.0,106247.0,4372.0,22698.0,674.0,,80704.0,2044.0,50630.0,44194576.0,2702040.0,,0.0,,,,11031.0,3288.0,305.0,2.0,21601.0,46289.0
2024-01-08 16:42:15,2024-01-08,86400,,daily_unique_reset_each_window,1,snowflakes-2024-01.tar.xz:snowflakes-2024-01/08/2024-01-08-16-42-15-snowflake-stats,149281.0,120224.0,4480.0,23871.0,706.0,,89087.0,2218.0,57306.0,44563216.0,3196176.0,,377056.0,,,,11223.0,3428.0,353.0,2.0,23021.0,53048.0
2024-01-09 16:42:15,2024-01-09,86400,,daily_unique_reset_each_window,1,snowflakes-2024-01.tar.xz:snowflakes-2024-01/09/2024-01-09-16-42-15-snowflake-stats,151220.0,122136.0,4619.0,23647.0,818.0,,90291.0,2236.0,58001.0,46101144.0,2626824.0,,0.0,,,,10931.0,3826.0,358.0,1.0,23785.0,52752.0
2024-01-10 16:42:15,2024-01-10,86400,,daily_unique_reset_each_window,1,snowflakes-2024-01.tar.xz:snowflakes-2024-01/10/2024-01-10-16-42-15-snowflake-stats,154914.0,125612.0,4566.0,23953.0,783.0,,89922.0,2341.0,61966.0,47515952.0,2353112.0,,200.0,,,,11175.0,3769.0,397.0,,24903.0,54554.0
2024-01-11 16:42:15,2024-01-11,86400,,daily_unique_reset_each_window,1,snowflakes-2024-01.tar.xz:snowflakes-2024-01/11/2024-01-11-16-42-15-snowflake-stats,154711.0,125560.0,4473.0,23874.0,804.0,,89538.0,2540.0,61959.0,47596648.0,2342648.0,,0.0,,,,10586.0,3893.0,395.0,,24481.0,54863.0
2024-01-12 16:42:15,2024-01-12,86400,,daily_unique_reset_each_window,1,snowflakes-2024-01.tar.xz:snowflakes-2024-01/12/2024-01-12-16-42-15-snowflake-stats,153115.0,124315.0,4500.0,23528.0,772.0,,89630.0,2516.0,60316.0,47603520.0,2337304.0,,0.0,,,,10007.0,3791.0,362.0,,24493.0,55271.0
2024-01-13 16:42:15,2024-01-13,86400,,daily_unique_reset_each_window,1,snowflakes-2024-01.tar.xz:snowflakes-2024-01/13/2024-01-13-16-42-15-snowflake-stats,141846.0,113797.0,4437.0,22889.0,723.0,,84173.0,2391.0,54637.0,46573984.0,2389944.0,,0.0,,,,10466.0,3480.0,313.0,,23275.0,48914.0
2024-01-14 16:42:15,2024-01-14,86400,,daily_unique_reset_each_window,1,snowflakes-2024-01.tar.xz:snowflakes-2024-01/14/2024-01-14-16-42-15-snowflake-stats,136912.0,109304.0,4449.0,22418.0,741.0,,82265.0,2315.0,51715.0,45981696.0,2380976.0,,0.0,,,,10641.0,3456.0,326.0,,22049.0,47580.0
2024-01-15 16:42:15,2024-01-15,86400,,daily_unique_reset_each_window,1,snowflakes-2024-01.tar.xz:snowflakes-2024-01/15/2024-01-15-16-42-15-snowflake-stats,151426.0,122967.0,4376.0,23300.0,783.0,,90025.0,2518.0,58184.0,45915120.0,2641032.0,,1072.0,,,,10792.0,3725.0,323.0,,23338.0,53800.0
2024-01-16 16:42:15,2024-01-16,86400,,daily_unique_reset_each_window,1,snowflakes-2024-01.tar.xz:snowflakes-2024-01/16/2024-01-16-16-42-15-snowflake-stats,152932.0,124382.0,4406.0,23361.0,783.0,,90929.0,2239.0,59058.0,44784440.0,2896848.0,,184.0,,,,10693.0,3646.0,337.0,1.0,24705.0,53140.0
2024-01-17 16:42:15,2024-01-17,86400,,daily_unique_reset_each_window,1,snowflakes-2024-01.tar.xz:snowflakes-2024-01/17/2024-01-17-16-42-15-snowflake-stats,155283.0,125535.0,4420.0,24569.0,759.0,,91752.0,2559.0,60229.0,44402752.0,2933104.0,,0.0,,,,10906.0,3745.0,356.0,2.0,25609.0,53604.0
2024-01-18 16:42:15,2024-01-18,86400,,daily_unique_reset_each_window,1,snowflakes-2024-01.tar.xz:snowflakes-2024-01/18/2024-01-18-16-42-15-snowflake-stats,153346.0,124084.0,4397.0,24129.0,736.0,,91411.0,2381.0,58840.0,44299664.0,2901240.0,,256.0,,,,10637.0,3755.0,356.0,2.0,25284.0,52636.0
2024-01-19 16:42:15,2024-01-19,86400,,daily_unique_reset_each_window,1,snowflakes-2024-01.tar.xz:snowflakes-2024-01/19/2024-01-19-16-42-15-snowflake-stats,149495.0,120850.0,4422.0,23470.0,753.0,,89181.0,2177.0,57457.0,44082504.0,2872672.0,,0.0,,,,9841.0,3708.0,354.0,,24575.0,51635.0
2024-01-20 16:42:15,2024-01-20,86400,,daily_unique_reset_each_window,1,snowflakes-2024-01.tar.xz:snowflakes-2024-01/20/2024-01-20-16-42-15-snowflake-stats,139205.0,110505.0,4395.0,23586.0,719.0,,83861.0,2198.0,52524.0,43482152.0,2807696.0,,56.0,,,,10617.0,3421.0,326.0,,23466.0,45735.0
2024-01-21 16:42:15,2024-01-21,86400,,daily_unique_reset_each_window,1,snowflakes-2024-01.tar.xz:snowflakes-2024-01/21/2024-01-21-16-42-15-snowflake-stats,134943.0,107056.0,4416.0,22793.0,678.0,,81308.0,2067.0,50963.0,43617488.0,2852848.0,,3800.0,,,,10618.0,3444.0,312.0,,22446.0,45058.0
2024-01-22 16:42:15,2024-01-22,86400,,daily_unique_reset_each_window,1,snowflakes-2024-01.tar.xz:snowflakes-2024-01/22/2024-01-22-16-42-15-snowflake-stats,149204.0,120944.0,4434.0,23039.0,787.0,,88566.0,2158.0,57850.0,44467392.0,2877456.0,,141624.0,,,,10286.0,3828.0,321.0,1.0,23945.0,52133.0
2024-01-23 16:42:15,2024-01-23,86400,,daily_unique_reset_each_window,1,snowflakes-2024-01.tar.xz:snowflakes-2024-01/23/2024-01-23-16-42-15-snowflake-stats,152418.0,124004.0,4528.0,23091.0,795.0,,90483.0,2109.0,59141.0,44622480.0,2722648.0,,8.0,,,,10214.0,3839.0,309.0,2.0,25148.0,52512.0
2024-01-24 16:42:15,2024-01-24,86400,,daily_unique_reset_each_window,1,snowflakes-2024-01.tar.xz:snowflakes-2024-01/24/2024-01-24-16-42-15-snowflake-stats,155237.0,126198.0,4445.0,23832.0,762.0,,91041.0,2244.0,61247.0,45721112.0,2575360.0,,352.0,,,,10453.0,3841.0,362.0,2.0,25844.0,53812.0
2024-01-25 16:42:15,2024-01-25,86400,,daily_unique_reset_each_window,1,snowflakes-2024-01.tar.xz:snowflakes-2024-01/25/2024-01-25-16-42-15-snowflake-stats,152791.0,124113.0,4385.0,23425.0,868.0,,88621.0,2392.0,61003.0,45373656.0,2628632.0,,0.0,,,,9708.0,3832.0,378.0,,25513.0,52708.0
2024-01-26 16:42:15,2024-01-26,86400,,daily_unique_reset_each_window,1,snowflakes-2024-01.tar.xz:snowflakes-2024-01/26/2024-01-26-16-42-15-snowflake-stats,151219.0,122496.0,4522.0,23440.0,761.0,,87867.0,2137.0,60490.0,44086312.0,2691328.0,,0.0,,,,9598.0,3801.0,429.0,,24733.0,52669.0
2024-01-27 16:42:15,2024-01-27,86400,,daily_unique_reset_each_window,1,snowflakes-2024-01.tar.xz:snowflakes-2024-01/27/2024-01-27-16-42-15-snowflake-stats,138919.0,111090.0,4280.0,22815.0,734.0,,82301.0,2189.0,53759.0,43470512.0,2645744.0,,0.0,,,,9772.0,3634.0,304.0,,24065.0,46749.0
2024-01-28 16:42:15,2024-01-28,86400,,daily_unique_reset_each_window,1,snowflakes-2024-01.tar.xz:snowflakes-2024-01/28/2024-01-28-16-42-15-snowflake-stats,134729.0,107512.0,4334.0,22195.0,688.0,,80357.0,2092.0,51608.0,43550648.0,2568912.0,,0.0,,,,9207.0,3541.0,320.0,,22825.0,45225.0
2024-01-29 16:42:15,2024-01-29,86400,,daily_unique_reset_each_window,1,snowflakes-2024-01.tar.xz:snowflakes-2024-01/29/2024-01-29-16-42-15-snowflake-stats,150452.0,122833.0,4337.0,22538.0,744.0,,87968.0,2408.0,59322.0,44647384.0,2655560.0,,3288.0,,,,9296.0,3943.0,371.0,,24583.0,52376.0
2024-01-30 16:42:15,2024-01-30,86400,,daily_unique_reset_each_window,1,snowflakes-2024-01.tar.xz:snowflakes-2024-01/30/2024-01-30-16-42-15-snowflake-stats,153472.0,125513.0,4414.0,22811.0,734.0,,90064.0,2322.0,60275.0,43989128.0,2904368.0,,0.0,,,,9275.0,3889.0,316.0,,25530.0,53134.0
2024-02-01 23:21:24,2024-02-01,86400,,daily_unique_reset_each_window,1,snowflakes-2024-02.tar.xz:snowflakes-2024-02/01/2024-02-01-23-21-24-snowflake-stats,144972.0,117327.0,4359.0,22520.0,766.0,,81888.0,2415.0,59838.0,46045032.0,2255240.0,,0.0,1250792.0,1004456.0,8.0,8662.0,3650.0,340.0,,25078.0,47961.0
2024-02-02 23:21:24,2024-02-02,86400,,daily_unique_reset_each_window,1,snowflakes-2024-02.tar.xz:snowflakes-2024-02/02/2024-02-02-23-21-24-snowflake-stats,140177.0,113604.0,4305.0,21606.0,662.0,,78882.0,2386.0,58122.0,45997200.0,2250240.0,,0.0,1277808.0,972440.0,0.0,8125.0,3616.0,359.0,,24555.0,46256.0
2024-02-03 23:21:24,2024-02-03,86400,,daily_unique_reset_each_window,1,snowflakes-2024-02.tar.xz:snowflakes-2024-02/03/2024-02-03-23-21-24-snowflake-stats,129123.0,102943.0,4269.0,21266.0,645.0,,75046.0,1891.0,51600.0,43818272.0,2572896.0,,0.0,1594744.0,978160.0,0.0,8679.0,3484.0,311.0,,22721.0,41989.0
2024-02-04 23:21:24,2024-02-04,86400,,daily_unique_reset_each_window,1,snowflakes-2024-02.tar.xz:snowflakes-2024-02/04/2024-02-04-23-21-24-snowflake-stats,132723.0,106830.0,4305.0,20886.0,702.0,,77048.0,1937.0,53117.0,44289688.0,2592144.0,,0.0,1605896.0,986256.0,0.0,8578.0,3495.0,360.0,,22816.0,44485.0
2024-02-05 23:21:24,2024-02-05,86400,,daily_unique_reset_each_window,1,snowflakes-2024-02.tar.xz:snowflakes-2024-02/05/2024-02-05-23-21-24-snowflake-stats,146817.0,119642.0,4350.0,22122.0,703.0,,83180.0,2029.0,60953.0,44953280.0,2566456.0,,0.0,1615184.0,951272.0,0.0,8721.0,3662.0,341.0,,25770.0,49439.0
2024-02-06 23:21:24,2024-02-06,86400,,daily_unique_reset_each_window,1,snowflakes-2024-02.tar.xz:snowflakes-2024-02/06/2024-02-06-23-21-24-snowflake-stats,145993.0,119093.0,4275.0,21874.0,751.0,,83617.0,1973.0,59682.0,45027272.0,2530336.0,,0.0,1585720.0,944624.0,0.0,8683.0,3611.0,337.0,,25950.0,48259.0
2024-02-07 23:21:24,2024-02-07,86400,,daily_unique_reset_each_window,1,snowflakes-2024-02.tar.xz:snowflakes-2024-02/07/2024-02-07-23-21-24-snowflake-stats,145572.0,118143.0,4363.0,22399.0,667.0,,83323.0,1924.0,59637.0,45234200.0,2527944.0,,0.0,1538144.0,989800.0,0.0,9090.0,3617.0,339.0,,25342.0,47911.0
2024-02-08 23:21:24,2024-02-08,86400,,daily_unique_reset_each_window,1,snowflakes-2024-02.tar.xz:snowflakes-2024-02/08/2024-02-08-23-21-24-snowflake-stats,142878.0,116049.0,4266.0,21924.0,639.0,,81649.0,2326.0,58212.0,46693792.0,2134800.0,,0.0,1154400.0,980408.0,0.0,8048.0,3636.0,258.0,1.0,25172.0,46649.0
2024-02-09 23:21:24,2024-02-09,86400,,daily_unique_reset_each_window,1,snowflakes-2024-02.tar.xz:snowflakes-2024-02/09/2024-02-09-23-21-24-snowflake-stats,139899.0,113517.0,4314.0,21432.0,636.0,,79940.0,2404.0,56800.0,47089792.0,2053272.0,,6824.0,1055256.0,1004840.0,0.0,7964.0,3628.0,265.0,1.0,24295.0,46250.0
2024-02-10 23:21:24,2024-02-10,86400,,daily_unique_reset_each_window,1,snowflakes-2024-02.tar.xz:snowflakes-2024-02/10/2024-02-10-23-21-24-snowflake-stats,127916.0,101574.0,4266.0,21456.0,620.0,,74763.0,2407.0,50124.0,46242392.0,2061400.0,,0.0,1051496.0,1009912.0,0.0,8602.0,3358.0,241.0,1.0,22269.0,40997.0
2024-02-11 23:21:24,2024-02-11,86400,,daily_unique_reset_each_window,1,snowflakes-2024-02.tar.xz:snowflakes-2024-02/11/2024-02-11-23-21-24-snowflake-stats,132141.0,105028.0,4247.0,22265.0,601.0,,76862.0,3300.0,51252.0,46775888.0,1972312.0,,0.0,1032360.0,939952.0,0.0,8250.0,3339.0,239.0,2.0,22623.0,43310.0
2024-02-12 23:21:24,2024-02-12,86400,,daily_unique_reset_each_window,1,snowflakes-2024-02.tar.xz:snowflakes-2024-02/12/2024-02-12-23-21-24-snowflake-stats,144603.0,116892.0,4309.0,22715.0,687.0,,83299.0,2734.0,57832.0,48348592.0,2068648.0,,0.0,1077504.0,991152.0,0.0,9084.0,3664.0,254.0,2.0,25380.0,47529.0
2024-02-13 23:21:24,2024-02-13,86400,,daily_unique_reset_each_window,1,snowflakes-2024-02.tar.xz:snowflakes-2024-02/13/2024-02-13-23-21-24-snowflake-stats,146215.0,118224.0,4295.0,23016.0,680.0,,83330.0,2688.0,59520.0,48094024.0,2173384.0,,0.0,1144248.0,1029136.0,0.0,9353.0,3663.0,251.0,,25931.0,47267.0
2024-02-14 23:21:24,2024-02-14,86400,,daily_unique_reset_each_window,1,snowflakes-2024-02.tar.xz:snowflakes-2024-02/14/2024-02-14-23-21-24-snowflake-stats,151593.0,123569.0,4334.0,23007.0,683.0,,82979.0,2924.0,64988.0,49418872.0,2240824.0,,0.0,1162768.0,1078064.0,0.0,9693.0,3783.0,253.0,,26890.0,49449.0
2024-02-15 23:21:24,2024-02-15,86400,,daily_unique_reset_each_window,1,snowflakes-2024-02.tar.xz:snowflakes-2024-02/15/2024-02-15-23-21-24-snowflake-stats,150614.0,122867.0,4320.0,22812.0,615.0,,84952.0,3108.0,61910.0,48674640.0,2237016.0,,0.0,1151560.0,1085448.0,16.0,9519.0,3588.0,275.0,,26649.0,48833.0
2024-02-16 23:21:24,2024-02-16,86400,,daily_unique_reset_each_window,1,snowflakes-2024-02.tar.xz:snowflakes-2024-02/16/2024-02-16-23-21-24-snowflake-stats,147691.0,119117.0,4376.0,23549.0,649.0,,84210.0,2980.0,59865.0,47656688.0,2390568.0,,0.0,1258776.0,1131768.0,32.0,9645.0,3642.0,310.0,,26787.0,47225.0
2024-02-17 23:21:24,2024-02-17,86400,,daily_unique_reset_each_window,1,snowflakes-2024-02.tar.xz:snowflakes-2024-02/17/2024-02-17-23-21-24-snowflake-stats,134681.0,106548.0,4297.0,23269.0,567.0,,77790.0,2802.0,53421.0,45568184.0,2828272.0,,345392.0,1586840.0,1586832.0,0.0,10193.0,3433.0,300.0,,24108.0,42361.0
2024-02-18 23:21:24,2024-02-18,86400,,daily_unique_reset_each_window,1,snowflakes-2024-02.tar.xz:snowflakes-2024-02/18/2024-02-18-23-21-24-snowflake-stats,136932.0,110198.0,4349.0,21699.0,686.0,,78980.0,2553.0,54740.0,46367640.0,2410904.0,,0.0,1302640.0,1108264.0,0.0,9588.0,3549.0,277.0,,23432.0,45013.0
2024-02-19 23:21:24,2024-02-19,86400,,daily_unique_reset_each_window,1,snowflakes-2024-02.tar.xz:snowflakes-2024-02/19/2024-02-19-23-21-24-snowflake-stats,147130.0,119858.0,4420.0,22147.0,705.0,,82436.0,2704.0,61324.0,47442864.0,2372656.0,,0.0,1279672.0,1092992.0,0.0,9407.0,3808.0,357.0,,25009.0,48530.0
2024-02-20 23:21:24,2024-02-20,86400,,daily_unique_reset_each_window,1,snowflakes-2024-02.tar.xz:snowflakes-2024-02/20/2024-02-20-23-21-24-snowflake-stats,149764.0,121188.0,4389.0,23402.0,785.0,,85219.0,2568.0,61279.0,46579640.0,2514136.0,,0.0,1437744.0,1076392.0,8.0,9470.0,3706.0,348.0,,26352.0,48274.0
2024-02-21 23:21:24,2024-02-21,86400,,daily_unique_reset_each_window,1,snowflakes-2024-02.tar.xz:snowflakes-2024-02/21/2024-02-21-23-21-24-snowflake-stats,148381.0,119522.0,4447.0,23653.0,759.0,,84087.0,2454.0,61100.0,46198120.0,2626536.0,,0.0,1566256.0,1060280.0,8.0,9310.0,3737.0,344.0,,26573.0,47606.0
2024-02-22 23:21:24,2024-02-22,86400,,daily_unique_reset_each_window,1,snowflakes-2024-02.tar.xz:snowflakes-2024-02/22/2024-02-22-23-21-24-snowflake-stats,147390.0,118712.0,4458.0,23544.0,676.0,,83811.0,2529.0,60383.0,46163056.0,2560688.0,,0.0,1559480.0,1001192.0,24.0,9328.0,3704.0,352.0,1.0,26625.0,46679.0
2024-02-23 23:21:24,2024-02-23,86400,,daily_unique_reset_each_window,1,snowflakes-2024-02.tar.xz:snowflakes-2024-02/23/2024-02-23-23-21-24-snowflake-stats,142627.0,114357.0,4469.0,23110.0,691.0,,81075.0,2450.0,58440.0,46325960.0,2445368.0,,0.0,1491368.0,953936.0,72.0,8417.0,3329.0,347.0,,26282.0,45320.0
2024-02-24 23:21:24,2024-02-24,86400,,daily_unique_reset_each_window,1,snowflakes-2024-02.tar.xz:snowflakes-2024-02/24/2024-02-24-23-21-24-snowflake-stats,131933.0,104079.0,4302.0,22937.0,615.0,,77472.0,2436.0,51421.0,45536928.0,2475608.0,,0.0,1426192.0,1049416.0,8.0,9350.0,3469.0,341.0,,23158.0,41579.0
2024-02-25 23:21:24,2024-02-25,86400,,daily_unique_reset_each_window,1,snowflakes-2024-02.tar.xz:snowflakes-2024-02/25/2024-02-25-23-21-24-snowflake-stats,133264.0,106925.0,4333.0,21405.0,601.0,,77274.0,2403.0,52997.0,45719480.0,2460176.0,,0.0,1434608.0,1025576.0,0.0,8566.0,3471.0,315.0,,22713.0,43483.0
2024-02-26 23:21:24,2024-02-26,86400,,daily_unique_reset_each_window,1,snowflakes-2024-02.tar.xz:snowflakes-2024-02/26/2024-02-26-23-21-24-snowflake-stats,146432.0,118855.0,4353.0,22514.0,710.0,,82525.0,2551.0,60712.0,46304392.0,2671056.0,,18416.0,1563416.0,1126048.0,0.0,9066.0,3627.0,332.0,,25148.0,47460.0
2024-02-27 23:21:24,2024-02-27,86400,,daily_unique_reset_each_window,1,snowflakes-2024-02.tar.xz:snowflakes-2024-02/27/2024-02-27-23-21-24-snowflake-stats,147999.0,119880.0,4398.0,23016.0,705.0,,84489.0,2482.0,60410.0,46704984.0,2547152.0,,0.0,1508264.0,1038888.0,8.0,10010.0,3902.0,343.0,,25582.0,47177.0
2024-02-28 23:21:24,2024-02-28,86400,,daily_unique_reset_each_window,1,snowflakes-2024-02.tar.xz:snowflakes-2024-02/28/2024-02-28-23-21-24-snowflake-stats,147509.0,118910.0,4421.0,23576.0,602.0,,84429.0,2492.0,59968.0,46695208.0,2517664.0,,0.0,1474472.0,1043176.0,32.0,9793.0,3768.0,379.0,,25505.0,46712.0
2024-02-29 23:21:24,2024-02-29,86400,,daily_unique_reset_each_window,1,snowflakes-2024-02.tar.xz:snowflakes-2024-02/29/2024-02-29-23-21-24-snowflake-stats,146726.0,118642.0,4437.0,22937.0,710.0,,83554.0,2472.0,60016.0,45618560.0,2864016.0,,3128.0,1826592.0,1040480.0,72.0,9212.0,3661.0,356.0,,25310.0,46680.0
2024-03-01 23:21:24,2024-03-01,86400,,daily_unique_reset_each_window,1,snowflakes-2024-03.tar.xz:snowflakes-2024-03/01/2024-03-01-23-21-24-snowflake-stats,143472.0,115946.0,4648.0,22153.0,724.0,,81970.0,2338.0,58480.0,49402000.0,1868896.0,,0.0,864792.0,1003880.0,232.0,8620.0,3784.0,366.0,,25090.0,46081.0
2024-03-02 23:21:24,2024-03-02,86400,,daily_unique_reset_each_window,1,snowflakes-2024-03.tar.xz:snowflakes-2024-03/02/2024-03-02-23-21-24-snowflake-stats,133858.0,107176.0,4650.0,21471.0,561.0,,78642.0,2653.0,51977.0,52425896.0,1206768.0,,0.0,210960.0,995720.0,88.0,9050.0,3559.0,359.0,,24055.0,41370.0
2024-03-03 23:21:24,2024-03-03,86400,,daily_unique_reset_each_window,1,snowflakes-2024-03.tar.xz:snowflakes-2024-03/03/2024-03-03-23-21-24-snowflake-stats,134289.0,108211.0,4458.0,21021.0,599.0,,78385.0,2688.0,52637.0,53030736.0,1164072.0,,0.0,213376.0,950600.0,96.0,8985.0,3546.0,324.0,,22926.0,43150.0
2024-03-04 23:21:24,2024-03-04,86400,,daily_unique_reset_each_window,1,snowflakes-2024-03.tar.xz:snowflakes-2024-03/04/2024-03-04-23-21-24-snowflake-stats,148376.0,121391.0,4469.0,21865.0,651.0,,83975.0,2863.0,60841.0,55104344.0,1166824.0,,0.0,161496.0,1005248.0,80.0,9212.0,3776.0,327.0,,25570.0,47782.0
2024-03-05 23:21:24,2024-03-05,86400,,daily_unique_reset_each_window,1,snowflakes-2024-03.tar.xz:snowflakes-2024-03/05/2024-03-05-23-21-24-snowflake-stats,148251.0,120783.0,4454.0,22344.0,670.0,,84615.0,2751.0,60173.0,54817416.0,1191248.0,,0.0,162776.0,1028408.0,64.0,9273.0,3742.0,322.0,,26161.0,47403.0
2024-03-06 23:21:24,2024-03-06,86400,,daily_unique_reset_each_window,1,snowflakes-2024-03.tar.xz:snowflakes-2024-03/06/2024-03-06-23-21-24-snowflake-stats,145584.0,118356.0,4405.0,22224.0,599.0,,82249.0,2756.0,59903.0,54431744.0,1186440.0,,0.0,193192.0,993192.0,56.0,9397.0,3657.0,354.0,,25023.0,46399.0
2024-03-07 23:21:24,2024-03-07,86400,,daily_unique_reset_each_window,1,snowflakes-2024-03.tar.xz:snowflakes-2024-03/07/2024-03-07-23-21-24-snowflake-stats,143780.0,116269.0,4499.0,22452.0,560.0,,80986.0,2888.0,59284.0,53718312.0,1276520.0,,0.0,287520.0,988952.0,56.0,9101.0,3581.0,321.0,,25095.0,45863.0
2024-03-08 23:21:24,2024-03-08,86400,,daily_unique_reset_each_window,1,snowflakes-2024-03.tar.xz:snowflakes-2024-03/08/2024-03-08-23-21-24-snowflake-stats,139318.0,112096.0,4539.0,22088.0,595.0,,78860.0,2644.0,57183.0,53327200.0,1253704.0,,0.0,323184.0,930480.0,40.0,8602.0,3361.0,338.0,,24877.0,44157.0
2024-03-09 23:21:24,2024-03-09,86400,,daily_unique_reset_each_window,1,snowflakes-2024-03.tar.xz:snowflakes-2024-03/09/2024-03-09-23-21-24-snowflake-stats,130018.0,102641.0,4343.0,22462.0,572.0,,75082.0,2737.0,51535.0,51750384.0,1330752.0,,0.0,371904.0,958784.0,72.0,9193.0,3412.0,372.0,,23741.0,39715.0
2024-03-10 23:21:24,2024-03-10,86400,,daily_unique_reset_each_window,1,snowflakes-2024-03.tar.xz:snowflakes-2024-03/10/2024-03-10-23-21-24-snowflake-stats,132891.0,106570.0,4436.0,21283.0,602.0,,76632.0,2590.0,53037.0,51847840.0,1364768.0,,0.0,387808.0,976944.0,24.0,8698.0,3434.0,308.0,,22778.0,42739.0
2024-03-11 23:21:24,2024-03-11,86400,,daily_unique_reset_each_window,1,snowflakes-2024-03.tar.xz:snowflakes-2024-03/11/2024-03-11-23-21-24-snowflake-stats,143978.0,116713.0,4460.0,22158.0,647.0,,80695.0,2760.0,59875.0,52894560.0,1385624.0,,0.0,400344.0,985272.0,24.0,8781.0,3658.0,362.0,,24518.0,46600.0
2024-03-12 23:21:24,2024-03-12,86400,,daily_unique_reset_each_window,1,snowflakes-2024-03.tar.xz:snowflakes-2024-03/12/2024-03-12-23-21-24-snowflake-stats,144292.0,117422.0,4430.0,21788.0,652.0,,81027.0,2773.0,59794.0,52662928.0,1382848.0,,0.0,429696.0,953056.0,104.0,8899.0,3658.0,359.0,,24373.0,46567.0
2024-03-13 23:21:24,2024-03-13,86400,,daily_unique_reset_each_window,1,snowflakes-2024-03.tar.xz:snowflakes-2024-03/13/2024-03-13-23-21-24-snowflake-stats,147267.0,119616.0,4441.0,22489.0,721.0,,80280.0,2786.0,63507.0,52908832.0,1382416.0,,0.0,454176.0,928088.0,152.0,9399.0,3715.0,323.0,,25155.0,47793.0
2024-03-14 23:21:24,2024-03-14,86400,,daily_unique_reset_each_window,1,snowflakes-2024-03.tar.xz:snowflakes-2024-03/14/2024-03-14-23-21-24-snowflake-stats,143539.0,116221.0,4410.0,22218.0,690.0,,79372.0,2808.0,60680.0,52708200.0,1375536.0,,0.0,458632.0,916784.0,128.0,9033.0,3709.0,364.0,,24584.0,45898.0
2024-03-15 23:21:24,2024-03-15,86400,,daily_unique_reset_each_window,1,snowflakes-2024-03.tar.xz:snowflakes-2024-03/15/2024-03-15-23-21-24-snowflake-stats,140560.0,113743.0,4393.0,21766.0,658.0,,78042.0,2709.0,59190.0,52392792.0,1358400.0,,0.0,488608.0,869760.0,40.0,8260.0,3817.0,366.0,,24458.0,44666.0
2024-03-16 23:21:24,2024-03-16,86400,,daily_unique_reset_each_window,1,snowflakes-2024-03.tar.xz:snowflakes-2024-03/16/2024-03-16-23-21-24-snowflake-stats,127997.0,101950.0,4403.0,21068.0,576.0,,73041.0,2671.0,51740.0,50925840.0,1431696.0,,0.0,502288.0,928552.0,872.0,8914.0,3413.0,317.0,,22342.0,40207.0
2024-03-17 23:21:24,2024-03-17,86400,,daily_unique_reset_each_window,1,snowflakes-2024-03.tar.xz:snowflakes-2024-03/17/2024-03-17-23-21-24-snowflake-stats,129920.0,104869.0,4478.0,19952.0,621.0,,74904.0,2709.0,51750.0,51278600.0,1372224.0,,0.0,490152.0,882016.0,64.0,8307.0,3441.0,362.0,,21795.0,42187.0
2024-03-18 23:21:24,2024-03-18,86400,,daily_unique_reset_each_window,1,snowflakes-2024-03.tar.xz:snowflakes-2024-03/18/2024-03-18-23-21-24-snowflake-stats,142205.0,115787.0,4502.0,21227.0,689.0,,79344.0,2700.0,59519.0,52564352.0,1404824.0,,0.0,511648.0,893120.0,64.0,8439.0,3738.0,382.0,,24152.0,46072.0
2024-03-19 23:21:24,2024-03-19,86400,,daily_unique_reset_each_window,1,snowflakes-2024-03.tar.xz:snowflakes-2024-03/19/2024-03-19-23-21-24-snowflake-stats,140507.0,114117.0,4479.0,21261.0,650.0,,78824.0,2810.0,58274.0,52532848.0,1394536.0,,0.0,492544.0,901952.0,48.0,8121.0,3675.0,354.0,,23840.0,45415.0
2024-03-21 22:44:14,2024-03-21,86400,,daily_unique_reset_each_window,1,snowflakes-2024-03.tar.xz:snowflakes-2024-03/21/2024-03-21-22-44-14-snowflake-stats,140844.0,114021.0,4465.0,21729.0,629.0,,80020.0,2845.0,57330.0,51631056.0,1483728.0,,0.0,537760.0,945928.0,48.0,7828.0,3810.0,331.0,,24030.0,45304.0
2024-03-22 22:44:14,2024-03-22,86400,,daily_unique_reset_each_window,1,snowflakes-2024-03.tar.xz:snowflakes-2024-03/22/2024-03-22-22-44-14-snowflake-stats,137723.0,111113.0,4462.0,21513.0,635.0,,78252.0,2808.0,56063.0,51374048.0,1454544.0,,0.0,549408.0,905104.0,40.0,7810.0,3739.0,364.0,,23489.0,43959.0
2024-03-23 22:44:14,2024-03-23,86400,,daily_unique_reset_each_window,1,snowflakes-2024-03.tar.xz:snowflakes-2024-03/23/2024-03-23-22-44-14-snowflake-stats,126679.0,100697.0,4484.0,20852.0,646.0,,73443.0,2734.0,49912.0,50373984.0,1436896.0,,0.0,556408.0,880400.0,96.0,7825.0,3499.0,317.0,,21711.0,40347.0
2024-03-24 22:44:14,2024-03-24,86400,,daily_unique_reset_each_window,1,snowflakes-2024-03.tar.xz:snowflakes-2024-03/24/2024-03-24-22-44-14-snowflake-stats,128539.0,102634.0,4376.0,20807.0,722.0,,74672.0,2755.0,50527.0,50173952.0,1493648.0,,0.0,590800.0,902776.0,80.0,8284.0,3639.0,289.0,,21340.0,41544.0
2024-03-25 22:44:14,2024-03-25,86400,,daily_unique_reset_each_window,1,snowflakes-2024-03.tar.xz:snowflakes-2024-03/25/2024-03-25-22-44-14-snowflake-stats,140251.0,113621.0,4419.0,21451.0,760.0,,79657.0,2872.0,57061.0,51094640.0,1554856.0,,0.0,627744.0,927064.0,48.0,8235.0,3833.0,308.0,,23735.0,45111.0
2024-03-26 22:44:14,2024-03-26,86400,,daily_unique_reset_each_window,1,snowflakes-2024-03.tar.xz:snowflakes-2024-03/26/2024-03-26-22-44-14-snowflake-stats,139968.0,113463.0,4461.0,21432.0,612.0,,79255.0,3088.0,56979.0,50845952.0,1525400.0,,0.0,644616.0,880680.0,104.0,8029.0,3757.0,312.0,,24081.0,44434.0
2024-03-27 22:44:14,2024-03-27,86400,,daily_unique_reset_each_window,1,snowflakes-2024-03.tar.xz:snowflakes-2024-03/27/2024-03-27-22-44-14-snowflake-stats,139596.0,112861.0,4509.0,21538.0,688.0,,79035.0,2818.0,57090.0,50948472.0,1505992.0,,0.0,621752.0,884168.0,72.0,8195.0,3817.0,333.0,1.0,23646.0,43901.0
2024-03-28 22:44:14,2024-03-28,86400,,daily_unique_reset_each_window,1,snowflakes-2024-03.tar.xz:snowflakes-2024-03/28/2024-03-28-22-44-14-snowflake-stats,135841.0,109519.0,4432.0,21171.0,719.0,,77251.0,2672.0,55237.0,50869240.0,1498584.0,,0.0,631056.0,867456.0,80.0,7917.0,3837.0,333.0,1.0,23736.0,42495.0
2024-03-29 22:44:14,2024-03-29,86400,,daily_unique_reset_each_window,1,snowflakes-2024-03.tar.xz:snowflakes-2024-03/29/2024-03-29-22-44-14-snowflake-stats,127675.0,101954.0,4434.0,20642.0,645.0,,74078.0,2658.0,50266.0,49769272.0,1528032.0,,0.0,653112.0,874824.0,104.0,7713.0,3741.0,293.0,2.0,22910.0,38795.0
2024-03-30 22:44:14,2024-03-30,86400,,daily_unique_reset_each_window,1,snowflakes-2024-03.tar.xz:snowflakes-2024-03/30/2024-03-30-22-44-14-snowflake-stats,120458.0,94511.0,4384.0,20996.0,567.0,,71113.0,2392.0,46359.0,48781816.0,1561688.0,,0.0,659552.0,902056.0,80.0,8118.0,3528.0,303.0,,21827.0,35385.0
2024-03-31 22:44:14,2024-03-31,86400,,daily_unique_reset_each_window,1,snowflakes-2024-03.tar.xz:snowflakes-2024-03/31/2024-03-31-22-44-14-snowflake-stats,118145.0,92801.0,4384.0,20410.0,550.0,,70227.0,2447.0,44881.0,48616768.0,1506568.0,,0.0,679968.0,826592.0,24.0,7781.0,3561.0,350.0,,21393.0,34087.0
2024-04-01 22:44:14,2024-04-01,86400,,daily_unique_reset_each_window,1,snowflakes-2024-04.tar.xz:snowflakes-2024-04/01/2024-04-01-22-44-14-snowflake-stats,129889.0,103652.0,4371.0,21228.0,638.0,,74633.0,2570.0,52035.0,49897184.0,1528688.0,,0.0,666416.0,862248.0,32.0,7646.0,3887.0,344.0,,23645.0,38650.0
2024-04-02 22:44:14,2024-04-02,86400,,daily_unique_reset_each_window,1,snowflakes-2024-04.tar.xz:snowflakes-2024-04/02/2024-04-02-22-44-14-snowflake-stats,140325.0,113282.0,4422.0,21879.0,742.0,,79036.0,2685.0,57892.0,50813912.0,1642000.0,,136.0,688536.0,953568.0,40.0,8394.0,4003.0,328.0,,24803.0,43353.0
2024-04-03 22:44:14,2024-04-03,86400,,daily_unique_reset_each_window,1,snowflakes-2024-04.tar.xz:snowflakes-2024-04/03/2024-04-03-22-44-14-snowflake-stats,140858.0,113494.0,4423.0,22201.0,740.0,,79269.0,2838.0,58139.0,51017496.0,1599176.0,,0.0,676584.0,922568.0,32.0,8697.0,3852.0,330.0,2.0,24669.0,43607.0
2024-04-04 22:44:14,2024-04-04,86400,,daily_unique_reset_each_window,1,snowflakes-2024-04.tar.xz:snowflakes-2024-04/04/2024-04-04-22-44-14-snowflake-stats,139431.0,112417.0,4459.0,21836.0,719.0,,79226.0,2893.0,56679.0,50759344.0,1563040.0,,0.0,694080.0,868920.0,40.0,8338.0,3737.0,395.0,2.0,24257.0,43599.0
2024-04-05 22:44:14,2024-04-05,86400,,daily_unique_reset_each_window,1,snowflakes-2024-04.tar.xz:snowflakes-2024-04/05/2024-04-05-22-44-14-snowflake-stats,135078.0,108341.0,4481.0,21641.0,615.0,,76614.0,2884.0,54983.0,50459864.0,1506536.0,,0.0,675536.0,830920.0,80.0,8057.0,3777.0,431.0,,23566.0,42065.0
2024-04-06 22:44:14,2024-04-06,86400,,daily_unique_reset_each_window,1,snowflakes-2024-04.tar.xz:snowflakes-2024-04/06/2024-04-06-22-44-14-snowflake-stats,123655.0,96730.0,4412.0,21948.0,565.0,,72175.0,2638.0,48299.0,48828488.0,1745344.0,,0.0,843896.0,901320.0,136.0,9175.0,3440.0,390.0,,22269.0,36351.0
2024-04-07 22:44:14,2024-04-07,86400,,daily_unique_reset_each_window,1,snowflakes-2024-04.tar.xz:snowflakes-2024-04/07/2024-04-07-22-44-14-snowflake-stats,127239.0,100981.0,4439.0,21253.0,566.0,,73716.0,2710.0,50280.0,48897368.0,1961560.0,,0.0,1089160.0,872368.0,48.0,9077.0,3561.0,424.0,,22148.0,39514.0
2024-04-08 22:44:14,2024-04-08,86400,,daily_unique_reset_each_window,1,snowflakes-2024-04.tar.xz:snowflakes-2024-04/08/2024-04-08-22-44-14-snowflake-stats,140811.0,113262.0,4473.0,22467.0,609.0,,79848.0,2749.0,57638.0,49681112.0,1985184.0,,0.0,1057616.0,927480.0,88.0,8722.0,3808.0,430.0,,24715.0,44868.0
2024-04-09 22:44:14,2024-04-09,86400,,daily_unique_reset_each_window,1,snowflakes-2024-04.tar.xz:snowflakes-2024-04/09/2024-04-09-22-44-14-snowflake-stats,142414.0,114450.0,4566.0,22754.0,644.0,,80724.0,2715.0,58315.0,49475816.0,2061760.0,,0.0,1041280.0,1020392.0,96.0,8636.0,3693.0,389.0,,25270.0,45933.0
2024-04-10 22:44:14,2024-04-10,86400,,daily_unique_reset_each_window,1,snowflakes-2024-04.tar.xz:snowflakes-2024-04/10/2024-04-10-22-44-14-snowflake-stats,142623.0,114609.0,4563.0,22740.0,711.0,,79230.0,2505.0,60270.0,49892896.0,1914384.0,,0.0,1013520.0,900776.0,96.0,8016.0,3839.0,389.0,,25092.0,46394.0
2024-04-11 22:44:14,2024-04-11,86400,,daily_unique_reset_each_window,1,snowflakes-2024-04.tar.xz:snowflakes-2024-04/11/2024-04-11-22-44-14-snowflake-stats,140338.0,112832.0,4470.0,22422.0,614.0,,78119.0,2605.0,58993.0,50109968.0,1827968.0,,0.0,970192.0,857640.0,144.0,7930.0,3655.0,383.0,,25143.0,45191.0
2024-04-12 22:44:14,2024-04-12,86400,,daily_unique_reset_each_window,1,snowflakes-2024-04.tar.xz:snowflakes-2024-04/12/2024-04-12-22-44-14-snowflake-stats,135373.0,109001.0,4458.0,21281.0,633.0,,76733.0,2679.0,55337.0,49580344.0,1818832.0,,0.0,966328.0,852400.0,112.0,7692.0,3595.0,329.0,1.0,23524.0,43282.0
2024-04-13 22:44:14,2024-04-13,86400,,daily_unique_reset_each_window,1,snowflakes-2024-04.tar.xz:snowflakes-2024-04/13/2024-04-13-22-44-14-snowflake-stats,117759.0,91374.0,4432.0,21382.0,571.0,,68097.0,2364.0,46805.0,47669296.0,1786464.0,,0.0,920560.0,865800.0,112.0,8757.0,3406.0,325.0,2.0,20997.0,34293.0
2024-04-14 22:44:14,2024-04-14,86400,,daily_unique_reset_each_window,1,snowflakes-2024-04.tar.xz:snowflakes-2024-04/14/2024-04-14-22-44-14-snowflake-stats,109102.0,83271.0,4468.0,20770.0,593.0,,64000.0,2211.0,42429.0,47635728.0,1759504.0,,0.0,891808.0,867616.0,88.0,8790.0,3305.0,310.0,1.0,19314.0,29944.0
2024-04-15 22:44:14,2024-04-15,86400,,daily_unique_reset_each_window,1,snowflakes-2024-04.tar.xz:snowflakes-2024-04/15/2024-04-15-22-44-14-snowflake-stats,121133.0,94232.0,4536.0,21711.0,654.0,,69641.0,2427.0,48621.0,48433144.0,1780048.0,,0.0,909600.0,870320.0,136.0,8639.0,3694.0,336.0,,22161.0,33196.0
2024-04-16 22:44:14,2024-04-16,86400,,daily_unique_reset_each_window,1,snowflakes-2024-04.tar.xz:snowflakes-2024-04/16/2024-04-16-22-44-14-snowflake-stats,120302.0,93117.0,4540.0,22002.0,643.0,,71182.0,2442.0,46234.0,48344360.0,1893272.0,,0.0,924472.0,968448.0,360.0,8913.0,3761.0,289.0,1.0,22137.0,31635.0
2024-04-17 22:44:14,2024-04-17,86400,,daily_unique_reset_each_window,1,snowflakes-2024-04.tar.xz:snowflakes-2024-04/17/2024-04-17-22-44-14-snowflake-stats,118909.0,91824.0,4525.0,21896.0,664.0,,70344.0,2356.0,45758.0,48428416.0,1805592.0,,0.0,905896.0,899600.0,104.0,8934.0,3656.0,290.0,1.0,22299.0,30743.0
2024-04-18 22:44:14,2024-04-18,86400,,daily_unique_reset_each_window,1,snowflakes-2024-04.tar.xz:snowflakes-2024-04/18/2024-04-18-22-44-14-snowflake-stats,116120.0,89403.0,4541.0,21485.0,691.0,,68756.0,2360.0,44633.0,48608672.0,1716448.0,,0.0,862592.0,853816.0,48.0,8238.0,3529.0,320.0,1.0,21887.0,30247.0
2024-04-19 22:44:14,2024-04-19,86400,,daily_unique_reset_each_window,1,snowflakes-2024-04.tar.xz:snowflakes-2024-04/19/2024-04-19-22-44-14-snowflake-stats,113598.0,87090.0,4527.0,21338.0,643.0,,67336.0,2362.0,43473.0,47942416.0,1770944.0,,0.0,904696.0,866048.0,208.0,8198.0,3570.0,278.0,,21188.0,29460.0
2024-04-20 22:44:14,2024-04-20,86400,,daily_unique_reset_each_window,1,snowflakes-2024-04.tar.xz:snowflakes-2024-04/20/2024-04-20-22-44-14-snowflake-stats,105813.0,78735.0,4437.0,22049.0,592.0,,64068.0,2351.0,38997.0,47247320.0,1861632.0,,0.0,940368.0,921200.0,72.0,8938.0,3321.0,273.0,,19764.0,26115.0
2024-04-21 22:44:14,2024-04-21,86400,,daily_unique_reset_each_window,1,snowflakes-2024-04.tar.xz:snowflakes-2024-04/21/2024-04-21-22-44-14-snowflake-stats,106706.0,80776.0,4422.0,20922.0,586.0,,64431.0,2325.0,39508.0,47357536.0,1802720.0,,0.0,895600.0,907032.0,104.0,8673.0,3207.0,273.0,,19191.0,27762.0
2024-04-22 22:44:14,2024-04-22,86400,,daily_unique_reset_each_window,1,snowflakes-2024-04.tar.xz:snowflakes-2024-04/22/2024-04-22-22-44-14-snowflake-stats,115890.0,89417.0,4534.0,21280.0,659.0,,68460.0,2501.0,44492.0,48025680.0,1908784.0,,0.0,912512.0,996176.0,96.0,8508.0,3689.0,305.0,,20681.0,30312.0
2024-04-23 22:44:14,2024-04-23,86400,,daily_unique_reset_each_window,1,snowflakes-2024-04.tar.xz:snowflakes-2024-04/23/2024-04-23-22-44-14-snowflake-stats,116821.0,89580.0,4608.0,21973.0,660.0,,69294.0,2321.0,44739.0,48407568.0,1824464.0,,0.0,855432.0,968976.0,56.0,8818.0,3533.0,320.0,,21464.0,30144.0
2024-04-24 22:44:14,2024-04-24,86400,,daily_unique_reset_each_window,1,snowflakes-2024-04.tar.xz:snowflakes-2024-04/24/2024-04-24-22-44-14-snowflake-stats,117362.0,89753.0,4526.0,22433.0,650.0,,68689.0,2584.0,45615.0,48360616.0,1833816.0,,0.0,878472.0,955280.0,64.0,8998.0,3511.0,315.0,,21460.0,30216.0
2024-04-25 22:44:14,2024-04-25,86400,,daily_unique_reset_each_window,1,snowflakes-2024-04.tar.xz:snowflakes-2024-04/25/2024-04-25-22-44-14-snowflake-stats,115762.0,88297.0,4518.0,22264.0,683.0,,68539.0,2429.0,44319.0,47989552.0,1803256.0,,0.0,864480.0,938672.0,120.0,8771.0,3685.0,333.0,,21413.0,29676.0
2024-04-26 22:44:14,2024-04-26,86400,,daily_unique_reset_each_window,1,snowflakes-2024-04.tar.xz:snowflakes-2024-04/26/2024-04-26-22-44-14-snowflake-stats,113318.0,85976.0,4480.0,22180.0,682.0,,67391.0,2363.0,43147.0,47844640.0,1798128.0,,0.0,937656.0,860392.0,88.0,8160.0,3543.0,308.0,,21872.0,28525.0
2024-04-27 22:44:14,2024-04-27,86400,,daily_unique_reset_each_window,1,snowflakes-2024-04.tar.xz:snowflakes-2024-04/27/2024-04-27-22-44-14-snowflake-stats,104577.0,77218.0,4474.0,22376.0,509.0,,63093.0,2316.0,38742.0,46383744.0,1965200.0,,0.0,1013240.0,951864.0,112.0,8766.0,3382.0,299.0,,20012.0,25409.0
2024-04-28 22:44:14,2024-04-28,86400,,daily_unique_reset_each_window,1,snowflakes-2024-04.tar.xz:snowflakes-2024-04/28/2024-04-28-22-44-14-snowflake-stats,105385.0,78060.0,4418.0,22381.0,526.0,,62870.0,2421.0,39708.0,46695912.0,1930704.0,,0.0,954928.0,975720.0,64.0,8826.0,3110.0,331.0,,20119.0,26180.0
2024-04-29 22:44:14,2024-04-29,86400,,daily_unique_reset_each_window,1,snowflakes-2024-04.tar.xz:snowflakes-2024-04/29/2024-04-29-22-44-14-snowflake-stats,115918.0,87869.0,4451.0,22979.0,619.0,,68780.0,2382.0,44330.0,48114888.0,1880112.0,,0.0,926384.0,953616.0,112.0,8502.0,3085.0,274.0,,21932.0,29664.0
2024-04-30 22:44:14,2024-04-30,86400,,daily_unique_reset_each_window,1,snowflakes-2024-04.tar.xz:snowflakes-2024-04/30/2024-04-30-22-44-14-snowflake-stats,118639.0,90704.0,4521.0,22756.0,658.0,,70844.0,2588.0,44684.0,47916072.0,1902728.0,,0.0,946536.0,956096.0,104.0,8585.0,3166.0,306.0,,22376.0,30364.0
2024-05-01 22:44:14,2024-05-01,86400,,daily_unique_reset_each_window,1,snowflakes-2024-05.tar.xz:snowflakes-2024-05/01/2024-05-01-22-44-14-snowflake-stats,116325.0,88944.0,4420.0,22343.0,618.0,,70576.0,2786.0,42495.0,47797432.0,1931832.0,,0.0,919328.0,1012384.0,120.0,8816.0,3310.0,291.0,,22177.0,29478.0
2024-05-02 22:44:14,2024-05-02,86400,,daily_unique_reset_each_window,1,snowflakes-2024-05.tar.xz:snowflakes-2024-05/02/2024-05-02-22-44-14-snowflake-stats,121875.0,92923.0,4433.0,23873.0,646.0,,71985.0,2768.0,46647.0,47984912.0,1885240.0,,0.0,903840.0,981240.0,168.0,8615.0,3653.0,250.0,,23061.0,32267.0
2024-05-03 22:44:14,2024-05-03,86400,,daily_unique_reset_each_window,1,snowflakes-2024-05.tar.xz:snowflakes-2024-05/03/2024-05-03-22-44-14-snowflake-stats,116424.0,88933.0,4478.0,22429.0,584.0,,69606.0,2474.0,43890.0,47420248.0,1919312.0,,0.0,956336.0,962904.0,80.0,8074.0,3682.0,287.0,,22388.0,30176.0
2024-05-04 22:44:14,2024-05-04,86400,,daily_unique_reset_each_window,1,snowflakes-2024-05.tar.xz:snowflakes-2024-05/04/2024-05-04-22-44-14-snowflake-stats,107597.0,79842.0,4374.0,22840.0,541.0,,65343.0,2421.0,39457.0,46738184.0,1909544.0,,0.0,958912.0,950576.0,64.0,8491.0,3252.0,291.0,,20331.0,26663.0
2024-05-05 22:44:14,2024-05-05,86400,,daily_unique_reset_each_window,1,snowflakes-2024-05.tar.xz:snowflakes-2024-05/05/2024-05-05-22-44-14-snowflake-stats,111864.0,81909.0,4436.0,24967.0,552.0,,67314.0,2479.0,41627.0,47632536.0,1974240.0,,0.0,964728.0,1009384.0,136.0,9329.0,3294.0,246.0,,21420.0,28442.0
2024-05-06 22:44:14,2024-05-06,86400,,daily_unique_reset_each_window,1,snowflakes-2024-05.tar.xz:snowflakes-2024-05/06/2024-05-06-22-44-14-snowflake-stats,125234.0,92017.0,4430.0,28155.0,632.0,,73989.0,2594.0,48084.0,49001928.0,1983304.0,,0.0,961728.0,1021424.0,160.0,9579.0,3711.0,310.0,,25012.0,31113.0
2024-05-07 22:44:14,2024-05-07,86400,,daily_unique_reset_each_window,1,snowflakes-2024-05.tar.xz:snowflakes-2024-05/07/2024-05-07-22-44-14-snowflake-stats,125257.0,92714.0,4479.0,27429.0,635.0,,74650.0,2572.0,47393.0,49530264.0,1924352.0,,0.0,930336.0,993832.0,184.0,9404.0,3771.0,333.0,,24231.0,30838.0
2024-05-08 22:44:14,2024-05-08,86400,,daily_unique_reset_each_window,1,snowflakes-2024-05.tar.xz:snowflakes-2024-05/08/2024-05-08-22-44-14-snowflake-stats,123285.0,89274.0,4448.0,29000.0,563.0,,72647.0,2741.0,47386.0,50017880.0,1896000.0,,0.0,951872.0,944016.0,112.0,9592.0,3903.0,360.0,,23790.0,29955.0
2024-05-09 22:44:14,2024-05-09,86400,,daily_unique_reset_each_window,1,snowflakes-2024-05.tar.xz:snowflakes-2024-05/09/2024-05-09-22-44-14-snowflake-stats,117074.0,83984.0,4424.0,28131.0,535.0,,70083.0,2884.0,43615.0,50301200.0,1860440.0,,0.0,943584.0,916736.0,128.0,9242.0,3553.0,342.0,,22116.0,26732.0
2024-05-10 22:44:14,2024-05-10,86400,,daily_unique_reset_each_window,1,snowflakes-2024-05.tar.xz:snowflakes-2024-05/10/2024-05-10-22-44-14-snowflake-stats,118753.0,84230.0,4428.0,29584.0,511.0,,70818.0,2843.0,44610.0,50874240.0,1804336.0,,0.0,917640.0,886640.0,56.0,9204.0,3567.0,339.0,1.0,22823.0,27398.0
2024-05-11 22:44:14,2024-05-11,86400,,daily_unique_reset_each_window,1,snowflakes-2024-05.tar.xz:snowflakes-2024-05/11/2024-05-11-22-44-14-snowflake-stats,102590.0,66272.0,4366.0,31438.0,514.0,,61516.0,2606.0,38055.0,48097728.0,1840048.0,,0.0,914696.0,924960.0,400.0,10080.0,3335.0,345.0,,19514.0,22587.0
2024-05-12 22:44:14,2024-05-12,86400,,daily_unique_reset_each_window,1,snowflakes-2024-05.tar.xz:snowflakes-2024-05/12/2024-05-12-22-44-14-snowflake-stats,69802.0,34054.0,4431.0,30840.0,477.0,,41386.0,2388.0,25765.0,46463952.0,1860112.0,,0.0,912504.0,947536.0,80.0,10107.0,2029.0,266.0,,12873.0,16235.0
2024-05-13 22:44:14,2024-05-13,86400,,daily_unique_reset_each_window,1,snowflakes-2024-05.tar.xz:snowflakes-2024-05/13/2024-05-13-22-44-14-snowflake-stats,71160.0,33065.0,4435.0,33120.0,540.0,,40621.0,2484.0,27810.0,47015192.0,1909904.0,,0.0,965072.0,944624.0,216.0,10035.0,2032.0,271.0,,13163.0,16862.0
2024-05-14 22:44:14,2024-05-14,86400,,daily_unique_reset_each_window,1,snowflakes-2024-05.tar.xz:snowflakes-2024-05/14/2024-05-14-22-44-14-snowflake-stats,67993.0,28109.0,4546.0,34665.0,673.0,,39834.0,2493.0,25394.0,46909664.0,1911464.0,,0.0,1021288.0,889984.0,200.0,10271.0,1961.0,275.0,,12777.0,15714.0
2024-05-15 22:44:14,2024-05-15,86400,,daily_unique_reset_each_window,1,snowflakes-2024-05.tar.xz:snowflakes-2024-05/15/2024-05-15-22-44-14-snowflake-stats,73498.0,30648.0,4502.0,37710.0,638.0,,42127.0,3057.0,28057.0,47357824.0,2035912.0,,0.0,1104984.0,930736.0,200.0,10830.0,1969.0,283.0,,13177.0,18206.0
2024-05-16 22:44:14,2024-05-16,86400,,daily_unique_reset_each_window,1,snowflakes-2024-05.tar.xz:snowflakes-2024-05/16/2024-05-16-22-44-14-snowflake-stats,72685.0,26714.0,4523.0,40754.0,694.0,,42710.0,3444.0,26214.0,47982496.0,1952192.0,,0.0,1064888.0,886816.0,496.0,11156.0,1933.0,341.0,,13603.0,16452.0
2024-05-17 22:44:14,2024-05-17,86400,,daily_unique_reset_each_window,1,snowflakes-2024-05.tar.xz:snowflakes-2024-05/17/2024-05-17-22-44-14-snowflake-stats,68978.0,23465.0,4521.0,40408.0,584.0,,39903.0,3105.0,25694.0,48151544.0,1856888.0,,0.0,1043600.0,813048.0,248.0,10757.0,1936.0,276.0,,12605.0,15139.0
2024-05-18 22:44:14,2024-05-18,86400,,daily_unique_reset_each_window,1,snowflakes-2024-05.tar.xz:snowflakes-2024-05/18/2024-05-18-22-44-14-snowflake-stats,66620.0,20393.0,4398.0,41338.0,491.0,,39168.0,3062.0,24149.0,48730024.0,1876696.0,,0.0,1044024.0,832496.0,184.0,12077.0,1823.0,238.0,,12614.0,13265.0
2024-05-19 22:44:14,2024-05-19,86400,,daily_unique_reset_each_window,1,snowflakes-2024-05.tar.xz:snowflakes-2024-05/19/2024-05-19-22-44-14-snowflake-stats,68844.0,20219.0,4422.0,43704.0,499.0,,40203.0,3147.0,25255.0,49034696.0,2038720.0,,0.0,1043360.0,995144.0,216.0,13206.0,1829.0,261.0,,13033.0,13167.0
2024-05-20 22:44:14,2024-05-20,86400,,daily_unique_reset_each_window,1,snowflakes-2024-05.tar.xz:snowflakes-2024-05/20/2024-05-20-22-44-14-snowflake-stats,71805.0,21434.0,4492.0,45373.0,505.0,,41364.0,3438.0,26792.0,49536336.0,2022232.0,,0.0,1091256.0,930576.0,400.0,12769.0,2050.0,300.0,1.0,13368.0,13916.0
2024-05-21 22:44:14,2024-05-21,86400,,daily_unique_reset_each_window,1,snowflakes-2024-05.tar.xz:snowflakes-2024-05/21/2024-05-21-22-44-14-snowflake-stats,74618.0,22238.0,4530.0,47308.0,542.0,,42726.0,3438.0,28198.0,50087344.0,1918416.0,,0.0,1082560.0,835640.0,224.0,13835.0,2030.0,272.0,3.0,13480.0,14899.0
2024-05-22 22:44:14,2024-05-22,86400,,daily_unique_reset_each_window,1,snowflakes-2024-05.tar.xz:snowflakes-2024-05/22/2024-05-22-22-44-14-snowflake-stats,75143.0,22218.0,4512.0,47901.0,512.0,,42418.0,3598.0,28872.0,50402264.0,1884048.0,,0.0,1061528.0,822256.0,272.0,13471.0,2047.0,260.0,,13787.0,15048.0
2024-05-23 22:44:14,2024-05-23,86400,,daily_unique_reset_each_window,1,snowflakes-2024-05.tar.xz:snowflakes-2024-05/23/2024-05-23-22-44-14-snowflake-stats,75771.0,21765.0,4509.0,48965.0,532.0,,42774.0,3572.0,29150.0,50327376.0,1920896.0,,0.0,1100592.0,820088.0,232.0,13732.0,2110.0,271.0,,13564.0,14882.0
2024-05-24 22:44:14,2024-05-24,86400,,daily_unique_reset_each_window,1,snowflakes-2024-05.tar.xz:snowflakes-2024-05/24/2024-05-24-22-44-14-snowflake-stats,76898.0,21220.0,4547.0,50570.0,561.0,,43602.0,3387.0,29662.0,50466392.0,1914024.0,,0.0,1122840.0,790816.0,376.0,14367.0,2183.0,246.0,,14062.0,14680.0
2024-05-25 22:44:14,2024-05-25,86400,,daily_unique_reset_each_window,1,snowflakes-2024-05.tar.xz:snowflakes-2024-05/25/2024-05-25-22-44-14-snowflake-stats,76513.0,19273.0,4423.0,52360.0,457.0,,43630.0,3271.0,29422.0,50574888.0,2021360.0,,0.0,1175112.0,845992.0,264.0,17138.0,2073.0,255.0,,13750.0,13795.0
2024-05-26 22:44:14,2024-05-26,86400,,daily_unique_reset_each_window,1,snowflakes-2024-05.tar.xz:snowflakes-2024-05/26/2024-05-26-22-44-14-snowflake-stats,76496.0,19420.0,4492.0,52108.0,476.0,,43878.0,3523.0,28842.0,51441248.0,1935024.0,,0.0,1112408.0,822208.0,416.0,17235.0,2102.0,237.0,,13416.0,13931.0
2024-05-27 22:44:14,2024-05-27,86400,,daily_unique_reset_each_window,1,snowflakes-2024-05.tar.xz:snowflakes-2024-05/27/2024-05-27-22-44-14-snowflake-stats,81348.0,21699.0,4531.0,54564.0,554.0,,46435.0,3579.0,31076.0,52298608.0,1989384.0,,0.0,1167664.0,821536.0,192.0,17915.0,2155.0,241.0,,13617.0,15091.0
2024-05-28 22:44:14,2024-05-28,86400,,daily_unique_reset_each_window,1,snowflakes-2024-05.tar.xz:snowflakes-2024-05/28/2024-05-28-22-44-14-snowflake-stats,81986.0,22047.0,4613.0,54797.0,529.0,,47094.0,3760.0,30825.0,52279696.0,2021128.0,,0.0,1205472.0,815600.0,64.0,17971.0,2151.0,311.0,,14002.0,15223.0
2024-05-29 22:44:14,2024-05-29,86400,,daily_unique_reset_each_window,1,snowflakes-2024-05.tar.xz:snowflakes-2024-05/29/2024-05-29-22-44-14-snowflake-stats,81266.0,21614.0,4602.0,54530.0,520.0,,46368.0,3807.0,30829.0,52747864.0,1990600.0,,192.0,1196792.0,793880.0,120.0,17380.0,2150.0,267.0,,14243.0,14961.0
2024-05-30 22:44:14,2024-05-30,86400,,daily_unique_reset_each_window,1,snowflakes-2024-05.tar.xz:snowflakes-2024-05/30/2024-05-30-22-44-14-snowflake-stats,83072.0,21336.0,4513.0,56718.0,505.0,,47343.0,3926.0,31551.0,53139848.0,1967312.0,,0.0,1184552.0,782520.0,240.0,17438.0,1999.0,314.0,,14815.0,14676.0
2024-05-31 22:44:14,2024-05-31,86400,,daily_unique_reset_each_window,1,snowflakes-2024-05.tar.xz:snowflakes-2024-05/31/2024-05-31-22-44-14-snowflake-stats,83649.0,20593.0,4456.0,58050.0,550.0,,47855.0,3698.0,31840.0,53123696.0,1913488.0,,0.0,1187072.0,726280.0,136.0,16444.0,2046.0,328.0,,16272.0,14415.0
2024-06-01 22:44:14,2024-06-01,86400,,daily_unique_reset_each_window,1,snowflakes-2024-06.tar.xz:snowflakes-2024-06/01/2024-06-01-22-44-14-snowflake-stats,83951.0,18821.0,4406.0,60222.0,502.0,,46939.0,3908.0,32852.0,53627880.0,1948680.0,,0.0,1183888.0,764608.0,192.0,19021.0,2060.0,275.0,,15436.0,13481.0
2024-06-02 22:44:14,2024-06-02,86400,,daily_unique_reset_each_window,1,snowflakes-2024-06.tar.xz:snowflakes-2024-06/02/2024-06-02-22-44-14-snowflake-stats,82605.0,19620.0,4372.0,58117.0,496.0,,47628.0,3954.0,30721.0,53572240.0,1882696.0,,0.0,1141448.0,740672.0,584.0,18215.0,1990.0,265.0,,15232.0,13991.0
2024-06-03 22:44:14,2024-06-03,86400,,daily_unique_reset_each_window,1,snowflakes-2024-06.tar.xz:snowflakes-2024-06/03/2024-06-03-22-44-14-snowflake-stats,86132.0,21545.0,4448.0,59601.0,538.0,,48707.0,4291.0,32876.0,54169784.0,1848176.0,,0.0,1149080.0,698872.0,232.0,17731.0,2114.0,273.0,,15407.0,15413.0
2024-06-04 22:44:14,2024-06-04,86400,,daily_unique_reset_each_window,1,snowflakes-2024-06.tar.xz:snowflakes-2024-06/04/2024-06-04-22-44-14-snowflake-stats,88919.0,21835.0,4510.0,62052.0,522.0,,50254.0,4302.0,34046.0,54217816.0,1893472.0,,728.0,1178184.0,715904.0,112.0,17672.0,2131.0,315.0,,16314.0,15570.0
2024-06-05 22:44:14,2024-06-05,86400,,daily_unique_reset_each_window,1,snowflakes-2024-06.tar.xz:snowflakes-2024-06/05/2024-06-05-22-44-14-snowflake-stats,90465.0,21194.0,4555.0,64224.0,490.0,,51200.0,4188.0,34853.0,54563816.0,1941816.0,,0.0,1212888.0,728840.0,96.0,19022.0,2162.0,290.0,,16447.0,15148.0
2024-06-06 22:44:14,2024-06-06,86400,,daily_unique_reset_each_window,1,snowflakes-2024-06.tar.xz:snowflakes-2024-06/06/2024-06-06-22-44-14-snowflake-stats,90227.0,21014.0,4500.0,64233.0,478.0,,50421.0,4202.0,35319.0,55062352.0,1929328.0,,0.0,1207568.0,721640.0,128.0,19209.0,2223.0,319.0,,16490.0,15413.0
2024-06-07 22:44:14,2024-06-07,86400,,daily_unique_reset_each_window,1,snowflakes-2024-06.tar.xz:snowflakes-2024-06/07/2024-06-07-22-44-14-snowflake-stats,88558.0,20520.0,4678.0,62866.0,493.0,,49899.0,4181.0,34153.0,55440488.0,1826160.0,,0.0,1137024.0,689072.0,72.0,18168.0,2168.0,331.0,1.0,16428.0,15136.0
2024-06-08 22:44:14,2024-06-08,86400,,daily_unique_reset_each_window,1,snowflakes-2024-06.tar.xz:snowflakes-2024-06/08/2024-06-08-22-44-14-snowflake-stats,86565.0,18668.0,4349.0,63085.0,462.0,,49314.0,4074.0,32943.0,55762312.0,1729408.0,,0.0,1033384.0,695752.0,280.0,19650.0,2113.0,278.0,3.0,15930.0,13858.0
2024-06-09 22:44:14,2024-06-09,86400,,daily_unique_reset_each_window,1,snowflakes-2024-06.tar.xz:snowflakes-2024-06/09/2024-06-09-22-44-14-snowflake-stats,88012.0,19395.0,4393.0,63650.0,574.0,,49267.0,4236.0,34246.0,55577752.0,1876856.0,,0.0,1192208.0,684576.0,80.0,19968.0,2107.0,251.0,1.0,15771.0,14484.0
2024-06-10 22:44:14,2024-06-10,86400,,daily_unique_reset_each_window,1,snowflakes-2024-06.tar.xz:snowflakes-2024-06/10/2024-06-10-22-44-14-snowflake-stats,91373.0,21147.0,4425.0,65279.0,522.0,,50403.0,4318.0,36388.0,55486816.0,1917080.0,,0.0,1239856.0,676968.0,264.0,19760.0,2259.0,288.0,,16236.0,15426.0
2024-06-11 22:44:14,2024-06-11,86400,,daily_unique_reset_each_window,1,snowflakes-2024-06.tar.xz:snowflakes-2024-06/11/2024-06-11-22-44-14-snowflake-stats,92119.0,21436.0,4512.0,65655.0,516.0,,50136.0,4211.0,37500.0,55793592.0,1879624.0,,0.0,1207736.0,671408.0,480.0,19304.0,2199.0,306.0,,17130.0,15465.0
2024-06-12 22:44:14,2024-06-12,86400,,daily_unique_reset_each_window,1,snowflakes-2024-06.tar.xz:snowflakes-2024-06/12/2024-06-12-22-44-14-snowflake-stats,92447.0,21878.0,4470.0,65570.0,529.0,,50799.0,4137.0,37225.0,54955544.0,2010488.0,,0.0,1344552.0,665704.0,240.0,19958.0,2175.0,328.0,1.0,17129.0,15869.0
2024-06-13 22:44:14,2024-06-13,86400,,daily_unique_reset_each_window,1,snowflakes-2024-06.tar.xz:snowflakes-2024-06/13/2024-06-13-22-44-14-snowflake-stats,91166.0,21289.0,4458.0,64908.0,511.0,,50468.0,4460.0,35968.0,54601320.0,2024656.0,,0.0,1341648.0,682880.0,128.0,20111.0,2289.0,327.0,3.0,16590.0,15308.0
2024-06-14 22:44:14,2024-06-14,86400,,daily_unique_reset_each_window,1,snowflakes-2024-06.tar.xz:snowflakes-2024-06/14/2024-06-14-22-44-14-snowflake-stats,88644.0,20649.0,4465.0,62998.0,532.0,,49490.0,4443.0,34437.0,55047320.0,1955856.0,,0.0,1330336.0,625456.0,72.0,18155.0,2316.0,355.0,2.0,16744.0,15195.0
2024-06-15 22:44:14,2024-06-15,86400,,daily_unique_reset_each_window,1,snowflakes-2024-06.tar.xz:snowflakes-2024-06/15/2024-06-15-22-44-14-snowflake-stats,87545.0,18864.0,4458.0,63773.0,450.0,,49284.0,4249.0,33787.0,54789824.0,2024088.0,,0.0,1348192.0,675784.0,120.0,19927.0,2232.0,370.0,2.0,16031.0,14097.0
2024-06-16 22:44:14,2024-06-16,86400,,daily_unique_reset_each_window,1,snowflakes-2024-06.tar.xz:snowflakes-2024-06/16/2024-06-16-22-44-14-snowflake-stats,87485.0,19565.0,4483.0,62906.0,531.0,,49535.0,4000.0,33623.0,55341776.0,1931336.0,,0.0,1285336.0,645936.0,64.0,19994.0,2248.0,366.0,3.0,15737.0,14771.0
2024-06-17 22:44:14,2024-06-17,86400,,daily_unique_reset_each_window,1,snowflakes-2024-06.tar.xz:snowflakes-2024-06/17/2024-06-17-22-44-14-snowflake-stats,91766.0,21902.0,4504.0,64846.0,514.0,,52156.0,4284.0,35028.0,56034296.0,1887904.0,,0.0,1278256.0,609608.0,56.0,19183.0,2385.0,280.0,6.0,17074.0,15982.0
2024-06-18 22:44:14,2024-06-18,86400,,daily_unique_reset_each_window,1,snowflakes-2024-06.tar.xz:snowflakes-2024-06/18/2024-06-18-22-44-14-snowflake-stats,93235.0,21682.0,4561.0,66471.0,521.0,,52444.0,4239.0,36278.0,56026928.0,1958400.0,,0.0,1311016.0,647288.0,96.0,20193.0,2427.0,279.0,10.0,17023.0,15938.0
2024-06-19 22:44:14,2024-06-19,86400,,daily_unique_reset_each_window,1,snowflakes-2024-06.tar.xz:snowflakes-2024-06/19/2024-06-19-22-44-14-snowflake-stats,98989.0,27293.0,4549.0,66612.0,535.0,,55235.0,4500.0,38944.0,56972872.0,1942472.0,,0.0,1300824.0,641560.0,96.0,20706.0,2512.0,275.0,11.0,18074.0,17722.0
2024-06-20 22:44:14,2024-06-20,86400,,daily_unique_reset_each_window,1,snowflakes-2024-06.tar.xz:snowflakes-2024-06/20/2024-06-20-22-44-14-snowflake-stats,102090.0,31022.0,4596.0,65931.0,541.0,,58259.0,4418.0,39019.0,57274232.0,1904904.0,,0.0,1270960.0,633816.0,136.0,19826.0,2660.0,349.0,7.0,19498.0,18357.0
2024-06-21 22:44:14,2024-06-21,86400,,daily_unique_reset_each_window,1,snowflakes-2024-06.tar.xz:snowflakes-2024-06/21/2024-06-21-22-44-14-snowflake-stats,105148.0,33494.0,4575.0,66582.0,497.0,,58761.0,4784.0,41239.0,57555176.0,1922128.0,,0.0,1307752.0,614280.0,112.0,19974.0,2638.0,365.0,6.0,19316.0,20871.0
2024-06-22 22:44:14,2024-06-22,86400,,daily_unique_reset_each_window,1,snowflakes-2024-06.tar.xz:snowflakes-2024-06/22/2024-06-22-22-44-14-snowflake-stats,104729.0,33336.0,4453.0,66472.0,468.0,,59362.0,4631.0,40381.0,57400576.0,1936808.0,,0.0,1310432.0,626336.0,48.0,21228.0,2425.0,372.0,3.0,19016.0,20737.0
2024-06-23 22:44:14,2024-06-23,86400,,daily_unique_reset_each_window,1,snowflakes-2024-06.tar.xz:snowflakes-2024-06/23/2024-06-23-22-44-14-snowflake-stats,105117.0,34291.0,4524.0,65770.0,532.0,,59177.0,4853.0,40715.0,57535752.0,1910824.0,,0.0,1277680.0,633048.0,104.0,21230.0,2608.0,346.0,7.0,19576.0,21156.0
2024-06-24 22:44:14,2024-06-24,86400,,daily_unique_reset_each_window,1,snowflakes-2024-06.tar.xz:snowflakes-2024-06/24/2024-06-24-22-44-14-snowflake-stats,111018.0,36742.0,4466.0,69279.0,530.0,,61694.0,4681.0,44175.0,58235792.0,2049392.0,,0.0,1411048.0,638184.0,168.0,21602.0,2804.0,319.0,6.0,19368.0,23056.0
2024-06-25 22:44:14,2024-06-25,86400,,daily_unique_reset_each_window,1,snowflakes-2024-06.tar.xz:snowflakes-2024-06/25/2024-06-25-22-44-14-snowflake-stats,109427.0,36350.0,4593.0,67976.0,506.0,,60907.0,4857.0,43233.0,57401576.0,1993464.0,,0.0,1403568.0,589664.0,240.0,20090.0,2698.0,362.0,3.0,19332.0,22409.0
2024-06-26 22:44:14,2024-06-26,86400,,daily_unique_reset_each_window,1,snowflakes-2024-06.tar.xz:snowflakes-2024-06/26/2024-06-26-22-44-14-snowflake-stats,110522.0,36068.0,4514.0,69420.0,516.0,,61552.0,4822.0,43751.0,57682888.0,2061792.0,,0.0,1437408.0,624032.0,360.0,21382.0,2809.0,413.0,7.0,19547.0,22656.0
2024-06-27 22:44:14,2024-06-27,86400,,daily_unique_reset_each_window,1,snowflakes-2024-06.tar.xz:snowflakes-2024-06/27/2024-06-27-22-44-14-snowflake-stats,111160.0,35893.0,4550.0,70206.0,509.0,,61960.0,4859.0,43930.0,57401320.0,2098248.0,,0.0,1455832.0,641992.0,432.0,22225.0,2548.0,433.0,13.0,19278.0,22252.0
2024-06-28 22:44:14,2024-06-28,86400,,daily_unique_reset_each_window,1,snowflakes-2024-06.tar.xz:snowflakes-2024-06/28/2024-06-28-22-44-14-snowflake-stats,117597.0,39866.0,4526.0,72720.0,483.0,,63434.0,4532.0,49214.0,59883288.0,2100776.0,,0.0,1447784.0,652672.0,328.0,24016.0,2987.0,387.0,26.0,20651.0,23395.0
2024-06-29 22:44:14,2024-06-29,86400,,daily_unique_reset_each_window,1,snowflakes-2024-06.tar.xz:snowflakes-2024-06/29/2024-06-29-22-44-14-snowflake-stats,118055.0,37534.0,4523.0,75572.0,424.0,,65238.0,4746.0,47639.0,59991368.0,2182648.0,,0.0,1477440.0,704992.0,224.0,26580.0,2797.0,380.0,23.0,20933.0,21757.0
2024-06-30 22:44:14,2024-06-30,86400,,daily_unique_reset_each_window,1,snowflakes-2024-06.tar.xz:snowflakes-2024-06/30/2024-06-30-22-44-14-snowflake-stats,117174.0,38809.0,4573.0,73318.0,474.0,,63855.0,4591.0,48328.0,59849392.0,2197984.0,,19664.0,1528592.0,688928.0,136.0,26443.0,2642.0,364.0,33.0,20289.0,23293.0
2024-07-01 22:44:14,2024-07-01,86400,,daily_unique_reset_each_window,1,snowflakes-2024-07.tar.xz:snowflakes-2024-07/01/2024-07-01-22-44-14-snowflake-stats,124803.0,44297.0,4665.0,75323.0,518.0,,69161.0,5022.0,50175.0,59088384.0,2344792.0,,42152.0,1650296.0,736480.0,168.0,26289.0,3108.0,406.0,16.0,21438.0,26171.0
2024-07-02 22:44:14,2024-07-02,86400,,daily_unique_reset_each_window,1,snowflakes-2024-07.tar.xz:snowflakes-2024-07/02/2024-07-02-22-44-14-snowflake-stats,123233.0,42853.0,4534.0,75314.0,532.0,,68319.0,4904.0,49527.0,59135704.0,2157632.0,,0.0,1480656.0,676920.0,64.0,26083.0,3242.0,346.0,31.0,21265.0,24937.0
2024-07-03 22:44:14,2024-07-03,86400,,daily_unique_reset_each_window,1,snowflakes-2024-07.tar.xz:snowflakes-2024-07/03/2024-07-03-22-44-14-snowflake-stats,122069.0,41118.0,4457.0,76030.0,464.0,,68088.0,4834.0,48704.0,59481648.0,2156816.0,,0.0,1459064.0,697400.0,352.0,26597.0,2984.0,403.0,28.0,20624.0,24196.0
2024-07-04 22:44:14,2024-07-04,86400,,daily_unique_reset_each_window,1,snowflakes-2024-07.tar.xz:snowflakes-2024-07/04/2024-07-04-22-44-14-snowflake-stats,119998.0,39485.0,4465.0,75584.0,464.0,,66986.0,4868.0,47765.0,59403160.0,2200064.0,,0.0,1491712.0,708144.0,224.0,26325.0,2967.0,363.0,21.0,20228.0,23544.0
2024-07-05 22:44:14,2024-07-05,86400,,daily_unique_reset_each_window,1,snowflakes-2024-07.tar.xz:snowflakes-2024-07/05/2024-07-05-22-44-14-snowflake-stats,122027.0,41481.0,4380.0,75716.0,450.0,,66602.0,4792.0,50252.0,59860480.0,2237648.0,,0.0,1530464.0,706656.0,536.0,26443.0,2950.0,349.0,26.0,20258.0,24971.0
2024-07-06 22:44:14,2024-07-06,86400,,daily_unique_reset_each_window,1,snowflakes-2024-07.tar.xz:snowflakes-2024-07/06/2024-07-06-22-44-14-snowflake-stats,120657.0,40102.0,4317.0,75793.0,445.0,,66962.0,5129.0,48144.0,59038952.0,2238624.0,,0.0,1513952.0,724320.0,360.0,26655.0,2977.0,429.0,26.0,21092.0,24154.0
2024-07-07 22:44:14,2024-07-07,86400,,daily_unique_reset_each_window,1,snowflakes-2024-07.tar.xz:snowflakes-2024-07/07/2024-07-07-22-44-14-snowflake-stats,119403.0,40056.0,4355.0,74542.0,450.0,,66349.0,4990.0,47696.0,59787968.0,2118984.0,,0.0,1439448.0,679480.0,56.0,26249.0,2867.0,489.0,25.0,20277.0,24018.0
2024-07-08 22:44:14,2024-07-08,86400,,daily_unique_reset_each_window,1,snowflakes-2024-07.tar.xz:snowflakes-2024-07/08/2024-07-08-22-44-14-snowflake-stats,125487.0,44169.0,4387.0,76394.0,537.0,,69094.0,5164.0,50809.0,61206544.0,2097832.0,,0.0,1448248.0,649416.0,176.0,26702.0,3286.0,485.0,24.0,20774.0,26154.0
2024-07-09 22:44:14,2024-07-09,86400,,daily_unique_reset_each_window,1,snowflakes-2024-07.tar.xz:snowflakes-2024-07/09/2024-07-09-22-44-14-snowflake-stats,124646.0,44038.0,4442.0,75636.0,530.0,,69276.0,4974.0,49971.0,60752456.0,2084696.0,,0.0,1455488.0,629112.0,104.0,25939.0,3109.0,531.0,28.0,21392.0,25980.0
2024-07-10 22:44:14,2024-07-10,86400,,daily_unique_reset_each_window,1,snowflakes-2024-07.tar.xz:snowflakes-2024-07/10/2024-07-10-22-44-14-snowflake-stats,127486.0,45441.0,4478.0,77078.0,488.0,,68397.0,5024.0,53596.0,60043416.0,2272088.0,,9456.0,1549856.0,731592.0,104.0,27007.0,3202.0,480.0,24.0,22136.0,26976.0
2024-07-11 22:44:14,2024-07-11,86400,,daily_unique_reset_each_window,1,snowflakes-2024-07.tar.xz:snowflakes-2024-07/11/2024-07-11-22-44-14-snowflake-stats,125014.0,44003.0,4507.0,75995.0,508.0,,67491.0,4936.0,52128.0,59861360.0,2127904.0,,15448.0,1506856.0,636416.0,80.0,25174.0,3328.0,478.0,30.0,21625.0,26387.0
2024-07-12 22:44:14,2024-07-12,86400,,daily_unique_reset_each_window,1,snowflakes-2024-07.tar.xz:snowflakes-2024-07/12/2024-07-12-22-44-14-snowflake-stats,124043.0,43103.0,4445.0,76013.0,482.0,,67074.0,5337.0,51168.0,60558760.0,2020088.0,,0.0,1443272.0,576768.0,56.0,24201.0,3076.0,463.0,41.0,21149.0,26040.0
2024-07-13 22:44:14,2024-07-13,86400,,daily_unique_reset_each_window,1,snowflakes-2024-07.tar.xz:snowflakes-2024-07/13/2024-07-13-22-44-14-snowflake-stats,120304.0,38510.0,4434.0,76966.0,394.0,,66725.0,4808.0,48354.0,60446528.0,2097200.0,,0.0,1497416.0,599624.0,168.0,26574.0,3207.0,442.0,40.0,20321.0,23024.0
2024-07-14 22:44:14,2024-07-14,86400,,daily_unique_reset_each_window,1,snowflakes-2024-07.tar.xz:snowflakes-2024-07/14/2024-07-14-22-44-14-snowflake-stats,120079.0,38721.0,4342.0,76579.0,437.0,,66964.0,5230.0,47500.0,60909872.0,2024488.0,,0.0,1441408.0,582896.0,192.0,27140.0,3074.0,447.0,33.0,19896.0,23296.0
2024-07-15 22:44:14,2024-07-15,86400,,daily_unique_reset_each_window,1,snowflakes-2024-07.tar.xz:snowflakes-2024-07/15/2024-07-15-22-44-14-snowflake-stats,122449.0,42992.0,4408.0,74548.0,501.0,,67488.0,5120.0,49447.0,60900864.0,1966160.0,,0.0,1429752.0,536208.0,208.0,23737.0,2941.0,433.0,29.0,20746.0,25326.0
2024-07-16 22:44:14,2024-07-16,86400,,daily_unique_reset_each_window,1,snowflakes-2024-07.tar.xz:snowflakes-2024-07/16/2024-07-16-22-44-14-snowflake-stats,122804.0,43045.0,4443.0,74784.0,532.0,,67635.0,5632.0,49127.0,61377016.0,1992064.0,,0.0,1461496.0,530552.0,24.0,23453.0,3038.0,418.0,23.0,21621.0,25329.0
2024-07-17 22:44:14,2024-07-17,86400,,daily_unique_reset_each_window,1,snowflakes-2024-07.tar.xz:snowflakes-2024-07/17/2024-07-17-22-44-14-snowflake-stats,124717.0,42425.0,4428.0,77375.0,489.0,,68144.0,5532.0,50623.0,61074440.0,2138824.0,,0.0,1544608.0,594136.0,88.0,25169.0,2953.0,320.0,32.0,21392.0,24871.0
2024-07-18 22:44:14,2024-07-18,86400,,daily_unique_reset_each_window,1,snowflakes-2024-07.tar.xz:snowflakes-2024-07/18/2024-07-18-22-44-14-snowflake-stats,125501.0,41891.0,4370.0,78780.0,460.0,,69102.0,5013.0,50958.0,60885288.0,2233864.0,,90944.0,1656576.0,668128.0,96.0,25772.0,3123.0,416.0,27.0,21689.0,24693.0
2024-07-19 22:44:14,2024-07-19,86400,,daily_unique_reset_each_window,1,snowflakes-2024-07.tar.xz:snowflakes-2024-07/19/2024-07-19-22-44-14-snowflake-stats,120603.0,40746.0,4330.0,75073.0,454.0,,66740.0,4903.0,48561.0,60313328.0,2047984.0,,0.0,1515568.0,532384.0,40.0,23944.0,3242.0,392.0,33.0,21244.0,23941.0
2024-07-20 22:44:14,2024-07-20,86400,,daily_unique_reset_each_window,1,snowflakes-2024-07.tar.xz:snowflakes-2024-07/20/2024-07-20-22-44-14-snowflake-stats,117840.0,36998.0,4344.0,76112.0,386.0,,65671.0,5130.0,46654.0,59785992.0,2055464.0,,0.0,1486104.0,569296.0,72.0,25135.0,3049.0,474.0,40.0,20832.0,21675.0
2024-07-21 22:44:14,2024-07-21,86400,,daily_unique_reset_each_window,1,snowflakes-2024-07.tar.xz:snowflakes-2024-07/21/2024-07-21-22-44-14-snowflake-stats,118420.0,37814.0,4271.0,75887.0,448.0,,66032.0,4916.0,47089.0,59997048.0,2072768.0,,0.0,1501192.0,571296.0,288.0,25971.0,2743.0,509.0,36.0,20284.0,22222.0
2024-07-22 22:44:14,2024-07-22,86400,,daily_unique_reset_each_window,1,snowflakes-2024-07.tar.xz:snowflakes-2024-07/22/2024-07-22-22-44-14-snowflake-stats,124843.0,42258.0,4342.0,77737.0,506.0,,68435.0,5195.0,50734.0,60927824.0,2142624.0,,0.0,1559048.0,583448.0,144.0,26497.0,3031.0,436.0,39.0,20604.0,24761.0
2024-07-23 22:44:14,2024-07-23,86400,,daily_unique_reset_each_window,1,snowflakes-2024-07.tar.xz:snowflakes-2024-07/23/2024-07-23-22-44-14-snowflake-stats,125305.0,42504.0,4404.0,77915.0,482.0,,68965.0,5275.0,50599.0,60945360.0,2164896.0,,0.0,1582496.0,582152.0,256.0,26215.0,3220.0,500.0,35.0,21318.0,24874.0
2024-07-24 22:44:14,2024-07-24,86400,,daily_unique_reset_each_window,1,snowflakes-2024-07.tar.xz:snowflakes-2024-07/24/2024-07-24-22-44-14-snowflake-stats,129097.0,41769.0,4460.0,82406.0,461.0,,70446.0,5772.0,52470.0,61155840.0,2246296.0,,0.0,1646416.0,599736.0,144.0,27283.0,3136.0,635.0,39.0,22000.0,24957.0
2024-07-25 22:44:14,2024-07-25,86400,,daily_unique_reset_each_window,1,snowflakes-2024-07.tar.xz:snowflakes-2024-07/25/2024-07-25-22-44-14-snowflake-stats,127902.0,41521.0,4359.0,81557.0,465.0,,70096.0,5667.0,51751.0,61127336.0,2152136.0,,0.0,1577000.0,574936.0,216.0,25206.0,3208.0,525.0,48.0,22661.0,24526.0
2024-07-26 22:44:14,2024-07-26,86400,,daily_unique_reset_each_window,1,snowflakes-2024-07.tar.xz:snowflakes-2024-07/26/2024-07-26-22-44-14-snowflake-stats,127556.0,40772.0,4345.0,81978.0,461.0,,69890.0,5221.0,51993.0,62110040.0,2157984.0,,0.0,1612424.0,545440.0,120.0,25289.0,3424.0,476.0,32.0,22305.0,24457.0
2024-07-27 22:44:14,2024-07-27,86400,,daily_unique_reset_each_window,1,snowflakes-2024-07.tar.xz:snowflakes-2024-07/27/2024-07-27-22-44-14-snowflake-stats,127456.0,37498.0,4299.0,85177.0,482.0,,70525.0,5675.0,50805.0,61822264.0,2263776.0,,0.0,1649960.0,613768.0,56.0,29355.0,3305.0,456.0,40.0,21028.0,22576.0
2024-07-28 22:44:14,2024-07-28,86400,,daily_unique_reset_each_window,1,snowflakes-2024-07.tar.xz:snowflakes-2024-07/28/2024-07-28-22-44-14-snowflake-stats,128382.0,38441.0,4310.0,85091.0,540.0,,70755.0,5801.0,51313.0,61768344.0,2201496.0,,0.0,1618216.0,583112.0,176.0,28441.0,3086.0,492.0,44.0,22606.0,22790.0
2024-07-29 22:44:14,2024-07-29,86400,,daily_unique_reset_each_window,1,snowflakes-2024-07.tar.xz:snowflakes-2024-07/29/2024-07-29-22-44-14-snowflake-stats,135287.0,41830.0,4328.0,88675.0,454.0,,73582.0,5879.0,55375.0,62551296.0,2284216.0,,0.0,1696376.0,587712.0,144.0,28640.0,3150.0,489.0,55.0,23516.0,24596.0
2024-07-30 22:44:14,2024-07-30,86400,,daily_unique_reset_each_window,1,snowflakes-2024-07.tar.xz:snowflakes-2024-07/30/2024-07-30-22-44-14-snowflake-stats,134748.0,41764.0,4365.0,88106.0,513.0,,72911.0,5546.0,55812.0,62372816.0,2297752.0,,0.0,1706752.0,590792.0,216.0,27963.0,3092.0,497.0,48.0,23757.0,24416.0
2024-07-31 22:44:14,2024-07-31,86400,,daily_unique_reset_each_window,1,snowflakes-2024-07.tar.xz:snowflakes-2024-07/31/2024-07-31-22-44-14-snowflake-stats,134959.0,42081.0,4376.0,88014.0,488.0,,73996.0,5718.0,54790.0,61902472.0,2411600.0,,0.0,1807584.0,603816.0,216.0,28695.0,3314.0,454.0,45.0,23524.0,24720.0
2024-08-01 22:44:14,2024-08-01,86400,,daily_unique_reset_each_window,1,snowflakes-2024-08.tar.xz:snowflakes-2024-08/01/2024-08-01-22-44-14-snowflake-stats,133017.0,42768.0,4405.0,85382.0,462.0,,73445.0,5603.0,53553.0,60520520.0,2504768.0,,40.0,1925664.0,579056.0,96.0,27765.0,3511.0,490.0,38.0,22975.0,24945.0
2024-08-02 22:44:14,2024-08-02,86400,,daily_unique_reset_each_window,1,snowflakes-2024-08.tar.xz:snowflakes-2024-08/02/2024-08-02-22-44-14-snowflake-stats,131391.0,40973.0,4358.0,85643.0,417.0,,72215.0,6003.0,52740.0,60071368.0,2568856.0,,0.0,2007424.0,561288.0,160.0,27272.0,3534.0,474.0,42.0,23070.0,24130.0
2024-08-03 22:44:14,2024-08-03,86400,,daily_unique_reset_each_window,1,snowflakes-2024-08.tar.xz:snowflakes-2024-08/03/2024-08-03-22-44-14-snowflake-stats,128661.0,37257.0,4308.0,86665.0,431.0,,71925.0,5525.0,50779.0,59968440.0,2692952.0,,0.0,2088112.0,604632.0,224.0,29111.0,3594.0,471.0,41.0,22759.0,21972.0
2024-08-04 22:44:14,2024-08-04,86400,,daily_unique_reset_each_window,1,snowflakes-2024-08.tar.xz:snowflakes-2024-08/04/2024-08-04-22-44-14-snowflake-stats,128744.0,38614.0,4274.0,85419.0,437.0,,71210.0,5880.0,51259.0,60311480.0,2640336.0,,0.0,2040584.0,599672.0,80.0,28782.0,3435.0,392.0,54.0,22679.0,22797.0
2024-08-05 22:44:14,2024-08-05,86400,,daily_unique_reset_each_window,1,snowflakes-2024-08.tar.xz:snowflakes-2024-08/05/2024-08-05-22-44-14-snowflake-stats,138264.0,41636.0,4322.0,91796.0,509.0,,75107.0,5910.0,56801.0,60434688.0,2826048.0,,0.0,2201448.0,624504.0,104.0,30556.0,3805.0,408.0,47.0,23296.0,24589.0
2024-08-06 22:44:14,2024-08-06,86400,,daily_unique_reset_each_window,1,snowflakes-2024-08.tar.xz:snowflakes-2024-08/06/2024-08-06-22-44-14-snowflake-stats,137464.0,41793.0,4362.0,90842.0,467.0,,74205.0,5952.0,56879.0,60060288.0,2888984.0,,0.0,2238536.0,649936.0,528.0,31515.0,3678.0,384.0,57.0,23407.0,24366.0
2024-08-07 22:44:14,2024-08-07,86400,,daily_unique_reset_each_window,1,snowflakes-2024-08.tar.xz:snowflakes-2024-08/07/2024-08-07-22-44-14-snowflake-stats,137530.0,42096.0,4416.0,90526.0,492.0,,75017.0,6078.0,55982.0,60249888.0,2837304.0,,0.0,2204496.0,632600.0,208.0,30534.0,3522.0,359.0,55.0,23906.0,24226.0
2024-08-08 22:44:14,2024-08-08,86400,,daily_unique_reset_each_window,1,snowflakes-2024-08.tar.xz:snowflakes-2024-08/08/2024-08-08-22-44-14-snowflake-stats,134614.0,40979.0,4335.0,88818.0,482.0,,72354.0,6227.0,55542.0,58733856.0,3002112.0,,144.0,2374568.0,627448.0,240.0,29015.0,3943.0,377.0,57.0,22568.0,23981.0
2024-08-09 22:44:14,2024-08-09,86400,,daily_unique_reset_each_window,1,snowflakes-2024-08.tar.xz:snowflakes-2024-08/09/2024-08-09-22-44-14-snowflake-stats,133849.0,40528.0,4348.0,88496.0,477.0,,71871.0,5797.0,55679.0,58911320.0,2851584.0,,624.0,2234424.0,617448.0,344.0,27782.0,4174.0,361.0,51.0,23199.0,23659.0
2024-08-10 22:44:14,2024-08-10,86400,,daily_unique_reset_each_window,1,snowflakes-2024-08.tar.xz:snowflakes-2024-08/10/2024-08-10-22-44-14-snowflake-stats,131027.0,36474.0,4326.0,89844.0,383.0,,71669.0,6054.0,52897.0,59024720.0,2831792.0,,0.0,2210632.0,620856.0,312.0,30567.0,4308.0,517.0,44.0,22350.0,21535.0
2024-08-11 22:44:14,2024-08-11,86400,,daily_unique_reset_each_window,1,snowflakes-2024-08.tar.xz:snowflakes-2024-08/11/2024-08-11-22-44-14-snowflake-stats,131179.0,37734.0,4384.0,88592.0,469.0,,71182.0,6076.0,53498.0,59509912.0,2848184.0,,0.0,2228808.0,619256.0,128.0,30797.0,4126.0,547.0,53.0,22491.0,22028.0
2024-08-12 22:44:14,2024-08-12,86400,,daily_unique_reset_each_window,1,snowflakes-2024-08.tar.xz:snowflakes-2024-08/12/2024-08-12-22-44-14-snowflake-stats,138053.0,41915.0,4447.0,91266.0,425.0,,74865.0,6269.0,56536.0,59106080.0,3019128.0,,1464.0,2397968.0,622496.0,136.0,29591.0,4486.0,643.0,47.0,24819.0,23995.0
2024-08-13 22:44:14,2024-08-13,86400,,daily_unique_reset_each_window,1,snowflakes-2024-08.tar.xz:snowflakes-2024-08/13/2024-08-13-22-44-14-snowflake-stats,139180.0,42215.0,4416.0,92101.0,448.0,,75126.0,6178.0,57409.0,59923072.0,2933904.0,,0.0,2309448.0,624352.0,112.0,29707.0,4375.0,681.0,55.0,24707.0,24791.0
2024-08-14 22:44:14,2024-08-14,86400,,daily_unique_reset_each_window,1,snowflakes-2024-08.tar.xz:snowflakes-2024-08/14/2024-08-14-22-44-14-snowflake-stats,140764.0,43004.0,4506.0,92790.0,464.0,,74807.0,6159.0,59259.0,59702792.0,2975464.0,,0.0,2340088.0,635240.0,144.0,30079.0,4269.0,727.0,51.0,24245.0,25285.0
2024-08-15 22:44:14,2024-08-15,86400,,daily_unique_reset_each_window,1,snowflakes-2024-08.tar.xz:snowflakes-2024-08/15/2024-08-15-22-44-14-snowflake-stats,138523.0,42099.0,4401.0,91537.0,486.0,,75046.0,5789.0,57259.0,60019544.0,2826984.0,,72.0,2216216.0,610696.0,144.0,28948.0,4226.0,696.0,52.0,24548.0,24592.0
2024-08-16 22:44:14,2024-08-16,86400,,daily_unique_reset_each_window,1,snowflakes-2024-08.tar.xz:snowflakes-2024-08/16/2024-08-16-22-44-14-snowflake-stats,134281.0,41052.0,4380.0,88420.0,429.0,,73272.0,5977.0,54582.0,60141888.0,2667208.0,,0.0,2106784.0,559680.0,752.0,26584.0,4343.0,617.0,68.0,23741.0,23560.0
2024-08-17 22:44:14,2024-08-17,86400,,daily_unique_reset_each_window,1,snowflakes-2024-08.tar.xz:snowflakes-2024-08/17/2024-08-17-22-44-14-snowflake-stats,133504.0,37736.0,4413.0,90918.0,437.0,,72902.0,6039.0,54152.0,59905832.0,2634384.0,,0.0,2055784.0,578064.0,536.0,28748.0,4296.0,728.0,62.0,23467.0,21763.0
2024-08-18 22:44:14,2024-08-18,86400,,daily_unique_reset_each_window,1,snowflakes-2024-08.tar.xz:snowflakes-2024-08/18/2024-08-18-22-44-14-snowflake-stats,132245.0,39695.0,4529.0,87598.0,423.0,,72124.0,5898.0,53787.0,58699744.0,2639904.0,,6976.0,2080696.0,566000.0,184.0,27619.0,4056.0,653.0,53.0,22445.0,23402.0
2024-08-19 22:44:14,2024-08-19,86400,,daily_unique_reset_each_window,1,snowflakes-2024-08.tar.xz:snowflakes-2024-08/19/2024-08-19-22-44-14-snowflake-stats,137572.0,42678.0,4460.0,90032.0,402.0,,74736.0,5870.0,56525.0,61063152.0,2684208.0,,0.0,2122688.0,561432.0,104.0,28365.0,4402.0,610.0,49.0,24069.0,24806.0
2024-08-20 22:44:14,2024-08-20,86400,,daily_unique_reset_each_window,1,snowflakes-2024-08.tar.xz:snowflakes-2024-08/20/2024-08-20-22-44-14-snowflake-stats,138311.0,42760.0,4521.0,90629.0,401.0,,75566.0,5917.0,56329.0,61177136.0,2699440.0,,0.0,2126344.0,573032.0,72.0,28859.0,4176.0,590.0,52.0,23885.0,24705.0
2024-08-21 22:44:14,2024-08-21,86400,,daily_unique_reset_each_window,1,snowflakes-2024-08.tar.xz:snowflakes-2024-08/21/2024-08-21-22-44-14-snowflake-stats,133967.0,43317.0,4527.0,85723.0,400.0,,73365.0,5744.0,54368.0,58510320.0,2657936.0,,0.0,2100176.0,557656.0,112.0,27762.0,4165.0,615.0,43.0,22031.0,24720.0
2024-08-22 22:44:14,2024-08-22,86400,inactive_instance,daily_unique_reset_each_window,1,snowflakes-2024-08.tar.xz:snowflakes-2024-08/22/2024-08-22-22-44-14-snowflake-stats,,,,,,,,,,,,,,,,,25085.0,3839.0,496.0,51.0,18515.0,21540.0
2024-08-25 10:17:05,2024-08-24,86400,,daily_unique_reset_each_window,1,snowflakes-2024-08.tar.xz:snowflakes-2024-08/25/2024-08-25-10-17-05-snowflake-stats,124888.0,38577.0,4396.0,81540.0,375.0,,66801.0,5344.0,52363.0,58958864.0,2352896.0,,0.0,1833600.0,519232.0,64.0,27561.0,4134.0,562.0,51.0,20940.0,22018.0
2024-08-26 10:17:05,2024-08-25,86400,,daily_unique_reset_each_window,1,snowflakes-2024-08.tar.xz:snowflakes-2024-08/26/2024-08-26-10-17-05-snowflake-stats,131313.0,43203.0,4392.0,83234.0,484.0,,70815.0,5614.0,54435.0,59162440.0,2504280.0,,0.0,1993272.0,510896.0,120.0,27994.0,4524.0,648.0,54.0,21513.0,25062.0
2024-08-27 10:17:05,2024-08-26,86400,,daily_unique_reset_each_window,1,snowflakes-2024-08.tar.xz:snowflakes-2024-08/27/2024-08-27-10-17-05-snowflake-stats,140279.0,44771.0,4563.0,90477.0,468.0,,76447.0,5890.0,57464.0,58762640.0,2833920.0,,7784.0,2173000.0,668576.0,128.0,31346.0,4414.0,596.0,65.0,22764.0,25888.0
2024-08-28 10:17:05,2024-08-27,86400,,daily_unique_reset_each_window,1,snowflakes-2024-08.tar.xz:snowflakes-2024-08/28/2024-08-28-10-17-05-snowflake-stats,142351.0,46028.0,4502.0,91293.0,528.0,,76817.0,6185.0,58822.0,59640496.0,2739200.0,,0.0,2124152.0,614888.0,160.0,31139.0,4589.0,590.0,63.0,23051.0,26241.0
2024-08-29 10:17:05,2024-08-28,86400,,daily_unique_reset_each_window,1,snowflakes-2024-08.tar.xz:snowflakes-2024-08/29/2024-08-29-10-17-05-snowflake-stats,139492.0,42485.0,4491.0,92043.0,473.0,,77459.0,6292.0,55234.0,58735120.0,2751056.0,,0.0,2153464.0,597440.0,160.0,32061.0,4447.0,598.0,59.0,22983.0,25080.0
2024-08-30 10:17:05,2024-08-29,86400,,daily_unique_reset_each_window,1,snowflakes-2024-08.tar.xz:snowflakes-2024-08/30/2024-08-30-10-17-05-snowflake-stats,129714.0,33896.0,4466.0,90883.0,469.0,,72068.0,6657.0,50640.0,58098872.0,2660864.0,,0.0,2141296.0,519512.0,64.0,29019.0,4270.0,516.0,68.0,21566.0,23138.0
2024-08-31 10:17:05,2024-08-30,86400,,daily_unique_reset_each_window,1,snowflakes-2024-08.tar.xz:snowflakes-2024-08/31/2024-08-31-10-17-05-snowflake-stats,129167.0,30033.0,4383.0,94329.0,422.0,,72079.0,6649.0,50063.0,58428888.0,2670680.0,,0.0,2152656.0,517904.0,120.0,29675.0,3999.0,549.0,59.0,22708.0,21078.0
2024-09-01 10:17:05,2024-08-31,86400,,daily_unique_reset_each_window,1,snowflakes-2024-09.tar.xz:snowflakes-2024-09/01/2024-09-01-10-17-05-snowflake-stats,124424.0,25858.0,4426.0,93719.0,421.0,,68982.0,6738.0,48339.0,58958776.0,2609416.0,,0.0,2089560.0,519800.0,64.0,30021.0,3894.0,600.0,57.0,21064.0,18932.0
2024-09-02 10:17:05,2024-09-01,86400,,daily_unique_reset_each_window,1,snowflakes-2024-09.tar.xz:snowflakes-2024-09/02/2024-09-02-10-17-05-snowflake-stats,123245.0,27903.0,4503.0,90390.0,449.0,,67110.0,6239.0,49559.0,59504848.0,2484848.0,,0.0,1962440.0,522368.0,40.0,27873.0,3953.0,533.0,41.0,20866.0,20718.0
2024-09-03 10:17:05,2024-09-02,86400,,daily_unique_reset_each_window,1,snowflakes-2024-09.tar.xz:snowflakes-2024-09/03/2024-09-03-10-17-05-snowflake-stats,126532.0,28283.0,4525.0,93216.0,508.0,,69365.0,6513.0,50264.0,60190016.0,2516552.0,,0.0,1992208.0,524280.0,72.0,28601.0,3809.0,505.0,58.0,20835.0,21135.0
2024-09-04 10:17:05,2024-09-03,86400,,daily_unique_reset_each_window,1,snowflakes-2024-09.tar.xz:snowflakes-2024-09/04/2024-09-04-10-17-05-snowflake-stats,126241.0,27381.0,4472.0,93867.0,521.0,,70215.0,6479.0,49188.0,61242840.0,2460392.0,,0.0,1971424.0,488776.0,200.0,28684.0,3762.0,531.0,52.0,20833.0,20624.0
2024-09-05 10:17:05,2024-09-04,86400,,daily_unique_reset_each_window,1,snowflakes-2024-09.tar.xz:snowflakes-2024-09/05/2024-09-05-10-17-05-snowflake-stats,147870.0,48525.0,4511.0,94348.0,486.0,,75709.0,6688.0,64917.0,63617736.0,2472864.0,,0.0,1981816.0,490912.0,136.0,27923.0,4829.0,504.0,51.0,24861.0,26841.0
2024-09-06 10:17:05,2024-09-05,86400,,daily_unique_reset_each_window,1,snowflakes-2024-09.tar.xz:snowflakes-2024-09/06/2024-09-06-10-17-05-snowflake-stats,151969.0,53848.0,4471.0,93157.0,493.0,,83124.0,6906.0,61323.0,63094040.0,2466560.0,,0.0,1981560.0,484928.0,80.0,27572.0,4924.0,543.0,54.0,25664.0,28208.0
2024-09-07 10:17:05,2024-09-06,86400,,daily_unique_reset_each_window,1,snowflakes-2024-09.tar.xz:snowflakes-2024-09/07/2024-09-07-10-17-05-snowflake-stats,151937.0,51794.0,4413.0,95243.0,487.0,,84043.0,6980.0,60354.0,63112144.0,2595816.0,,0.0,2095504.0,500240.0,80.0,29276.0,5038.0,544.0,42.0,26330.0,26932.0
2024-09-08 10:17:05,2024-09-07,86400,,daily_unique_reset_each_window,1,snowflakes-2024-09.tar.xz:snowflakes-2024-09/08/2024-09-08-10-17-05-snowflake-stats,146263.0,48116.0,4430.0,93202.0,515.0,,81462.0,6440.0,57787.0,62970336.0,2507488.0,,0.0,2011648.0,495752.0,96.0,29602.0,4624.0,647.0,49.0,25461.0,25039.0
2024-09-09 10:17:05,2024-09-08,86400,,daily_unique_reset_each_window,1,snowflakes-2024-09.tar.xz:snowflakes-2024-09/09/2024-09-09-10-17-05-snowflake-stats,152964.0,53980.0,4371.0,94144.0,469.0,,83699.0,7069.0,61629.0,63745688.0,2679608.0,,0.0,2166232.0,513304.0,80.0,29252.0,4955.0,675.0,50.0,25267.0,28562.0
2024-09-10 10:17:05,2024-09-09,86400,,daily_unique_reset_each_window,1,snowflakes-2024-09.tar.xz:snowflakes-2024-09/10/2024-09-10-10-17-05-snowflake-stats,160925.0,57839.0,4467.0,98097.0,522.0,,88141.0,7201.0,64974.0,63415560.0,2795480.0,,0.0,2253376.0,541848.0,264.0,30182.0,5179.0,676.0,64.0,26867.0,30419.0
2024-09-11 10:17:05,2024-09-10,86400,,daily_unique_reset_each_window,1,snowflakes-2024-09.tar.xz:snowflakes-2024-09/11/2024-09-11-10-17-05-snowflake-stats,162175.0,58466.0,4459.0,98725.0,525.0,,90378.0,4989.0,66152.0,64390472.0,2770848.0,,0.0,2244560.0,525912.0,392.0,30107.0,5181.0,579.0,54.0,27518.0,30877.0
2024-09-12 10:17:05,2024-09-11,86400,,daily_unique_reset_each_window,1,snowflakes-2024-09.tar.xz:snowflakes-2024-09/12/2024-09-12-10-17-05-snowflake-stats,161256.0,58911.0,4394.0,97431.0,520.0,,90457.0,3399.0,66884.0,64501616.0,2627848.0,,0.0,2120392.0,506800.0,664.0,29406.0,5310.0,603.0,60.0,27115.0,31265.0
2024-09-13 10:17:05,2024-09-12,86400,,daily_unique_reset_each_window,1,snowflakes-2024-09.tar.xz:snowflakes-2024-09/13/2024-09-13-10-17-05-snowflake-stats,159003.0,57105.0,4440.0,96903.0,555.0,,90868.0,2617.0,64913.0,65924104.0,2478296.0,,0.0,2015240.0,462944.0,120.0,28192.0,5444.0,605.0,66.0,27113.0,30373.0
2024-09-14 10:17:05,2024-09-13,86400,,daily_unique_reset_each_window,1,snowflakes-2024-09.tar.xz:snowflakes-2024-09/14/2024-09-14-10-17-05-snowflake-stats,158395.0,54776.0,4423.0,98741.0,455.0,,91349.0,2504.0,63941.0,65911480.0,2427400.0,,0.0,1962560.0,464784.0,64.0,29838.0,5518.0,598.0,72.0,27087.0,28693.0
2024-09-15 10:17:05,2024-09-14,86400,,daily_unique_reset_each_window,1,snowflakes-2024-09.tar.xz:snowflakes-2024-09/15/2024-09-15-10-17-05-snowflake-stats,150386.0,50290.0,4326.0,95360.0,410.0,,87132.0,2090.0,60631.0,65386152.0,2590160.0,,0.0,2110904.0,479104.0,160.0,30831.0,5152.0,601.0,65.0,25599.0,26109.0
2024-09-16 10:17:05,2024-09-15,86400,,daily_unique_reset_each_window,1,snowflakes-2024-09.tar.xz:snowflakes-2024-09/16/2024-09-16-10-17-05-snowflake-stats,155968.0,55939.0,4386.0,95175.0,468.0,,89896.0,2101.0,63370.0,67444424.0,2344704.0,,0.0,1886624.0,457808.0,272.0,29458.0,5241.0,677.0,57.0,25915.0,28956.0
2024-09-17 10:17:05,2024-09-16,86400,,daily_unique_reset_each_window,1,snowflakes-2024-09.tar.xz:snowflakes-2024-09/17/2024-09-17-10-17-05-snowflake-stats,161970.0,59448.0,4478.0,97577.0,467.0,,94392.0,2191.0,64762.0,67607608.0,2379432.0,,0.0,1921808.0,457312.0,320.0,29756.0,5347.0,699.0,50.0,26650.0,30614.0
2024-09-18 10:17:05,2024-09-17,86400,,daily_unique_reset_each_window,1,snowflakes-2024-09.tar.xz:snowflakes-2024-09/18/2024-09-18-10-17-05-snowflake-stats,162011.0,58841.0,4459.0,98215.0,496.0,,93898.0,2110.0,65377.0,67601496.0,2473064.0,,0.0,2010920.0,461768.0,376.0,29300.0,5522.0,640.0,52.0,26310.0,30119.0
2024-09-19 10:17:05,2024-09-18,86400,,daily_unique_reset_each_window,1,snowflakes-2024-09.tar.xz:snowflakes-2024-09/19/2024-09-19-10-17-05-snowflake-stats,161459.0,58655.0,4467.0,97816.0,521.0,,93703.0,2112.0,64964.0,67402320.0,2376384.0,,0.0,1929272.0,446872.0,248.0,29562.0,5580.0,673.0,61.0,26940.0,30040.0
2024-09-19 13:40:04,2024-09-19,86400,superseded_same_date,daily_unique_reset_each_window,62,snowflakes-2026-04.tar.xz:snowflakes-2026-04/30/2026-04-29-15-12-47-snowflake-stats,1.0,0.0,1.0,0.0,0.0,,0.0,0.0,1.0,216.0,0.0,,0.0,0.0,0.0,0.0,,,,,,
2024-09-20 10:17:05,2024-09-19,86400,,daily_unique_reset_each_window,1,snowflakes-2024-09.tar.xz:snowflakes-2024-09/20/2024-09-20-10-17-05-snowflake-stats,158951.0,57894.0,4545.0,96044.0,468.0,,92549.0,1934.0,63790.0,66379056.0,2736280.0,,64.0,2316496.0,419640.0,208.0,27148.0,5711.0,644.0,78.0,27104.0,29620.0
2024-09-20 13:40:04,2024-09-20,86400,inactive_instance,daily_unique_reset_each_window,62,snowflakes-2026-04.tar.xz:snowflakes-2026-04/30/2026-04-29-15-12-47-snowflake-stats,0.0,0.0,0.0,0.0,0.0,,0.0,0.0,0.0,0.0,0.0,,0.0,0.0,0.0,0.0,,,,,,
2024-09-21 10:17:05,2024-09-20,86400,,daily_unique_reset_each_window,1,snowflakes-2024-09.tar.xz:snowflakes-2024-09/21/2024-09-21-10-17-05-snowflake-stats,155801.0,54450.0,4350.0,96510.0,488.0,,91114.0,1778.0,62283.0,65791992.0,2469608.0,,0.0,2056896.0,412560.0,160.0,27246.0,5433.0,716.0,74.0,27254.0,27749.0
2024-09-21 13:40:04,2024-09-21,86400,inactive_instance,daily_unique_reset_each_window,62,snowflakes-2026-04.tar.xz:snowflakes-2026-04/30/2026-04-29-15-12-47-snowflake-stats,0.0,0.0,0.0,0.0,0.0,,0.0,0.0,0.0,0.0,0.0,,0.0,0.0,0.0,0.0,,,,,,
2024-09-22 10:17:05,2024-09-21,86400,,daily_unique_reset_each_window,1,snowflakes-2024-09.tar.xz:snowflakes-2024-09/22/2024-09-22-10-17-05-snowflake-stats,151755.0,50604.0,4348.0,96345.0,458.0,,88715.0,1850.0,60573.0,66136664.0,2406024.0,,0.0,1985192.0,420624.0,216.0,28958.0,5041.0,686.0,97.0,25985.0,25519.0
2024-09-22 13:40:04,2024-09-22,86400,inactive_instance,daily_unique_reset_each_window,62,snowflakes-2026-04.tar.xz:snowflakes-2026-04/30/2026-04-29-15-12-47-snowflake-stats,0.0,0.0,0.0,0.0,0.0,,0.0,0.0,0.0,0.0,0.0,,0.0,0.0,0.0,0.0,,,,,,
2024-09-23 10:17:05,2024-09-22,86400,,daily_unique_reset_each_window,1,snowflakes-2024-09.tar.xz:snowflakes-2024-09/23/2024-09-23-10-17-05-snowflake-stats,157872.0,56024.0,4327.0,97018.0,503.0,,92181.0,1903.0,63216.0,66997776.0,2362008.0,,0.0,1924728.0,437064.0,224.0,29905.0,5141.0,671.0,83.0,26119.0,28545.0
2024-09-23 13:40:04,2024-09-23,86400,inactive_instance,daily_unique_reset_each_window,62,snowflakes-2026-04.tar.xz:snowflakes-2026-04/30/2026-04-29-15-12-47-snowflake-stats,0.0,0.0,0.0,0.0,0.0,,0.0,0.0,0.0,0.0,0.0,,0.0,0.0,0.0,0.0,,,,,,
2024-09-24 10:17:05,2024-09-23,86400,,daily_unique_reset_each_window,1,snowflakes-2024-09.tar.xz:snowflakes-2024-09/24/2024-09-24-10-17-05-snowflake-stats,163890.0,59924.0,4363.0,99072.0,531.0,,95515.0,1920.0,65814.0,67055376.0,2463200.0,,0.0,2020600.0,442384.0,216.0,29416.0,5284.0,686.0,103.0,27674.0,30352.0
2024-09-24 13:40:04,2024-09-24,86400,inactive_instance,daily_unique_reset_each_window,62,snowflakes-2026-04.tar.xz:snowflakes-2026-04/30/2026-04-29-15-12-47-snowflake-stats,0.0,0.0,0.0,0.0,0.0,,0.0,0.0,0.0,0.0,0.0,,0.0,0.0,0.0,0.0,,,,,,
2024-09-25 10:17:05,2024-09-24,86400,,daily_unique_reset_each_window,1,snowflakes-2024-09.tar.xz:snowflakes-2024-09/25/2024-09-25-10-17-05-snowflake-stats,166554.0,60291.0,4428.0,101323.0,512.0,,97127.0,1819.0,66920.0,67483560.0,2482784.0,,0.0,2045088.0,437576.0,128.0,29877.0,5240.0,669.0,101.0,28873.0,30647.0
2024-09-25 13:40:04,2024-09-25,86400,inactive_instance,daily_unique_reset_each_window,62,snowflakes-2026-04.tar.xz:snowflakes-2026-04/30/2026-04-29-15-12-47-snowflake-stats,0.0,0.0,0.0,0.0,0.0,,0.0,0.0,0.0,0.0,0.0,,0.0,0.0,0.0,0.0,,,,,,
2024-09-26 10:17:05,2024-09-25,86400,,daily_unique_reset_each_window,1,snowflakes-2024-09.tar.xz:snowflakes-2024-09/26/2024-09-26-10-17-05-snowflake-stats,166898.0,60496.0,4387.0,101526.0,489.0,,97080.0,1794.0,67388.0,66878344.0,2615592.0,,18272.0,2176472.0,457344.0,56.0,29474.0,5355.0,680.0,123.0,28222.0,30975.0
2024-09-26 13:40:04,2024-09-26,86400,inactive_instance,daily_unique_reset_each_window,62,snowflakes-2026-04.tar.xz:snowflakes-2026-04/30/2026-04-29-15-12-47-snowflake-stats,0.0,0.0,0.0,0.0,0.0,,0.0,0.0,0.0,0.0,0.0,,0.0,0.0,0.0,0.0,,,,,,
2024-09-27 10:17:05,2024-09-26,86400,,daily_unique_reset_each_window,1,snowflakes-2024-09.tar.xz:snowflakes-2024-09/27/2024-09-27-10-17-05-snowflake-stats,165013.0,60499.0,4374.0,99668.0,472.0,,95851.0,1713.0,66784.0,67190192.0,2479512.0,,0.0,2065760.0,413568.0,192.0,27575.0,5492.0,695.0,137.0,28504.0,30934.0
2024-09-27 13:40:04,2024-09-27,86400,inactive_instance,daily_unique_reset_each_window,62,snowflakes-2026-04.tar.xz:snowflakes-2026-04/30/2026-04-29-15-12-47-snowflake-stats,0.0,0.0,0.0,0.0,0.0,,0.0,0.0,0.0,0.0,0.0,,0.0,0.0,0.0,0.0,,,,,,
2024-09-28 10:17:05,2024-09-27,86400,,daily_unique_reset_each_window,1,snowflakes-2024-09.tar.xz:snowflakes-2024-09/28/2024-09-28-10-17-05-snowflake-stats,162406.0,57380.0,4338.0,100254.0,434.0,,94900.0,1784.0,65114.0,66853232.0,2559216.0,,0.0,2148392.0,410752.0,88.0,28433.0,5141.0,674.0,131.0,28990.0,29035.0
2024-09-28 13:40:04,2024-09-28,86400,inactive_instance,daily_unique_reset_each_window,62,snowflakes-2026-04.tar.xz:snowflakes-2026-04/30/2026-04-29-15-12-47-snowflake-stats,0.0,0.0,0.0,0.0,0.0,,0.0,0.0,0.0,0.0,0.0,,0.0,0.0,0.0,0.0,,,,,,
2024-09-29 10:17:05,2024-09-28,86400,,daily_unique_reset_each_window,1,snowflakes-2024-09.tar.xz:snowflakes-2024-09/29/2024-09-29-10-17-05-snowflake-stats,156767.0,52459.0,4330.0,99520.0,458.0,,91182.0,1705.0,63149.0,66513552.0,2570872.0,,0.0,2146896.0,423592.0,384.0,29813.0,4906.0,650.0,110.0,27451.0,26612.0
2024-09-29 13:40:04,2024-09-29,86400,inactive_instance,daily_unique_reset_each_window,62,snowflakes-2026-04.tar.xz:snowflakes-2026-04/30/2026-04-29-15-12-47-snowflake-stats,0.0,0.0,0.0,0.0,0.0,,0.0,0.0,0.0,0.0,0.0,,0.0,0.0,0.0,0.0,,,,,,
2024-09-30 10:17:05,2024-09-29,86400,,daily_unique_reset_each_window,1,snowflakes-2024-09.tar.xz:snowflakes-2024-09/30/2024-09-30-10-17-05-snowflake-stats,160672.0,57535.0,4333.0,98322.0,482.0,,93516.0,1819.0,64659.0,66268688.0,2767184.0,,0.0,2367584.0,398864.0,744.0,28437.0,5185.0,654.0,104.0,27371.0,29565.0
2024-09-30 13:40:04,2024-09-30,86400,inactive_instance,daily_unique_reset_each_window,62,snowflakes-2026-04.tar.xz:snowflakes-2026-04/30/2026-04-29-15-12-47-snowflake-stats,0.0,0.0,0.0,0.0,0.0,,0.0,0.0,0.0,0.0,0.0,,0.0,0.0,0.0,0.0,,,,,,
2024-10-01 10:17:05,2024-09-30,86400,,daily_unique_reset_each_window,1,snowflakes-2024-10.tar.xz:snowflakes-2024-10/01/2024-10-01-10-17-05-snowflake-stats,165533.0,60934.0,4420.0,99648.0,531.0,,95862.0,1816.0,67240.0,66823552.0,2796344.0,,0.0,2377352.0,418720.0,288.0,28520.0,5272.0,683.0,123.0,28936.0,30793.0
2024-10-01 15:04:10,2024-10-01,86400,inactive_instance,daily_unique_reset_each_window,62,snowflakes-2026-04.tar.xz:snowflakes-2026-04/30/2026-04-29-15-12-47-snowflake-stats,0.0,0.0,0.0,0.0,0.0,,0.0,0.0,0.0,0.0,0.0,,0.0,0.0,0.0,0.0,,,,,,
2024-10-02 10:17:05,2024-10-01,86400,,daily_unique_reset_each_window,1,snowflakes-2024-10.tar.xz:snowflakes-2024-10/02/2024-10-02-10-17-05-snowflake-stats,171210.0,60698.0,4458.0,105537.0,517.0,,99177.0,1801.0,69487.0,67237464.0,2816592.0,,0.0,2368904.0,447336.0,368.0,31027.0,5429.0,657.0,118.0,30555.0,30888.0
2024-10-02 15:04:10,2024-10-02,86400,inactive_instance,daily_unique_reset_each_window,62,snowflakes-2026-04.tar.xz:snowflakes-2026-04/30/2026-04-29-15-12-47-snowflake-stats,0.0,0.0,0.0,0.0,0.0,,0.0,0.0,0.0,0.0,0.0,,0.0,0.0,0.0,0.0,,,,,,
2024-10-03 10:17:05,2024-10-02,86400,,daily_unique_reset_each_window,1,snowflakes-2024-10.tar.xz:snowflakes-2024-10/03/2024-10-03-10-17-05-snowflake-stats,169836.0,59678.0,4412.0,105266.0,480.0,,97409.0,1797.0,69933.0,68187104.0,2598136.0,,0.0,2162896.0,435048.0,200.0,30572.0,5533.0,650.0,97.0,31038.0,29700.0
2024-10-03 15:04:10,2024-10-03,86400,inactive_instance,daily_unique_reset_each_window,62,snowflakes-2026-04.tar.xz:snowflakes-2026-04/30/2026-04-29-15-12-47-snowflake-stats,0.0,0.0,0.0,0.0,0.0,,0.0,0.0,0.0,0.0,0.0,,0.0,0.0,0.0,0.0,,,,,,
2024-10-04 10:17:05,2024-10-03,86400,,daily_unique_reset_each_window,1,snowflakes-2024-10.tar.xz:snowflakes-2024-10/04/2024-10-04-10-17-05-snowflake-stats,164768.0,59139.0,4452.0,100731.0,446.0,,96335.0,1855.0,65941.0,67729760.0,2504208.0,,0.0,2114408.0,389584.0,224.0,26787.0,5524.0,670.0,125.0,30335.0,29217.0
2024-10-04 15:04:10,2024-10-04,86400,inactive_instance,daily_unique_reset_each_window,62,snowflakes-2026-04.tar.xz:snowflakes-2026-04/30/2026-04-29-15-12-47-snowflake-stats,0.0,0.0,0.0,0.0,0.0,,0.0,0.0,0.0,0.0,0.0,,0.0,0.0,0.0,0.0,,,,,,
2024-10-05 10:17:05,2024-10-04,86400,,daily_unique_reset_each_window,1,snowflakes-2024-10.tar.xz:snowflakes-2024-10/05/2024-10-05-10-17-05-snowflake-stats,161108.0,56097.0,4346.0,100193.0,472.0,,94036.0,1747.0,64691.0,67697728.0,2515848.0,,0.0,2112080.0,403464.0,312.0,26918.0,5144.0,685.0,147.0,29884.0,28280.0
2024-10-05 15:04:10,2024-10-05,86400,inactive_instance,daily_unique_reset_each_window,62,snowflakes-2026-04.tar.xz:snowflakes-2026-04/30/2026-04-29-15-12-47-snowflake-stats,0.0,0.0,0.0,0.0,0.0,,0.0,0.0,0.0,0.0,0.0,,0.0,0.0,0.0,0.0,,,,,,
2024-10-06 10:17:05,2024-10-05,86400,,daily_unique_reset_each_window,1,snowflakes-2024-10.tar.xz:snowflakes-2024-10/06/2024-10-06-10-17-05-snowflake-stats,158057.0,52543.0,4344.0,100696.0,474.0,,92174.0,1850.0,63436.0,66924184.0,2649056.0,,0.0,2219864.0,428888.0,304.0,27700.0,5134.0,739.0,135.0,29908.0,26391.0
2024-10-06 15:04:10,2024-10-06,86400,inactive_instance,daily_unique_reset_each_window,62,snowflakes-2026-04.tar.xz:snowflakes-2026-04/30/2026-04-29-15-12-47-snowflake-stats,0.0,0.0,0.0,0.0,0.0,,0.0,0.0,0.0,0.0,0.0,,0.0,0.0,0.0,0.0,,,,,,
2024-10-07 10:17:05,2024-10-06,86400,,daily_unique_reset_each_window,1,snowflakes-2024-10.tar.xz:snowflakes-2024-10/07/2024-10-07-10-17-05-snowflake-stats,162044.0,58615.0,4292.0,98594.0,543.0,,94376.0,1988.0,65006.0,66932976.0,2673736.0,,0.0,2256184.0,417216.0,344.0,26632.0,5302.0,777.0,105.0,29290.0,30029.0
2024-10-07 15:04:10,2024-10-07,86400,inactive_instance,daily_unique_reset_each_window,62,snowflakes-2026-04.tar.xz:snowflakes-2026-04/30/2026-04-29-15-12-47-snowflake-stats,0.0,0.0,0.0,0.0,0.0,,0.0,0.0,0.0,0.0,0.0,,0.0,0.0,0.0,0.0,,,,,,
2024-10-08 10:17:05,2024-10-07,86400,,daily_unique_reset_each_window,1,snowflakes-2024-10.tar.xz:snowflakes-2024-10/08/2024-10-08-10-17-05-snowflake-stats,167985.0,62006.0,4328.0,101153.0,498.0,,98436.0,2075.0,66740.0,67744184.0,2624712.0,,0.0,2209024.0,415536.0,160.0,27051.0,5339.0,716.0,117.0,30216.0,31119.0
2024-10-08 15:04:10,2024-10-08,86400,superseded_same_date,daily_unique_reset_each_window,62,snowflakes-2026-04.tar.xz:snowflakes-2026-04/30/2026-04-29-15-12-47-snowflake-stats,1.0,0.0,1.0,0.0,0.0,,0.0,1.0,0.0,168.0,8.0,,8.0,8.0,0.0,0.0,,,,,,
2024-10-09 10:17:05,2024-10-08,86400,,daily_unique_reset_each_window,1,snowflakes-2024-10.tar.xz:snowflakes-2024-10/09/2024-10-09-10-17-05-snowflake-stats,169743.0,62802.0,4345.0,102100.0,496.0,,97844.0,1903.0,69295.0,66308456.0,2870672.0,,0.0,2457568.0,412880.0,232.0,26210.0,5810.0,630.0,86.0,31712.0,31422.0
2024-10-09 15:04:10,2024-10-09,86400,superseded_same_date,daily_unique_reset_each_window,62,snowflakes-2026-04.tar.xz:snowflakes-2026-04/30/2026-04-29-15-12-47-snowflake-stats,1.0,0.0,1.0,0.0,0.0,,0.0,1.0,0.0,16.0,8.0,,8.0,8.0,0.0,0.0,,,,,,
2024-10-10 10:17:05,2024-10-09,86400,,daily_unique_reset_each_window,1,snowflakes-2024-10.tar.xz:snowflakes-2024-10/10/2024-10-10-10-17-05-snowflake-stats,172660.0,64474.0,4340.0,103340.0,506.0,,99278.0,1825.0,70846.0,66657120.0,2794856.0,,0.0,2378552.0,415912.0,400.0,26572.0,5660.0,696.0,102.0,32528.0,31959.0
2024-10-10 15:04:10,2024-10-10,86400,inactive_instance,daily_unique_reset_each_window,62,snowflakes-2026-04.tar.xz:snowflakes-2026-04/30/2026-04-29-15-12-47-snowflake-stats,0.0,0.0,0.0,0.0,0.0,,0.0,0.0,0.0,0.0,0.0,,0.0,0.0,0.0,0.0,,,,,,
2024-10-11 10:17:05,2024-10-10,86400,,daily_unique_reset_each_window,1,snowflakes-2024-10.tar.xz:snowflakes-2024-10/11/2024-10-11-10-17-05-snowflake-stats,167255.0,62275.0,4364.0,100123.0,493.0,,96478.0,1743.0,68365.0,66602008.0,2643336.0,,0.0,2246328.0,396888.0,136.0,25942.0,5580.0,653.0,85.0,31505.0,31546.0
2024-10-11 15:04:10,2024-10-11,86400,inactive_instance,daily_unique_reset_each_window,62,snowflakes-2026-04.tar.xz:snowflakes-2026-04/30/2026-04-29-15-12-47-snowflake-stats,0.0,0.0,0.0,0.0,0.0,,0.0,0.0,0.0,0.0,0.0,,0.0,0.0,0.0,0.0,,,,,,
2024-10-12 10:17:05,2024-10-11,86400,,daily_unique_reset_each_window,1,snowflakes-2024-10.tar.xz:snowflakes-2024-10/12/2024-10-12-10-17-05-snowflake-stats,164339.0,58376.0,4394.0,101121.0,448.0,,94672.0,1894.0,67179.0,66915624.0,2646328.0,,0.0,2217544.0,428632.0,160.0,26589.0,5389.0,733.0,92.0,31925.0,29531.0
2024-10-12 15:04:10,2024-10-12,86400,inactive_instance,daily_unique_reset_each_window,62,snowflakes-2026-04.tar.xz:snowflakes-2026-04/30/2026-04-29-15-12-47-snowflake-stats,0.0,0.0,0.0,0.0,0.0,,0.0,0.0,0.0,0.0,0.0,,0.0,0.0,0.0,0.0,,,,,,
2024-10-13 10:17:05,2024-10-12,86400,,daily_unique_reset_each_window,1,snowflakes-2024-10.tar.xz:snowflakes-2024-10/13/2024-10-13-10-17-05-snowflake-stats,157766.0,53724.0,4357.0,99284.0,401.0,,92306.0,1846.0,62951.0,66619952.0,2588072.0,,0.0,2161968.0,425800.0,312.0,26990.0,5096.0,740.0,158.0,31280.0,27079.0
2024-10-13 15:04:10,2024-10-13,86400,inactive_instance,daily_unique_reset_each_window,62,snowflakes-2026-04.tar.xz:snowflakes-2026-04/30/2026-04-29-15-12-47-snowflake-stats,0.0,0.0,0.0,0.0,0.0,,0.0,0.0,0.0,0.0,0.0,,0.0,0.0,0.0,0.0,,,,,,
2024-10-14 10:17:05,2024-10-13,86400,,daily_unique_reset_each_window,1,snowflakes-2024-10.tar.xz:snowflakes-2024-10/14/2024-10-14-10-17-05-snowflake-stats,162900.0,58953.0,4427.0,99053.0,467.0,,93972.0,2006.0,66230.0,67481752.0,2557208.0,,0.0,2141168.0,415896.0,152.0,26555.0,5674.0,731.0,151.0,29819.0,30171.0
2024-10-14 15:04:10,2024-10-14,86400,inactive_instance,daily_unique_reset_each_window,62,snowflakes-2026-04.tar.xz:snowflakes-2026-04/30/2026-04-29-15-12-47-snowflake-stats,0.0,0.0,0.0,0.0,0.0,,0.0,0.0,0.0,0.0,0.0,,0.0,0.0,0.0,0.0,,,,,,
2024-10-15 10:17:05,2024-10-14,86400,,daily_unique_reset_each_window,1,snowflakes-2024-10.tar.xz:snowflakes-2024-10/15/2024-10-15-10-17-05-snowflake-stats,165582.0,62426.0,4409.0,98220.0,526.0,,96540.0,1940.0,66299.0,68228312.0,2545472.0,,0.0,2131720.0,413664.0,96.0,26489.0,5833.0,804.0,119.0,29197.0,31506.0
2024-10-15 15:04:10,2024-10-15,86400,inactive_instance,daily_unique_reset_each_window,62,snowflakes-2026-04.tar.xz:snowflakes-2026-04/30/2026-04-29-15-12-47-snowflake-stats,0.0,0.0,0.0,0.0,0.0,,0.0,0.0,0.0,0.0,0.0,,0.0,0.0,0.0,0.0,,,,,,
2024-10-16 10:17:05,2024-10-15,86400,,daily_unique_reset_each_window,1,snowflakes-2024-10.tar.xz:snowflakes-2024-10/16/2024-10-16-10-17-05-snowflake-stats,167418.0,62667.0,4423.0,99810.0,518.0,,96933.0,1975.0,67831.0,67544304.0,2448392.0,,0.0,2040712.0,407064.0,624.0,26064.0,5838.0,687.0,146.0,31299.0,31250.0
2024-10-16 15:04:10,2024-10-16,86400,inactive_instance,daily_unique_reset_each_window,62,snowflakes-2026-04.tar.xz:snowflakes-2026-04/30/2026-04-29-15-12-47-snowflake-stats,0.0,0.0,0.0,0.0,0.0,,0.0,0.0,0.0,0.0,0.0,,0.0,0.0,0.0,0.0,,,,,,
2024-10-17 10:17:05,2024-10-16,86400,,daily_unique_reset_each_window,1,snowflakes-2024-10.tar.xz:snowflakes-2024-10/17/2024-10-17-10-17-05-snowflake-stats,166581.0,61576.0,4394.0,100144.0,467.0,,96043.0,1893.0,68006.0,67605512.0,2444856.0,,0.0,2040168.0,404640.0,56.0,26316.0,5502.0,795.0,136.0,30558.0,31148.0
2024-10-17 15:04:10,2024-10-17,86400,inactive_instance,daily_unique_reset_each_window,62,snowflakes-2026-04.tar.xz:snowflakes-2026-04/30/2026-04-29-15-12-47-snowflake-stats,0.0,0.0,0.0,0.0,0.0,,0.0,0.0,0.0,0.0,0.0,,0.0,0.0,0.0,0.0,,,,,,
2024-10-18 10:17:05,2024-10-17,86400,,daily_unique_reset_each_window,1,snowflakes-2024-10.tar.xz:snowflakes-2024-10/18/2024-10-18-10-17-05-snowflake-stats,166215.0,61532.0,4445.0,99689.0,549.0,,96729.0,1882.0,66878.0,67501520.0,2482320.0,,0.0,2078216.0,403816.0,288.0,25142.0,5623.0,889.0,151.0,30943.0,30755.0
2024-10-18 15:04:10,2024-10-18,86400,inactive_instance,daily_unique_reset_each_window,62,snowflakes-2026-04.tar.xz:snowflakes-2026-04/30/2026-04-29-15-12-47-snowflake-stats,0.0,0.0,0.0,0.0,0.0,,0.0,0.0,0.0,0.0,0.0,,0.0,0.0,0.0,0.0,,,,,,
2024-10-19 10:17:05,2024-10-18,86400,,daily_unique_reset_each_window,1,snowflakes-2024-10.tar.xz:snowflakes-2024-10/19/2024-10-19-10-17-05-snowflake-stats,162875.0,58285.0,4387.0,99672.0,531.0,,95269.0,1716.0,65229.0,66851736.0,2518472.0,,0.0,2098848.0,419528.0,112.0,25957.0,5413.0,968.0,104.0,30460.0,28909.0
2024-10-19 15:04:10,2024-10-19,86400,inactive_instance,daily_unique_reset_each_window,62,snowflakes-2026-04.tar.xz:snowflakes-2026-04/30/2026-04-29-15-12-47-snowflake-stats,0.0,0.0,0.0,0.0,0.0,,0.0,0.0,0.0,0.0,0.0,,0.0,0.0,0.0,0.0,,,,,,
2024-10-20 10:17:05,2024-10-19,86400,,daily_unique_reset_each_window,1,snowflakes-2024-10.tar.xz:snowflakes-2024-10/20/2024-10-20-10-17-05-snowflake-stats,156460.0,53366.0,4367.0,98218.0,509.0,,91163.0,1670.0,62986.0,66795280.0,2615504.0,,0.0,2201912.0,413232.0,368.0,26926.0,5175.0,889.0,100.0,28544.0,26881.0
2024-10-20 15:04:10,2024-10-20,86400,inactive_instance,daily_unique_reset_each_window,62,snowflakes-2026-04.tar.xz:snowflakes-2026-04/30/2026-04-29-15-12-47-snowflake-stats,0.0,0.0,0.0,0.0,0.0,,0.0,0.0,0.0,0.0,0.0,,0.0,0.0,0.0,0.0,,,,,,
2024-10-21 10:17:05,2024-10-20,86400,,daily_unique_reset_each_window,1,snowflakes-2024-10.tar.xz:snowflakes-2024-10/21/2024-10-21-10-17-05-snowflake-stats,161638.0,59030.0,4354.0,97740.0,514.0,,93327.0,1772.0,65795.0,68287376.0,2418720.0,,0.0,2015320.0,403256.0,144.0,26482.0,5360.0,881.0,117.0,29007.0,29711.0
2024-10-21 15:04:10,2024-10-21,86400,inactive_instance,daily_unique_reset_each_window,62,snowflakes-2026-04.tar.xz:snowflakes-2026-04/30/2026-04-29-15-12-47-snowflake-stats,0.0,0.0,0.0,0.0,0.0,,0.0,0.0,0.0,0.0,0.0,,0.0,0.0,0.0,0.0,,,,,,
2024-10-22 10:17:05,2024-10-21,86400,,daily_unique_reset_each_window,1,snowflakes-2024-10.tar.xz:snowflakes-2024-10/22/2024-10-22-10-17-05-snowflake-stats,168785.0,63064.0,4407.0,100816.0,498.0,,97541.0,1964.0,68536.0,68491808.0,2463008.0,,0.0,2042144.0,420456.0,424.0,26650.0,5651.0,788.0,113.0,31748.0,31109.0
2024-10-22 15:04:10,2024-10-22,86400,inactive_instance,daily_unique_reset_each_window,62,snowflakes-2026-04.tar.xz:snowflakes-2026-04/30/2026-04-29-15-12-47-snowflake-stats,0.0,0.0,0.0,0.0,0.0,,0.0,0.0,0.0,0.0,0.0,,0.0,0.0,0.0,0.0,,,,,,
2024-10-23 10:17:05,2024-10-22,86400,,daily_unique_reset_each_window,1,snowflakes-2024-10.tar.xz:snowflakes-2024-10/23/2024-10-23-10-17-05-snowflake-stats,168372.0,63384.0,4465.0,100015.0,508.0,,97328.0,1855.0,68555.0,69089960.0,2484432.0,,0.0,2073784.0,410536.0,120.0,26220.0,5429.0,903.0,149.0,31880.0,31244.0
2024-10-23 15:04:10,2024-10-23,86400,inactive_instance,daily_unique_reset_each_window,62,snowflakes-2026-04.tar.xz:snowflakes-2026-04/30/2026-04-29-15-12-47-snowflake-stats,0.0,0.0,0.0,0.0,0.0,,0.0,0.0,0.0,0.0,0.0,,0.0,0.0,0.0,0.0,,,,,,
2024-10-24 10:17:05,2024-10-23,86400,,daily_unique_reset_each_window,1,snowflakes-2024-10.tar.xz:snowflakes-2024-10/24/2024-10-24-10-17-05-snowflake-stats,169148.0,63268.0,4401.0,100947.0,532.0,,97698.0,1719.0,68935.0,66977888.0,2764400.0,,85920.0,2382920.0,467184.0,224.0,26635.0,5519.0,844.0,139.0,31501.0,30876.0
2024-10-24 15:04:10,2024-10-24,86400,inactive_instance,daily_unique_reset_each_window,62,snowflakes-2026-04.tar.xz:snowflakes-2026-04/30/2026-04-29-15-12-47-snowflake-stats,0.0,0.0,0.0,0.0,0.0,,0.0,0.0,0.0,0.0,0.0,,0.0,0.0,0.0,0.0,,,,,,
2024-10-25 10:17:05,2024-10-24,86400,,daily_unique_reset_each_window,1,snowflakes-2024-10.tar.xz:snowflakes-2024-10/25/2024-10-25-10-17-05-snowflake-stats,167189.0,62691.0,4461.0,99553.0,484.0,,96087.0,1712.0,68586.0,67797728.0,2537640.0,,0.0,2127888.0,409704.0,56.0,24633.0,5399.0,856.0,136.0,32721.0,30980.0
2024-10-25 15:04:10,2024-10-25,86400,inactive_instance,daily_unique_reset_each_window,62,snowflakes-2026-04.tar.xz:snowflakes-2026-04/30/2026-04-29-15-12-47-snowflake-stats,0.0,0.0,0.0,0.0,0.0,,0.0,0.0,0.0,0.0,0.0,,0.0,0.0,0.0,0.0,,,,,,
2024-10-26 10:17:05,2024-10-25,86400,,daily_unique_reset_each_window,1,snowflakes-2024-10.tar.xz:snowflakes-2024-10/26/2024-10-26-10-17-05-snowflake-stats,166814.0,60132.0,4576.0,101598.0,508.0,,97248.0,1707.0,67085.0,67238472.0,2654680.0,,0.0,2214600.0,439976.0,104.0,26500.0,5189.0,845.0,160.0,33032.0,29558.0
2024-10-26 15:04:10,2024-10-26,86400,inactive_instance,daily_unique_reset_each_window,62,snowflakes-2026-04.tar.xz:snowflakes-2026-04/30/2026-04-29-15-12-47-snowflake-stats,0.0,0.0,0.0,0.0,0.0,,0.0,0.0,0.0,0.0,0.0,,0.0,0.0,0.0,0.0,,,,,,
2024-10-27 10:17:05,2024-10-26,86400,,daily_unique_reset_each_window,1,snowflakes-2024-10.tar.xz:snowflakes-2024-10/27/2024-10-27-10-17-05-snowflake-stats,159221.0,55374.0,4387.0,99029.0,431.0,,92682.0,1686.0,64171.0,66282752.0,2642168.0,,0.0,2222024.0,419872.0,288.0,26424.0,4801.0,771.0,144.0,31699.0,27299.0
2024-10-27 15:04:10,2024-10-27,86400,inactive_instance,daily_unique_reset_each_window,62,snowflakes-2026-04.tar.xz:snowflakes-2026-04/30/2026-04-29-15-12-47-snowflake-stats,0.0,0.0,0.0,0.0,0.0,,0.0,0.0,0.0,0.0,0.0,,0.0,0.0,0.0,0.0,,,,,,
2024-10-28 10:17:05,2024-10-27,86400,,daily_unique_reset_each_window,1,snowflakes-2024-10.tar.xz:snowflakes-2024-10/28/2024-10-28-10-17-05-snowflake-stats,163658.0,61067.0,4394.0,97701.0,496.0,,93578.0,1861.0,67594.0,66754616.0,2587320.0,,0.0,2174672.0,412408.0,248.0,25084.0,5058.0,746.0,136.0,32046.0,30896.0
2024-10-28 15:04:10,2024-10-28,86400,inactive_instance,daily_unique_reset_each_window,62,snowflakes-2026-04.tar.xz:snowflakes-2026-04/30/2026-04-29-15-12-47-snowflake-stats,0.0,0.0,0.0,0.0,0.0,,0.0,0.0,0.0,0.0,0.0,,0.0,0.0,0.0,0.0,,,,,,
2024-10-29 10:17:05,2024-10-28,86400,,daily_unique_reset_each_window,1,snowflakes-2024-10.tar.xz:snowflakes-2024-10/29/2024-10-29-10-17-05-snowflake-stats,167783.0,63977.0,4435.0,98899.0,472.0,,95541.0,1837.0,69685.0,68028368.0,2532152.0,,0.0,2138200.0,393912.0,48.0,24794.0,5097.0,716.0,131.0,32804.0,32093.0
2024-10-29 15:04:10,2024-10-29,86400,inactive_instance,daily_unique_reset_each_window,62,snowflakes-2026-04.tar.xz:snowflakes-2026-04/30/2026-04-29-15-12-47-snowflake-stats,0.0,0.0,0.0,0.0,0.0,,0.0,0.0,0.0,0.0,0.0,,0.0,0.0,0.0,0.0,,,,,,
2024-10-30 10:17:05,2024-10-29,86400,,daily_unique_reset_each_window,1,snowflakes-2024-10.tar.xz:snowflakes-2024-10/30/2024-10-30-10-17-05-snowflake-stats,170141.0,64550.0,4419.0,100686.0,486.0,,97104.0,1828.0,70482.0,68056608.0,2490392.0,,8.0,2106000.0,384264.0,136.0,24872.0,5015.0,689.0,139.0,33517.0,31925.0
2024-10-30 15:04:10,2024-10-30,86400,inactive_instance,daily_unique_reset_each_window,62,snowflakes-2026-04.tar.xz:snowflakes-2026-04/30/2026-04-29-15-12-47-snowflake-stats,0.0,0.0,0.0,0.0,0.0,,0.0,0.0,0.0,0.0,0.0,,0.0,0.0,0.0,0.0,,,,,,
2024-10-31 10:17:05,2024-10-30,86400,,daily_unique_reset_each_window,1,snowflakes-2024-10.tar.xz:snowflakes-2024-10/31/2024-10-31-10-17-05-snowflake-stats,167150.0,63274.0,4343.0,99019.0,514.0,,96980.0,1822.0,67651.0,67541536.0,2495344.0,,0.0,2108192.0,386824.0,336.0,25299.0,5088.0,635.0,194.0,32448.0,31279.0
2024-10-31 15:04:10,2024-10-31,86400,inactive_instance,daily_unique_reset_each_window,62,snowflakes-2026-04.tar.xz:snowflakes-2026-04/30/2026-04-29-15-12-47-snowflake-stats,0.0,0.0,0.0,0.0,0.0,,0.0,0.0,0.0,0.0,0.0,,0.0,0.0,0.0,0.0,,,,,,
2024-11-01 10:17:05,2024-10-31,86400,,daily_unique_reset_each_window,1,snowflakes-2024-11.tar.xz:snowflakes-2024-11/01/2024-11-01-10-17-05-snowflake-stats,165240.0,60011.0,4413.0,100310.0,506.0,,96310.0,2002.0,66182.0,67785352.0,2388560.0,,0.0,2027072.0,361072.0,424.0,23200.0,4972.0,710.0,143.0,33128.0,29770.0
2024-11-01 15:04:10,2024-11-01,86400,inactive_instance,daily_unique_reset_each_window,63,snowflakes-2024-11.tar.xz:snowflakes-2024-11/01/2024-11-01-15-04-10-snowflake-stats,0.0,0.0,0.0,0.0,0.0,,0.0,0.0,0.0,0.0,0.0,,0.0,0.0,0.0,0.0,,,,,,
2024-11-02 10:17:05,2024-11-01,86400,,daily_unique_reset_each_window,1,snowflakes-2024-11.tar.xz:snowflakes-2024-11/02/2024-11-02-10-17-05-snowflake-stats,166124.0,58534.0,4370.0,102770.0,450.0,,95927.0,2179.0,67277.0,70578312.0,2414968.0,,0.0,2041896.0,372864.0,216.0,23372.0,5309.0,705.0,151.0,33845.0,28974.0
2024-11-02 15:04:10,2024-11-02,86400,inactive_instance,daily_unique_reset_each_window,63,snowflakes-2024-11.tar.xz:snowflakes-2024-11/02/2024-11-02-15-04-10-snowflake-stats,0.0,0.0,0.0,0.0,0.0,,0.0,0.0,0.0,0.0,0.0,,0.0,0.0,0.0,0.0,,,,,,
2024-11-03 10:17:05,2024-11-02,86400,,daily_unique_reset_each_window,1,snowflakes-2024-11.tar.xz:snowflakes-2024-11/03/2024-11-03-10-17-05-snowflake-stats,159534.0,55285.0,4347.0,99423.0,479.0,,92187.0,1859.0,64812.0,69768264.0,2415464.0,,0.0,2046624.0,368688.0,168.0,25131.0,4972.0,623.0,144.0,31529.0,27102.0
2024-11-03 15:04:10,2024-11-03,86400,inactive_instance,daily_unique_reset_each_window,63,snowflakes-2024-11.tar.xz:snowflakes-2024-11/03/2024-11-03-15-04-10-snowflake-stats,0.0,0.0,0.0,0.0,0.0,,0.0,0.0,0.0,0.0,0.0,,0.0,0.0,0.0,0.0,,,,,,
2024-11-04 10:17:05,2024-11-03,86400,,daily_unique_reset_each_window,1,snowflakes-2024-11.tar.xz:snowflakes-2024-11/04/2024-11-04-10-17-05-snowflake-stats,166942.0,60967.0,4420.0,101073.0,482.0,,94702.0,1829.0,69784.0,70376416.0,2377072.0,,0.0,2005896.0,370728.0,456.0,26067.0,4995.0,668.0,163.0,32731.0,30360.0
2024-11-04 15:04:10,2024-11-04,86400,inactive_instance,daily_unique_reset_each_window,63,snowflakes-2024-11.tar.xz:snowflakes-2024-11/04/2024-11-04-15-04-10-snowflake-stats,0.0,0.0,0.0,0.0,0.0,,0.0,0.0,0.0,0.0,0.0,,0.0,0.0,0.0,0.0,,,,,,
2024-11-05 10:17:05,2024-11-04,86400,,daily_unique_reset_each_window,1,snowflakes-2024-11.tar.xz:snowflakes-2024-11/05/2024-11-05-10-17-05-snowflake-stats,170953.0,64863.0,4447.0,101155.0,488.0,,98487.0,1802.0,69918.0,70602680.0,2412816.0,,0.0,2034480.0,377848.0,496.0,25098.0,5112.0,652.0,192.0,33004.0,32092.0
2024-11-05 15:04:10,2024-11-05,86400,inactive_instance,daily_unique_reset_each_window,63,snowflakes-2024-11.tar.xz:snowflakes-2024-11/05/2024-11-05-15-04-10-snowflake-stats,0.0,0.0,0.0,0.0,0.0,,0.0,0.0,0.0,0.0,0.0,,0.0,0.0,0.0,0.0,,,,,,
2024-11-06 10:17:05,2024-11-05,86400,,daily_unique_reset_each_window,1,snowflakes-2024-11.tar.xz:snowflakes-2024-11/06/2024-11-06-10-17-05-snowflake-stats,172692.0,65336.0,4429.0,102475.0,452.0,,99258.0,1884.0,70890.0,70407232.0,2520416.0,,7744.0,2163168.0,364896.0,104.0,24998.0,5156.0,688.0,132.0,34047.0,31644.0
2024-11-06 15:04:10,2024-11-06,86400,inactive_instance,daily_unique_reset_each_window,63,snowflakes-2024-11.tar.xz:snowflakes-2024-11/06/2024-11-06-15-04-10-snowflake-stats,0.0,0.0,0.0,0.0,0.0,,0.0,0.0,0.0,0.0,0.0,,0.0,0.0,0.0,0.0,,,,,,
2024-11-07 10:17:05,2024-11-06,86400,,daily_unique_reset_each_window,1,snowflakes-2024-11.tar.xz:snowflakes-2024-11/07/2024-11-07-10-17-05-snowflake-stats,172082.0,64164.0,4510.0,102926.0,482.0,,100120.0,1978.0,69307.0,64838944.0,3681496.0,,0.0,3291680.0,389640.0,184.0,24678.0,5321.0,654.0,162.0,33232.0,31657.0
2024-11-07 15:04:10,2024-11-07,86400,inactive_instance,daily_unique_reset_each_window,63,snowflakes-2024-11.tar.xz:snowflakes-2024-11/07/2024-11-07-15-04-10-snowflake-stats,0.0,0.0,0.0,0.0,0.0,,0.0,0.0,0.0,0.0,0.0,,0.0,0.0,0.0,0.0,,,,,,
2024-11-08 10:17:05,2024-11-07,86400,,daily_unique_reset_each_window,1,snowflakes-2024-11.tar.xz:snowflakes-2024-11/08/2024-11-08-10-17-05-snowflake-stats,171318.0,63154.0,4522.0,103145.0,497.0,,99444.0,1877.0,69224.0,61751768.0,4381680.0,,0.0,4009176.0,372408.0,104.0,23813.0,5539.0,669.0,139.0,33814.0,31189.0
2024-11-08 15:04:10,2024-11-08,86400,inactive_instance,daily_unique_reset_each_window,63,snowflakes-2024-11.tar.xz:snowflakes-2024-11/08/2024-11-08-15-04-10-snowflake-stats,0.0,0.0,0.0,0.0,0.0,,0.0,0.0,0.0,0.0,0.0,,0.0,0.0,0.0,0.0,,,,,,
2024-11-09 10:17:05,2024-11-08,86400,,daily_unique_reset_each_window,1,snowflakes-2024-11.tar.xz:snowflakes-2024-11/09/2024-11-09-10-17-05-snowflake-stats,166688.0,59695.0,4391.0,102076.0,526.0,,97159.0,1912.0,67017.0,63512488.0,3967264.0,,0.0,3582288.0,384864.0,128.0,24195.0,5335.0,699.0,139.0,32035.0,29424.0
2024-11-09 15:04:10,2024-11-09,86400,inactive_instance,daily_unique_reset_each_window,63,snowflakes-2024-11.tar.xz:snowflakes-2024-11/09/2024-11-09-15-04-10-snowflake-stats,0.0,0.0,0.0,0.0,0.0,,0.0,0.0,0.0,0.0,0.0,,0.0,0.0,0.0,0.0,,,,,,
2024-11-10 10:17:05,2024-11-09,86400,,daily_unique_reset_each_window,1,snowflakes-2024-11.tar.xz:snowflakes-2024-11/10/2024-11-10-10-17-05-snowflake-stats,159980.0,56164.0,4373.0,98957.0,486.0,,93578.0,1846.0,63966.0,65512184.0,3462944.0,,0.0,3073768.0,389072.0,120.0,24808.0,4799.0,736.0,125.0,30772.0,27370.0
2024-11-10 15:04:10,2024-11-10,86400,inactive_instance,daily_unique_reset_each_window,63,snowflakes-2024-11.tar.xz:snowflakes-2024-11/10/2024-11-10-15-04-10-snowflake-stats,0.0,0.0,0.0,0.0,0.0,,0.0,0.0,0.0,0.0,0.0,,0.0,0.0,0.0,0.0,,,,,,
2024-11-11 10:17:05,2024-11-10,86400,,daily_unique_reset_each_window,1,snowflakes-2024-11.tar.xz:snowflakes-2024-11/11/2024-11-11-10-17-05-snowflake-stats,164020.0,61121.0,4342.0,98073.0,484.0,,93905.0,1882.0,67545.0,66079416.0,3504344.0,,0.0,3114120.0,390008.0,224.0,25236.0,5196.0,798.0,130.0,29583.0,30846.0
2024-11-11 15:04:10,2024-11-11,86400,inactive_instance,daily_unique_reset_each_window,63,snowflakes-2024-11.tar.xz:snowflakes-2024-11/11/2024-11-11-15-04-10-snowflake-stats,0.0,0.0,0.0,0.0,0.0,,0.0,0.0,0.0,0.0,0.0,,0.0,0.0,0.0,0.0,,,,,,
2024-11-12 10:17:05,2024-11-11,86400,,daily_unique_reset_each_window,1,snowflakes-2024-11.tar.xz:snowflakes-2024-11/12/2024-11-12-10-17-05-snowflake-stats,174669.0,68346.0,4389.0,101410.0,524.0,,99293.0,2313.0,72342.0,65827888.0,3518040.0,,648.0,3099440.0,419088.0,168.0,24704.0,5239.0,762.0,171.0,31891.0,33766.0
2024-11-13 10:17:05,2024-11-12,86400,,daily_unique_reset_each_window,1,snowflakes-2024-11.tar.xz:snowflakes-2024-11/13/2024-11-13-10-17-05-snowflake-stats,177044.0,70307.0,4428.0,101783.0,526.0,,101582.0,2202.0,72478.0,65176992.0,3553664.0,,0.0,3161992.0,391552.0,128.0,24592.0,5310.0,664.0,196.0,33139.0,34280.0
2024-11-13 19:48:52,2024-11-13,86400,inactive_instance,daily_unique_reset_each_window,63,snowflakes-2024-11.tar.xz:snowflakes-2024-11/13/2024-11-13-19-48-52-snowflake-stats,0.0,0.0,0.0,0.0,0.0,,0.0,0.0,0.0,0.0,0.0,,0.0,0.0,0.0,0.0,,,,,,
2024-11-14 10:17:05,2024-11-13,86400,,daily_unique_reset_each_window,1,snowflakes-2024-11.tar.xz:snowflakes-2024-11/14/2024-11-14-10-17-05-snowflake-stats,177390.0,69882.0,4463.0,102516.0,529.0,,101000.0,2020.0,73647.0,64627184.0,3656648.0,,0.0,3253712.0,402368.0,576.0,25347.0,5181.0,736.0,175.0,34192.0,33820.0
2024-11-14 19:48:52,2024-11-14,86400,inactive_instance,daily_unique_reset_each_window,63,snowflakes-2024-11.tar.xz:snowflakes-2024-11/14/2024-11-14-19-48-52-snowflake-stats,0.0,0.0,0.0,0.0,0.0,,0.0,0.0,0.0,0.0,0.0,,0.0,0.0,0.0,0.0,,,,,,
2024-11-15 10:17:05,2024-11-14,86400,,daily_unique_reset_each_window,1,snowflakes-2024-11.tar.xz:snowflakes-2024-11/15/2024-11-15-10-17-05-snowflake-stats,172018.0,66615.0,4430.0,100492.0,481.0,,98009.0,2005.0,71254.0,64126136.0,3587440.0,,72.0,3179944.0,406472.0,1088.0,24207.0,5049.0,730.0,163.0,33206.0,32781.0
2024-11-15 19:48:52,2024-11-15,86400,inactive_instance,daily_unique_reset_each_window,63,snowflakes-2024-11.tar.xz:snowflakes-2024-11/15/2024-11-15-19-48-52-snowflake-stats,0.0,0.0,0.0,0.0,0.0,,0.0,0.0,0.0,0.0,0.0,,0.0,0.0,0.0,0.0,,,,,,
2024-11-16 10:17:05,2024-11-15,86400,,daily_unique_reset_each_window,1,snowflakes-2024-11.tar.xz:snowflakes-2024-11/16/2024-11-16-10-17-05-snowflake-stats,167273.0,63017.0,4424.0,99352.0,480.0,,95505.0,2163.0,68902.0,63909304.0,3532056.0,,0.0,3169072.0,362400.0,592.0,23514.0,5016.0,771.0,144.0,33450.0,30518.0
2024-11-16 19:48:52,2024-11-16,86400,inactive_instance,daily_unique_reset_each_window,63,snowflakes-2024-11.tar.xz:snowflakes-2024-11/16/2024-11-16-19-48-52-snowflake-stats,0.0,0.0,0.0,0.0,0.0,,0.0,0.0,0.0,0.0,0.0,,0.0,0.0,0.0,0.0,,,,,,
2024-11-17 10:17:05,2024-11-16,86400,,daily_unique_reset_each_window,1,snowflakes-2024-11.tar.xz:snowflakes-2024-11/17/2024-11-17-10-17-05-snowflake-stats,159355.0,57639.0,4424.0,96833.0,459.0,,91104.0,1834.0,65755.0,62286416.0,3624488.0,,0.0,3244080.0,379984.0,424.0,24993.0,4707.0,775.0,172.0,31090.0,27823.0
2024-11-17 19:48:52,2024-11-17,86400,inactive_instance,daily_unique_reset_each_window,63,snowflakes-2024-11.tar.xz:snowflakes-2024-11/17/2024-11-17-19-48-52-snowflake-stats,0.0,0.0,0.0,0.0,0.0,,0.0,0.0,0.0,0.0,0.0,,0.0,0.0,0.0,0.0,,,,,,
2024-11-18 10:17:05,2024-11-17,86400,,daily_unique_reset_each_window,1,snowflakes-2024-11.tar.xz:snowflakes-2024-11/18/2024-11-18-10-17-05-snowflake-stats,165943.0,64034.0,4482.0,96940.0,487.0,,93779.0,1970.0,69587.0,62860392.0,3561936.0,,0.0,3174536.0,387248.0,160.0,24271.0,5127.0,744.0,167.0,31657.0,30988.0
2024-11-18 19:48:52,2024-11-18,86400,inactive_instance,daily_unique_reset_each_window,63,snowflakes-2024-11.tar.xz:snowflakes-2024-11/18/2024-11-18-19-48-52-snowflake-stats,0.0,0.0,0.0,0.0,0.0,,0.0,0.0,0.0,0.0,0.0,,0.0,0.0,0.0,0.0,,,,,,
2024-11-19 10:17:05,2024-11-18,86400,,daily_unique_reset_each_window,1,snowflakes-2024-11.tar.xz:snowflakes-2024-11/19/2024-11-19-10-17-05-snowflake-stats,170561.0,67695.0,4517.0,97817.0,532.0,,97438.0,2027.0,70462.0,64259136.0,3559792.0,,0.0,3178320.0,381312.0,168.0,24601.0,4870.0,722.0,187.0,32759.0,32528.0
2024-11-19 19:48:52,2024-11-19,86400,inactive_instance,daily_unique_reset_each_window,63,snowflakes-2024-11.tar.xz:snowflakes-2024-11/19/2024-11-19-19-48-52-snowflake-stats,0.0,0.0,0.0,0.0,0.0,,0.0,0.0,0.0,0.0,0.0,,0.0,0.0,0.0,0.0,,,,,,
2024-11-20 10:17:05,2024-11-19,86400,,daily_unique_reset_each_window,1,snowflakes-2024-11.tar.xz:snowflakes-2024-11/20/2024-11-20-10-17-05-snowflake-stats,171635.0,67806.0,4515.0,98834.0,480.0,,98201.0,2065.0,70641.0,64433960.0,3468464.0,,0.0,3086872.0,381512.0,96.0,24571.0,5097.0,700.0,195.0,33006.0,32341.0
2024-11-20 19:48:52,2024-11-20,86400,inactive_instance,daily_unique_reset_each_window,63,snowflakes-2024-11.tar.xz:snowflakes-2024-11/20/2024-11-20-19-48-52-snowflake-stats,0.0,0.0,0.0,0.0,0.0,,0.0,0.0,0.0,0.0,0.0,,0.0,0.0,0.0,0.0,,,,,,
2024-11-21 10:17:05,2024-11-20,86400,,daily_unique_reset_each_window,1,snowflakes-2024-11.tar.xz:snowflakes-2024-11/21/2024-11-21-10-17-05-snowflake-stats,172003.0,67080.0,4493.0,99937.0,493.0,,98573.0,1885.0,70784.0,64463672.0,3414808.0,,0.0,3034544.0,380016.0,256.0,25625.0,5253.0,741.0,165.0,32908.0,32145.0
2024-11-21 19:48:52,2024-11-21,86400,inactive_instance,daily_unique_reset_each_window,63,snowflakes-2024-11.tar.xz:snowflakes-2024-11/21/2024-11-21-19-48-52-snowflake-stats,0.0,0.0,0.0,0.0,0.0,,0.0,0.0,0.0,0.0,0.0,,0.0,0.0,0.0,0.0,,,,,,
2024-11-22 10:17:05,2024-11-21,86400,,daily_unique_reset_each_window,1,snowflakes-2024-11.tar.xz:snowflakes-2024-11/22/2024-11-22-10-17-05-snowflake-stats,169068.0,66531.0,4455.0,97635.0,447.0,,96804.0,1894.0,69624.0,72239760.0,2261360.0,,0.0,1918176.0,343128.0,64.0,23539.0,5069.0,729.0,173.0,32260.0,31929.0
2024-11-22 19:48:52,2024-11-22,86400,inactive_instance,daily_unique_reset_each_window,63,snowflakes-2024-11.tar.xz:snowflakes-2024-11/22/2024-11-22-19-48-52-snowflake-stats,0.0,0.0,0.0,0.0,0.0,,0.0,0.0,0.0,0.0,0.0,,0.0,0.0,0.0,0.0,,,,,,
2024-11-23 10:17:05,2024-11-22,86400,,daily_unique_reset_each_window,1,snowflakes-2024-11.tar.xz:snowflakes-2024-11/23/2024-11-23-10-17-05-snowflake-stats,165374.0,63722.0,4518.0,96666.0,468.0,,95100.0,2012.0,67560.0,72136968.0,2345320.0,,0.0,1991520.0,353712.0,96.0,24074.0,4943.0,775.0,189.0,31565.0,30957.0
2024-11-23 19:48:52,2024-11-23,86400,inactive_instance,daily_unique_reset_each_window,63,snowflakes-2024-11.tar.xz:snowflakes-2024-11/23/2024-11-23-19-48-52-snowflake-stats,0.0,0.0,0.0,0.0,0.0,,0.0,0.0,0.0,0.0,0.0,,0.0,0.0,0.0,0.0,,,,,,
2024-11-24 10:17:05,2024-11-23,86400,,daily_unique_reset_each_window,1,snowflakes-2024-11.tar.xz:snowflakes-2024-11/24/2024-11-24-10-17-05-snowflake-stats,158455.0,58076.0,4311.0,95673.0,395.0,,91675.0,1856.0,64266.0,72158656.0,2348480.0,,0.0,1987560.0,360816.0,120.0,25215.0,4727.0,820.0,229.0,29948.0,27934.0
2024-11-24 19:48:52,2024-11-24,86400,inactive_instance,daily_unique_reset_each_window,63,snowflakes-2024-11.tar.xz:snowflakes-2024-11/24/2024-11-24-19-48-52-snowflake-stats,0.0,0.0,0.0,0.0,0.0,,0.0,0.0,0.0,0.0,0.0,,0.0,0.0,0.0,0.0,,,,,,
2024-11-27 12:43:50,2024-11-27,86400,artifact_low_proxy_count,daily_unique_reset_each_window,63,snowflakes-2024-11.tar.xz:snowflakes-2024-11/27/2024-11-27-12-43-50-snowflake-stats,78.0,75.0,1.0,1.0,1.0,,22.0,0.0,54.0,42932424.0,1941088.0,,73872.0,1590216.0,424680.0,64.0,,,4.0,,16.0,15.0
2024-11-28 14:37:46,2024-11-28,86400,artifact_low_proxy_count,daily_unique_reset_each_window,63,snowflakes-2024-11.tar.xz:snowflakes-2024-11/28/2024-11-28-14-37-46-snowflake-stats,79.0,76.0,1.0,1.0,1.0,,20.0,1.0,56.0,48465632.0,1955736.0,,135272.0,1644064.0,446904.0,40.0,,,5.0,,18.0,17.0
2024-11-29 14:37:46,2024-11-29,86400,,daily_unique_reset_each_window,63,snowflakes-2024-11.tar.xz:snowflakes-2024-11/29/2024-11-29-14-37-46-snowflake-stats,162677.0,64531.0,3012.0,94571.0,563.0,,97273.0,2370.0,62213.0,52288232.0,1972904.0,,392.0,1605488.0,367744.0,64.0,22153.0,5104.0,380.0,231.0,26824.0,32847.0
2024-11-30 14:37:46,2024-11-30,86400,,daily_unique_reset_each_window,63,snowflakes-2024-11.tar.xz:snowflakes-2024-11/30/2024-11-30-14-37-46-snowflake-stats,168533.0,63585.0,3219.0,101140.0,589.0,,102366.0,2257.0,63117.0,54465400.0,1977096.0,,0.0,1612736.0,364304.0,64.0,25169.0,5131.0,407.0,283.0,28836.0,31968.0
2024-12-01 14:37:46,2024-12-01,86400,,daily_unique_reset_each_window,63,snowflakes-2024-12.tar.xz:snowflakes-2024-12/01/2024-12-01-14-37-46-snowflake-stats,164081.0,61091.0,3363.0,99159.0,468.0,,100065.0,2144.0,61085.0,56263800.0,1982312.0,,992.0,1601224.0,382016.0,72.0,23321.0,5160.0,335.0,273.0,29307.0,30478.0
2024-12-02 14:37:46,2024-12-02,86400,,daily_unique_reset_each_window,63,snowflakes-2024-12.tar.xz:snowflakes-2024-12/02/2024-12-02-14-37-46-snowflake-stats,173459.0,68131.0,3398.0,101405.0,525.0,,105371.0,2548.0,64723.0,58384296.0,1929528.0,,0.0,1559656.0,369784.0,88.0,23566.0,5493.0,412.0,191.0,31228.0,34319.0
2024-12-03 14:37:46,2024-12-03,86400,,daily_unique_reset_each_window,63,snowflakes-2024-12.tar.xz:snowflakes-2024-12/03/2024-12-03-14-37-46-snowflake-stats,176922.0,71360.0,3594.0,101459.0,509.0,,107777.0,2651.0,65734.0,59792056.0,1983056.0,,0.0,1615632.0,367368.0,64.0,23322.0,5559.0,410.0,220.0,30891.0,35703.0
2024-12-04 14:37:46,2024-12-04,86400,,daily_unique_reset_each_window,63,snowflakes-2024-12.tar.xz:snowflakes-2024-12/04/2024-12-04-14-37-46-snowflake-stats,175369.0,69823.0,3688.0,101356.0,502.0,,106323.0,2623.0,65607.0,61130176.0,1959736.0,,1240.0,1563024.0,397928.0,24.0,23984.0,5355.0,454.0,232.0,31097.0,35053.0
2024-12-05 14:37:46,2024-12-05,86400,,daily_unique_reset_each_window,63,snowflakes-2024-12.tar.xz:snowflakes-2024-12/05/2024-12-05-14-37-46-snowflake-stats,177682.0,71833.0,4096.0,101275.0,478.0,,108333.0,2569.0,65901.0,61277976.0,1930856.0,,0.0,1587848.0,342984.0,32.0,22181.0,5495.0,472.0,210.0,32188.0,35858.0
2024-12-06 14:37:46,2024-12-06,86400,,daily_unique_reset_each_window,63,snowflakes-2024-12.tar.xz:snowflakes-2024-12/06/2024-12-06-14-37-46-snowflake-stats,174313.0,69850.0,3840.0,100150.0,473.0,,105714.0,2475.0,65267.0,61821176.0,1976512.0,,0.0,1636168.0,340280.0,72.0,21921.0,5671.0,497.0,190.0,30413.0,35142.0
2024-12-07 14:37:46,2024-12-07,86400,,daily_unique_reset_each_window,63,snowflakes-2024-12.tar.xz:snowflakes-2024-12/07/2024-12-07-14-37-46-snowflake-stats,168450.0,65167.0,3858.0,98935.0,490.0,,102745.0,2591.0,62354.0,61766680.0,1962160.0,,0.0,1599664.0,362456.0,40.0,23379.0,5248.0,479.0,204.0,29644.0,32899.0
2024-12-08 14:37:46,2024-12-08,86400,,daily_unique_reset_each_window,63,snowflakes-2024-12.tar.xz:snowflakes-2024-12/08/2024-12-08-14-37-46-snowflake-stats,165197.0,61944.0,3971.0,98789.0,493.0,,101926.0,2423.0,60037.0,62619352.0,1964360.0,,0.0,1601216.0,363104.0,48.0,24354.0,5073.0,439.0,217.0,28753.0,31754.0
2024-12-09 14:37:46,2024-12-09,86400,,daily_unique_reset_each_window,63,snowflakes-2024-12.tar.xz:snowflakes-2024-12/09/2024-12-09-14-37-46-snowflake-stats,175786.0,68906.0,3905.0,102469.0,506.0,,107922.0,2683.0,64382.0,64597576.0,1981616.0,,0.0,1623376.0,358088.0,152.0,24431.0,5613.0,413.0,216.0,31092.0,35016.0
2024-12-10 14:37:46,2024-12-10,86400,,daily_unique_reset_each_window,63,snowflakes-2024-12.tar.xz:snowflakes-2024-12/10/2024-12-10-14-37-46-snowflake-stats,178138.0,71275.0,3961.0,102428.0,474.0,,110823.0,2525.0,64051.0,65367880.0,1943664.0,,200.0,1586528.0,357272.0,64.0,24692.0,5638.0,428.0,213.0,30785.0,36335.0
2024-12-11 14:37:46,2024-12-11,86400,,daily_unique_reset_each_window,63,snowflakes-2024-12.tar.xz:snowflakes-2024-12/11/2024-12-11-14-37-46-snowflake-stats,178442.0,71903.0,4062.0,101973.0,504.0,,109445.0,2505.0,65669.0,66345304.0,1862552.0,,0.0,1498568.0,363904.0,88.0,24500.0,5528.0,391.0,225.0,31150.0,36049.0
2024-12-12 14:37:46,2024-12-12,86400,,daily_unique_reset_each_window,63,snowflakes-2024-12.tar.xz:snowflakes-2024-12/12/2024-12-12-14-37-46-snowflake-stats,183167.0,72561.0,4108.0,106002.0,496.0,,112223.0,2799.0,67349.0,65593064.0,2055400.0,,0.0,1670928.0,384432.0,48.0,26306.0,5867.0,416.0,208.0,31425.0,36089.0
2024-12-13 14:37:46,2024-12-13,86400,,daily_unique_reset_each_window,63,snowflakes-2024-12.tar.xz:snowflakes-2024-12/13/2024-12-13-14-37-46-snowflake-stats,177838.0,70693.0,4060.0,102622.0,463.0,,108849.0,2480.0,65649.0,65432744.0,2093992.0,,0.0,1739344.0,354608.0,48.0,24031.0,5678.0,415.0,230.0,31704.0,35767.0
2024-12-14 14:37:46,2024-12-14,86400,,daily_unique_reset_each_window,63,snowflakes-2024-12.tar.xz:snowflakes-2024-12/14/2024-12-14-14-37-46-snowflake-stats,175155.0,66211.0,4077.0,104408.0,459.0,,107288.0,2569.0,64538.0,66362464.0,2031872.0,,168.0,1638672.0,393304.0,64.0,26822.0,5568.0,451.0,225.0,30962.0,33504.0
2024-12-15 14:37:46,2024-12-15,86400,,daily_unique_reset_each_window,63,snowflakes-2024-12.tar.xz:snowflakes-2024-12/15/2024-12-15-14-37-46-snowflake-stats,169768.0,63355.0,4080.0,101879.0,454.0,,103684.0,2580.0,62716.0,67073320.0,1992952.0,,0.0,1590432.0,402488.0,32.0,27727.0,5374.0,422.0,267.0,28975.0,31654.0
2024-12-16 14:37:46,2024-12-16,86400,,daily_unique_reset_each_window,63,snowflakes-2024-12.tar.xz:snowflakes-2024-12/16/2024-12-16-14-37-46-snowflake-stats,178370.0,69288.0,4269.0,104331.0,482.0,,108737.0,2613.0,66078.0,66880504.0,2046272.0,,40.0,1633264.0,412992.0,64.0,27605.0,5778.0,433.0,247.0,29470.0,35105.0
2024-12-17 14:37:46,2024-12-17,86400,,daily_unique_reset_each_window,63,snowflakes-2024-12.tar.xz:snowflakes-2024-12/17/2024-12-17-14-37-46-snowflake-stats,181923.0,71718.0,4275.0,105441.0,489.0,,112255.0,2585.0,66116.0,67081344.0,2086008.0,,0.0,1673200.0,412752.0,56.0,27968.0,5913.0,415.0,229.0,30781.0,35805.0
2024-12-18 14:37:46,2024-12-18,86400,,daily_unique_reset_each_window,63,snowflakes-2024-12.tar.xz:snowflakes-2024-12/18/2024-12-18-14-37-46-snowflake-stats,180337.0,69941.0,4246.0,105694.0,456.0,,111336.0,2530.0,65516.0,67324040.0,2094600.0,,0.0,1661168.0,433400.0,32.0,28037.0,5796.0,382.0,194.0,31055.0,34824.0
2024-12-19 14:37:46,2024-12-19,86400,,daily_unique_reset_each_window,63,snowflakes-2024-12.tar.xz:snowflakes-2024-12/19/2024-12-19-14-37-46-snowflake-stats,178019.0,69356.0,4214.0,103973.0,475.0,,109719.0,2465.0,64946.0,67730256.0,2077784.0,,0.0,1683200.0,394504.0,80.0,26524.0,6186.0,392.0,240.0,30501.0,34663.0
2024-12-20 14:37:46,2024-12-20,86400,,daily_unique_reset_each_window,63,snowflakes-2024-12.tar.xz:snowflakes-2024-12/20/2024-12-20-14-37-46-snowflake-stats,175016.0,67790.0,4249.0,102506.0,471.0,,107922.0,2592.0,63651.0,66954640.0,2191904.0,,1240.0,1792760.0,400312.0,72.0,24329.0,6156.0,442.0,201.0,30886.0,34212.0
2024-12-21 14:37:46,2024-12-21,86400,,daily_unique_reset_each_window,63,snowflakes-2024-12.tar.xz:snowflakes-2024-12/21/2024-12-21-14-37-46-snowflake-stats,172891.0,63283.0,4159.0,104983.0,466.0,,106835.0,2699.0,62557.0,65732256.0,2262504.0,,24.0,1854688.0,407752.0,88.0,27371.0,6050.0,426.0,194.0,29811.0,31607.0
2024-12-22 14:37:46,2024-12-22,86400,,daily_unique_reset_each_window,63,snowflakes-2024-12.tar.xz:snowflakes-2024-12/22/2024-12-22-14-37-46-snowflake-stats,168780.0,60189.0,4189.0,103985.0,417.0,,105882.0,2467.0,59591.0,65421184.0,2291000.0,,0.0,1842592.0,448240.0,176.0,27566.0,5644.0,394.0,211.0,29222.0,30394.0
2024-12-23 14:37:46,2024-12-23,86400,,daily_unique_reset_each_window,63,snowflakes-2024-12.tar.xz:snowflakes-2024-12/23/2024-12-23-14-37-46-snowflake-stats,169916.0,63152.0,4199.0,102132.0,433.0,,105536.0,2505.0,61099.0,66658552.0,2293200.0,,0.0,1872920.0,420056.0,232.0,26447.0,6310.0,470.0,222.0,28663.0,31400.0
2024-12-24 14:37:46,2024-12-24,86400,,daily_unique_reset_each_window,63,snowflakes-2024-12.tar.xz:snowflakes-2024-12/24/2024-12-24-14-37-46-snowflake-stats,168984.0,60906.0,4112.0,103473.0,493.0,,104983.0,2309.0,60872.0,66894632.0,2312304.0,,0.0,1907168.0,405056.0,88.0,25843.0,6743.0,436.0,258.0,29211.0,29583.0
2024-12-25 14:37:46,2024-12-25,86400,,daily_unique_reset_each_window,63,snowflakes-2024-12.tar.xz:snowflakes-2024-12/25/2024-12-25-14-37-46-snowflake-stats,159528.0,52392.0,4015.0,102799.0,322.0,,100211.0,2271.0,56442.0,65610624.0,2249664.0,,0.0,1877904.0,370840.0,920.0,25413.0,6931.0,411.0,306.0,28404.0,24480.0
2024-12-26 14:37:46,2024-12-26,86400,,daily_unique_reset_each_window,63,snowflakes-2024-12.tar.xz:snowflakes-2024-12/26/2024-12-26-14-37-46-snowflake-stats,156017.0,54103.0,4059.0,97480.0,375.0,,97858.0,2093.0,55422.0,65058120.0,2186360.0,,0.0,1867664.0,318640.0,64.0,23739.0,6690.0,427.0,233.0,26737.0,25656.0
2024-12-27 14:37:46,2024-12-27,86400,,daily_unique_reset_each_window,63,snowflakes-2024-12.tar.xz:snowflakes-2024-12/27/2024-12-27-14-37-46-snowflake-stats,159600.0,57772.0,4124.0,97292.0,412.0,,99754.0,2227.0,56875.0,65803248.0,2179688.0,,0.0,1872272.0,307360.0,64.0,22620.0,6702.0,417.0,202.0,27607.0,27838.0
2024-12-28 14:37:46,2024-12-28,86400,,daily_unique_reset_each_window,63,snowflakes-2024-12.tar.xz:snowflakes-2024-12/28/2024-12-28-14-37-46-snowflake-stats,161638.0,59072.0,4240.0,97861.0,465.0,,100681.0,2318.0,57826.0,65812992.0,2185808.0,,0.0,1858832.0,326896.0,80.0,23588.0,6176.0,450.0,229.0,27450.0,28772.0
2024-12-29 14:37:46,2024-12-29,86400,,daily_unique_reset_each_window,63,snowflakes-2024-12.tar.xz:snowflakes-2024-12/29/2024-12-29-14-37-46-snowflake-stats,152965.0,51558.0,4239.0,96832.0,336.0,,95360.0,1997.0,54868.0,65299744.0,2150088.0,,0.0,1832384.0,317616.0,96.0,23681.0,5976.0,378.0,210.0,26055.0,24957.0
2024-12-30 14:37:46,2024-12-30,86400,,daily_unique_reset_each_window,63,snowflakes-2024-12.tar.xz:snowflakes-2024-12/30/2024-12-30-14-37-46-snowflake-stats,146515.0,43470.0,4285.0,98753.0,7.0,,83303.0,1321.0,61375.0,65012624.0,2155840.0,,0.0,1851392.0,304376.0,80.0,23494.0,5840.0,370.0,225.0,25334.0,20067.0
2024-12-31 14:37:46,2024-12-31,86400,,daily_unique_reset_each_window,63,snowflakes-2024-12.tar.xz:snowflakes-2024-12/31/2024-12-31-14-37-46-snowflake-stats,154847.0,51561.0,4231.0,98773.0,282.0,,84957.0,1538.0,67745.0,66596672.0,2055288.0,,0.0,1748016.0,307192.0,96.0,23458.0,5764.0,412.0,201.0,27347.0,24059.0
2025-01-01 14:37:46,2025-01-01,86400,,daily_unique_reset_each_window,63,snowflakes-2025-01.tar.xz:snowflakes-2025-01/01/2025-01-01-14-37-46-snowflake-stats,154382.0,52043.0,4219.0,97659.0,461.0,,93985.0,2116.0,57626.0,66762352.0,2042136.0,,0.0,1741784.0,300256.0,96.0,23205.0,5522.0,358.0,205.0,27508.0,25133.0
2025-01-02 14:37:46,2025-01-02,86400,,daily_unique_reset_each_window,63,snowflakes-2025-01.tar.xz:snowflakes-2025-01/02/2025-01-02-14-37-46-snowflake-stats,159812.0,59239.0,4246.0,95831.0,496.0,,97002.0,2296.0,59753.0,67048200.0,2055056.0,,0.0,1754288.0,300744.0,32.0,22854.0,5626.0,359.0,240.0,27424.0,29645.0
2025-01-03 14:37:46,2025-01-03,86400,,daily_unique_reset_each_window,63,snowflakes-2025-01.tar.xz:snowflakes-2025-01/03/2025-01-03-14-37-46-snowflake-stats,164156.0,62284.0,4323.0,97102.0,447.0,,100202.0,2535.0,60762.0,67679880.0,2064368.0,,0.0,1778400.0,285544.0,432.0,21571.0,5646.0,376.0,240.0,27810.0,31560.0
2025-01-04 14:37:46,2025-01-04,86400,,daily_unique_reset_each_window,63,snowflakes-2025-01.tar.xz:snowflakes-2025-01/04/2025-01-04-14-37-46-snowflake-stats,164168.0,61644.0,4249.0,97826.0,449.0,,100931.0,2595.0,59975.0,68114416.0,2087608.0,,0.0,1788088.0,296088.0,3440.0,22530.0,5615.0,392.0,220.0,27225.0,31176.0
2025-01-05 14:37:46,2025-01-05,86400,,daily_unique_reset_each_window,63,snowflakes-2025-01.tar.xz:snowflakes-2025-01/05/2025-01-05-14-37-46-snowflake-stats,162362.0,61683.0,4421.0,95824.0,434.0,,100234.0,2655.0,58588.0,68184560.0,2076440.0,,0.0,1783672.0,288736.0,4032.0,22298.0,5770.0,356.0,215.0,26796.0,30926.0
2025-01-06 14:37:46,2025-01-06,86400,,daily_unique_reset_each_window,63,snowflakes-2025-01.tar.xz:snowflakes-2025-01/06/2025-01-06-14-37-46-snowflake-stats,167451.0,65925.0,4488.0,96503.0,534.0,,102947.0,2696.0,61003.0,69140784.0,2084896.0,,0.0,1792184.0,289464.0,3256.0,22431.0,5962.0,377.0,228.0,27764.0,33272.0
2025-01-07 14:37:46,2025-01-07,86400,,daily_unique_reset_each_window,63,snowflakes-2025-01.tar.xz:snowflakes-2025-01/07/2025-01-07-14-37-46-snowflake-stats,174597.0,69548.0,4566.0,99869.0,614.0,,108318.0,2658.0,62735.0,70593992.0,2070648.0,,0.0,1774288.0,291928.0,4440.0,22917.0,5677.0,417.0,214.0,29201.0,34900.0
2025-01-08 14:37:46,2025-01-08,86400,,daily_unique_reset_each_window,63,snowflakes-2025-01.tar.xz:snowflakes-2025-01/08/2025-01-08-14-37-46-snowflake-stats,175033.0,69519.0,4574.0,100442.0,498.0,,108476.0,2692.0,63056.0,69644112.0,2120680.0,,0.0,1821128.0,287752.0,11800.0,22982.0,5839.0,390.0,240.0,29685.0,34372.0
2025-01-09 14:37:46,2025-01-09,86400,,daily_unique_reset_each_window,63,snowflakes-2025-01.tar.xz:snowflakes-2025-01/09/2025-01-09-14-37-46-snowflake-stats,175186.0,70062.0,4446.0,100172.0,506.0,,108056.0,2823.0,63427.0,69382992.0,2218832.0,,0.0,1906416.0,303352.0,9072.0,21742.0,6192.0,416.0,219.0,29633.0,34608.0
2025-01-10 14:37:46,2025-01-10,86400,,daily_unique_reset_each_window,63,snowflakes-2025-01.tar.xz:snowflakes-2025-01/10/2025-01-10-14-37-46-snowflake-stats,175105.0,69502.0,4604.0,100504.0,495.0,,109041.0,2826.0,62394.0,70467200.0,2136472.0,,0.0,1848448.0,286024.0,2008.0,21580.0,6287.0,403.0,236.0,30193.0,34583.0
2025-01-11 14:37:46,2025-01-11,86400,,daily_unique_reset_each_window,63,snowflakes-2025-01.tar.xz:snowflakes-2025-01/11/2025-01-11-14-37-46-snowflake-stats,170867.0,65331.0,4485.0,100596.0,455.0,,106306.0,2561.0,61221.0,69992448.0,2120080.0,,0.0,1821088.0,299000.0,0.0,22824.0,5959.0,384.0,249.0,29230.0,32032.0
2025-01-12 14:37:46,2025-01-12,86400,,daily_unique_reset_each_window,63,snowflakes-2025-01.tar.xz:snowflakes-2025-01/12/2025-01-12-14-37-46-snowflake-stats,165363.0,63083.0,4496.0,97301.0,483.0,,103209.0,2729.0,58694.0,69864760.0,2108408.0,,0.0,1798256.0,310160.0,0.0,23148.0,5713.0,412.0,245.0,28523.0,30974.0
2025-01-13 14:37:46,2025-01-13,86400,,daily_unique_reset_each_window,63,snowflakes-2025-01.tar.xz:snowflakes-2025-01/13/2025-01-13-14-37-46-snowflake-stats,173108.0,68575.0,4506.0,99400.0,627.0,,106975.0,2799.0,62552.0,71163888.0,2095064.0,,0.0,1802584.0,292480.0,0.0,23213.0,6089.0,361.0,271.0,29603.0,33861.0
2025-01-14 14:37:46,2025-01-14,86400,,daily_unique_reset_each_window,63,snowflakes-2025-01.tar.xz:snowflakes-2025-01/14/2025-01-14-14-37-46-snowflake-stats,176099.0,70910.0,4524.0,100093.0,572.0,,108869.0,2765.0,63671.0,71471072.0,2081024.0,,0.0,1780136.0,300888.0,0.0,22759.0,6321.0,443.0,267.0,31127.0,34590.0
2025-01-15 14:37:46,2025-01-15,86400,,daily_unique_reset_each_window,63,snowflakes-2025-01.tar.xz:snowflakes-2025-01/15/2025-01-15-14-37-46-snowflake-stats,179016.0,72354.0,4645.0,101378.0,639.0,,110181.0,2880.0,65103.0,71224936.0,2170032.0,,0.0,1871184.0,298848.0,0.0,23705.0,6346.0,414.0,246.0,30288.0,35371.0
2025-01-16 14:37:46,2025-01-16,86400,,daily_unique_reset_each_window,63,snowflakes-2025-01.tar.xz:snowflakes-2025-01/16/2025-01-16-14-37-46-snowflake-stats,177844.0,72875.0,4608.0,99768.0,593.0,,109799.0,2821.0,64239.0,72193248.0,1971112.0,,0.0,1683880.0,287232.0,0.0,22529.0,6253.0,414.0,239.0,30411.0,35530.0
2025-01-17 14:37:46,2025-01-17,86400,,daily_unique_reset_each_window,63,snowflakes-2025-01.tar.xz:snowflakes-2025-01/17/2025-01-17-14-37-46-snowflake-stats,176902.0,71788.0,4585.0,99984.0,545.0,,109490.0,2694.0,63738.0,72125560.0,1896136.0,,0.0,1617776.0,278368.0,0.0,21356.0,6439.0,457.0,256.0,30264.0,34787.0
2025-01-18 14:37:46,2025-01-18,86400,,daily_unique_reset_each_window,63,snowflakes-2025-01.tar.xz:snowflakes-2025-01/18/2025-01-18-14-37-46-snowflake-stats,174253.0,68497.0,4487.0,100797.0,472.0,,108753.0,2710.0,61835.0,71148256.0,1918232.0,,0.0,1620968.0,297264.0,0.0,22425.0,5973.0,445.0,276.0,31064.0,33071.0
2025-01-19 14:37:46,2025-01-19,86400,,daily_unique_reset_each_window,63,snowflakes-2025-01.tar.xz:snowflakes-2025-01/19/2025-01-19-14-37-46-snowflake-stats,169971.0,65101.0,4532.0,99892.0,446.0,,106847.0,2662.0,59501.0,71878504.0,1922104.0,,0.0,1621056.0,301056.0,0.0,22636.0,5667.0,429.0,266.0,30343.0,31325.0
2025-01-20 14:37:46,2025-01-20,86400,,daily_unique_reset_each_window,63,snowflakes-2025-01.tar.xz:snowflakes-2025-01/20/2025-01-20-14-37-46-snowflake-stats,180051.0,70174.0,4518.0,104892.0,467.0,,112309.0,2720.0,64213.0,73943120.0,1924664.0,,0.0,1634616.0,290048.0,0.0,24531.0,6225.0,415.0,254.0,31310.0,34333.0
2025-01-21 14:37:46,2025-01-21,86400,,daily_unique_reset_each_window,63,snowflakes-2025-01.tar.xz:snowflakes-2025-01/21/2025-01-21-14-37-46-snowflake-stats,181313.0,71482.0,4538.0,104699.0,594.0,,113457.0,2779.0,64168.0,74030120.0,1933520.0,,0.0,1639664.0,293856.0,0.0,24257.0,6053.0,428.0,272.0,31901.0,35141.0
2025-01-22 14:37:46,2025-01-22,86400,,daily_unique_reset_each_window,63,snowflakes-2025-01.tar.xz:snowflakes-2025-01/22/2025-01-22-14-37-46-snowflake-stats,181152.0,71819.0,4593.0,104154.0,586.0,,112826.0,3133.0,64277.0,74294832.0,1932312.0,,0.0,1623232.0,309080.0,0.0,23433.0,5937.0,453.0,288.0,32483.0,34525.0
2025-01-23 14:37:46,2025-01-23,86400,,daily_unique_reset_each_window,63,snowflakes-2025-01.tar.xz:snowflakes-2025-01/23/2025-01-23-14-37-46-snowflake-stats,179042.0,71600.0,4595.0,102355.0,492.0,,111355.0,2992.0,63863.0,73954000.0,1936016.0,,0.0,1633048.0,302968.0,0.0,22456.0,5946.0,439.0,285.0,31492.0,34726.0
2025-01-24 14:37:46,2025-01-24,86400,,daily_unique_reset_each_window,63,snowflakes-2025-01.tar.xz:snowflakes-2025-01/24/2025-01-24-14-37-46-snowflake-stats,179102.0,70850.0,4514.0,103143.0,595.0,,109670.0,2583.0,66032.0,74672208.0,1914872.0,,0.0,1611240.0,303640.0,0.0,21456.0,6497.0,453.0,255.0,31814.0,34406.0
2025-01-25 14:37:46,2025-01-25,86400,,daily_unique_reset_each_window,63,snowflakes-2025-01.tar.xz:snowflakes-2025-01/25/2025-01-25-14-37-46-snowflake-stats,174996.0,67029.0,4618.0,102800.0,549.0,,106141.0,2356.0,65666.0,74929544.0,1876088.0,,0.0,1576048.0,300040.0,0.0,22506.0,6133.0,420.0,312.0,30582.0,32534.0
2025-01-26 14:37:46,2025-01-26,86400,,daily_unique_reset_each_window,63,snowflakes-2025-01.tar.xz:snowflakes-2025-01/26/2025-01-26-14-37-46-snowflake-stats,169790.0,63595.0,4545.0,101112.0,538.0,,103920.0,2401.0,62568.0,73655376.0,1945408.0,,0.0,1634960.0,310448.0,0.0,23074.0,5669.0,364.0,273.0,29504.0,31539.0
2025-01-27 14:37:46,2025-01-27,86400,,daily_unique_reset_each_window,63,snowflakes-2025-01.tar.xz:snowflakes-2025-01/27/2025-01-27-14-37-46-snowflake-stats,175814.0,69244.0,4578.0,101478.0,514.0,,109314.0,2687.0,62866.0,73471344.0,1943888.0,,0.0,1642672.0,301224.0,0.0,22776.0,6013.0,364.0,251.0,29554.0,34307.0
2025-01-28 14:37:46,2025-01-28,86400,,daily_unique_reset_each_window,63,snowflakes-2025-01.tar.xz:snowflakes-2025-01/28/2025-01-28-14-37-46-snowflake-stats,179318.0,71532.0,4575.0,102743.0,468.0,,111827.0,2621.0,63973.0,73628648.0,1913728.0,,0.0,1605760.0,307968.0,0.0,22150.0,6002.0,348.0,240.0,31742.0,34788.0
2025-01-29 14:37:46,2025-01-29,86400,,daily_unique_reset_each_window,63,snowflakes-2025-01.tar.xz:snowflakes-2025-01/29/2025-01-29-14-37-46-snowflake-stats,179543.0,71371.0,4590.0,103145.0,437.0,,111464.0,2692.0,64398.0,74235744.0,1910032.0,,0.0,1612456.0,297576.0,0.0,22467.0,6176.0,354.0,260.0,31185.0,35084.0
2025-01-30 14:37:46,2025-01-30,86400,,daily_unique_reset_each_window,63,snowflakes-2025-01.tar.xz:snowflakes-2025-01/30/2025-01-30-14-37-46-snowflake-stats,177963.0,70873.0,4595.0,102009.0,486.0,,110901.0,2677.0,63377.0,73378624.0,1915864.0,,0.0,1616536.0,299336.0,0.0,22125.0,6121.0,334.0,279.0,30893.0,34713.0
2025-01-31 14:37:46,2025-01-31,86400,,daily_unique_reset_each_window,63,snowflakes-2025-01.tar.xz:snowflakes-2025-01/31/2025-01-31-14-37-46-snowflake-stats,176162.0,70302.0,4605.0,100835.0,420.0,,109088.0,2686.0,63392.0,73481752.0,1896328.0,,0.0,1613952.0,282384.0,0.0,21402.0,6194.0,332.0,320.0,30518.0,34786.0
2025-02-01 14:37:46,2025-02-01,86400,,daily_unique_reset_each_window,63,snowflakes-2025-02.tar.xz:snowflakes-2025-02/01/2025-02-01-14-37-46-snowflake-stats,174032.0,66157.0,4821.0,102628.0,426.0,,108372.0,2667.0,62043.0,72922464.0,1917232.0,,0.0,1603312.0,311400.0,2520.0,23349.0,5838.0,416.0,318.0,31347.0,32203.0
2025-02-02 14:37:46,2025-02-02,86400,,daily_unique_reset_each_window,63,snowflakes-2025-02.tar.xz:snowflakes-2025-02/02/2025-02-02-14-37-46-snowflake-stats,167972.0,63363.0,4817.0,99355.0,437.0,,105159.0,2662.0,59167.0,73980632.0,1937936.0,,0.0,1614472.0,305408.0,18064.0,23513.0,5609.0,359.0,270.0,30370.0,31099.0
2025-02-03 14:37:46,2025-02-03,86400,,daily_unique_reset_each_window,63,snowflakes-2025-02.tar.xz:snowflakes-2025-02/03/2025-02-03-14-37-46-snowflake-stats,174992.0,68794.0,4818.0,100889.0,491.0,,109444.0,2674.0,61942.0,74937968.0,1919520.0,,0.0,1603096.0,294864.0,21560.0,23684.0,5957.0,371.0,301.0,29404.0,33966.0
2025-02-04 14:37:46,2025-02-04,86400,,daily_unique_reset_each_window,63,snowflakes-2025-02.tar.xz:snowflakes-2025-02/04/2025-02-04-14-37-46-snowflake-stats,180889.0,71745.0,4865.0,103742.0,537.0,,113121.0,2720.0,64050.0,75171800.0,1946576.0,,0.0,1617640.0,307400.0,21544.0,23376.0,6187.0,396.0,314.0,31477.0,34757.0
2025-02-05 17:44:06,2025-02-05,86400,,daily_unique_reset_each_window,63,snowflakes-2025-02.tar.xz:snowflakes-2025-02/05/2025-02-05-17-44-06-snowflake-stats,178512.0,71700.0,4936.0,101324.0,552.0,,110708.0,2749.0,64178.0,74859472.0,1996112.0,,0.0,1657824.0,317584.0,20712.0,24667.0,6150.0,434.0,351.0,25850.0,36799.0
2025-02-06 17:44:06,2025-02-06,86400,,daily_unique_reset_each_window,63,snowflakes-2025-02.tar.xz:snowflakes-2025-02/06/2025-02-06-17-44-06-snowflake-stats,176132.0,69868.0,4918.0,100877.0,469.0,,109307.0,2466.0,63458.0,75701232.0,2026128.0,,0.0,1684696.0,324024.0,17416.0,23708.0,6021.0,377.0,368.0,25755.0,35860.0
2025-02-07 17:44:06,2025-02-07,86400,,daily_unique_reset_each_window,63,snowflakes-2025-02.tar.xz:snowflakes-2025-02/07/2025-02-07-17-44-06-snowflake-stats,177364.0,70352.0,4972.0,101541.0,499.0,,110616.0,2404.0,63443.0,75613176.0,2055992.0,,0.0,1733104.0,322888.0,0.0,23291.0,5848.0,446.0,396.0,25884.0,36170.0
2025-02-08 17:44:06,2025-02-08,86400,,daily_unique_reset_each_window,63,snowflakes-2025-02.tar.xz:snowflakes-2025-02/08/2025-02-08-17-44-06-snowflake-stats,173713.0,65246.0,4895.0,103099.0,473.0,,109009.0,2392.0,61377.0,74713888.0,2052024.0,,960.0,1691208.0,341240.0,20544.0,25598.0,5619.0,464.0,390.0,25174.0,33252.0
2025-02-09 17:44:06,2025-02-09,86400,,daily_unique_reset_each_window,63,snowflakes-2025-02.tar.xz:snowflakes-2025-02/09/2025-02-09-17-44-06-snowflake-stats,170793.0,64803.0,4916.0,100626.0,448.0,,107862.0,2384.0,59737.0,74757416.0,2044160.0,,0.0,1673184.0,349216.0,21768.0,25086.0,5462.0,384.0,327.0,24432.0,34323.0
2025-02-10 17:44:06,2025-02-10,86400,,daily_unique_reset_each_window,63,snowflakes-2025-02.tar.xz:snowflakes-2025-02/10/2025-02-10-17-44-06-snowflake-stats,178642.0,71299.0,4838.0,102010.0,495.0,,112513.0,2381.0,62826.0,75445688.0,2054736.0,,32.0,1674584.0,357264.0,22920.0,23169.0,5777.0,427.0,368.0,25357.0,37125.0
2025-02-11 17:44:06,2025-02-11,86400,,daily_unique_reset_each_window,63,snowflakes-2025-02.tar.xz:snowflakes-2025-02/11/2025-02-11-17-44-06-snowflake-stats,179953.0,71268.0,4739.0,103405.0,541.0,,112912.0,2421.0,63744.0,75829464.0,2005776.0,,0.0,1640432.0,343384.0,21976.0,26061.0,5929.0,458.0,377.0,25651.0,36740.0
2025-02-12 17:44:06,2025-02-12,86400,,daily_unique_reset_each_window,63,snowflakes-2025-02.tar.xz:snowflakes-2025-02/12/2025-02-12-17-44-06-snowflake-stats,179429.0,71587.0,4784.0,102449.0,609.0,,110499.0,2452.0,65491.0,75917200.0,2018976.0,,0.0,1656312.0,339664.0,23008.0,25143.0,5732.0,455.0,385.0,25360.0,37859.0
2025-02-13 17:44:06,2025-02-13,86400,,daily_unique_reset_each_window,63,snowflakes-2025-02.tar.xz:snowflakes-2025-02/13/2025-02-13-17-44-06-snowflake-stats,178626.0,70997.0,4754.0,102430.0,445.0,,110012.0,2404.0,65328.0,76986944.0,1957016.0,,0.0,1603960.0,331800.0,21256.0,24879.0,5629.0,398.0,411.0,26341.0,36633.0
2025-02-14 17:44:06,2025-02-14,86400,,daily_unique_reset_each_window,63,snowflakes-2025-02.tar.xz:snowflakes-2025-02/14/2025-02-14-17-44-06-snowflake-stats,176747.0,69772.0,4726.0,101813.0,436.0,,109197.0,2455.0,64155.0,77030944.0,1802120.0,,0.0,1456376.0,323104.0,22648.0,23032.0,5990.0,397.0,388.0,26403.0,36585.0
2025-02-15 17:44:06,2025-02-15,86400,,daily_unique_reset_each_window,63,snowflakes-2025-02.tar.xz:snowflakes-2025-02/15/2025-02-15-17-44-06-snowflake-stats,171450.0,64249.0,4774.0,102046.0,381.0,,107978.0,2442.0,60255.0,75814360.0,1723376.0,,0.0,1382432.0,318368.0,22584.0,24512.0,5400.0,434.0,411.0,25725.0,33249.0
2025-02-16 17:44:06,2025-02-16,86400,,daily_unique_reset_each_window,63,snowflakes-2025-02.tar.xz:snowflakes-2025-02/16/2025-02-16-17-44-06-snowflake-stats,167576.0,63540.0,4825.0,98832.0,379.0,,105161.0,2503.0,59044.0,75577064.0,1704072.0,,0.0,1363408.0,321480.0,19192.0,24137.0,5426.0,387.0,355.0,24301.0,33296.0
2025-02-17 17:44:06,2025-02-17,86400,,daily_unique_reset_each_window,63,snowflakes-2025-02.tar.xz:snowflakes-2025-02/17/2025-02-17-17-44-06-snowflake-stats,175460.0,69720.0,4729.0,100613.0,398.0,,109270.0,2555.0,62789.0,76221656.0,1714616.0,,0.0,1378712.0,318184.0,17720.0,24177.0,5574.0,406.0,410.0,24296.0,36775.0
2025-02-18 17:44:06,2025-02-18,86400,,daily_unique_reset_each_window,63,snowflakes-2025-02.tar.xz:snowflakes-2025-02/18/2025-02-18-17-44-06-snowflake-stats,176718.0,70339.0,4663.0,101319.0,397.0,,109497.0,2477.0,63751.0,76326848.0,1711696.0,,0.0,1379472.0,312104.0,20128.0,24180.0,5665.0,381.0,385.0,25637.0,36168.0
2025-02-19 17:44:06,2025-02-19,86400,,daily_unique_reset_each_window,63,snowflakes-2025-02.tar.xz:snowflakes-2025-02/19/2025-02-19-17-44-06-snowflake-stats,178002.0,69956.0,4753.0,102894.0,398.0,,110561.0,2477.0,64050.0,76448984.0,1719488.0,,0.0,1377528.0,321224.0,20744.0,24275.0,5816.0,406.0,349.0,26331.0,36334.0
2025-02-21 14:54:24,2025-02-21,86400,,daily_unique_reset_each_window,63,snowflakes-2025-02.tar.xz:snowflakes-2025-02/21/2025-02-21-14-54-24-snowflake-stats,174935.0,69481.0,4792.0,100290.0,370.0,,108578.0,2250.0,63223.0,74009080.0,1504728.0,,0.0,1204800.0,285832.0,14096.0,22816.0,5823.0,417.0,329.0,25967.0,35721.0
2025-02-22 14:54:24,2025-02-22,86400,,daily_unique_reset_each_window,63,snowflakes-2025-02.tar.xz:snowflakes-2025-02/22/2025-02-22-14-54-24-snowflake-stats,171399.0,65013.0,4770.0,101237.0,377.0,,106601.0,2216.0,61725.0,73491016.0,1476176.0,,0.0,1181800.0,284056.0,10328.0,24180.0,5279.0,421.0,324.0,25164.0,33512.0
2025-02-23 14:54:24,2025-02-23,86400,,daily_unique_reset_each_window,63,snowflakes-2025-02.tar.xz:snowflakes-2025-02/23/2025-02-23-14-54-24-snowflake-stats,165361.0,62167.0,4641.0,98222.0,330.0,,103426.0,2237.0,58872.0,73072744.0,1487808.0,,0.0,1185520.0,294120.0,8168.0,24148.0,5419.0,384.0,332.0,23797.0,32937.0
2025-02-24 14:54:24,2025-02-24,86400,,daily_unique_reset_each_window,63,snowflakes-2025-02.tar.xz:snowflakes-2025-02/24/2025-02-24-14-54-24-snowflake-stats,172885.0,67987.0,4570.0,99943.0,384.0,,107729.0,2363.0,61986.0,73889208.0,1490552.0,,0.0,1187392.0,292096.0,11064.0,24243.0,5548.0,395.0,341.0,24195.0,35560.0
2025-02-25 14:54:24,2025-02-25,86400,,daily_unique_reset_each_window,63,snowflakes-2025-02.tar.xz:snowflakes-2025-02/25/2025-02-25-14-54-24-snowflake-stats,178251.0,70353.0,4638.0,102865.0,394.0,,110496.0,2326.0,64560.0,74417096.0,1523344.0,,0.0,1197880.0,312488.0,12984.0,24719.0,5582.0,386.0,309.0,25987.0,36500.0
2025-02-26 14:54:24,2025-02-26,86400,,daily_unique_reset_each_window,63,snowflakes-2025-02.tar.xz:snowflakes-2025-02/26/2025-02-26-14-54-24-snowflake-stats,179489.0,71007.0,4794.0,103298.0,386.0,,112219.0,2295.0,64094.0,74470096.0,1525184.0,,0.0,1211536.0,301016.0,12640.0,24253.0,5835.0,367.0,366.0,26690.0,36421.0
2025-02-27 14:54:24,2025-02-27,86400,,daily_unique_reset_each_window,63,snowflakes-2025-02.tar.xz:snowflakes-2025-02/27/2025-02-27-14-54-24-snowflake-stats,177722.0,69785.0,4742.0,102803.0,391.0,,110365.0,2289.0,64189.0,74606128.0,1508280.0,,0.0,1182560.0,311968.0,13768.0,23640.0,5693.0,357.0,378.0,25856.0,36130.0
2025-02-28 14:54:24,2025-02-28,86400,,daily_unique_reset_each_window,63,snowflakes-2025-02.tar.xz:snowflakes-2025-02/28/2025-02-28-14-54-24-snowflake-stats,176901.0,69352.0,4738.0,102464.0,346.0,,109850.0,2456.0,63733.0,74652400.0,1455128.0,,0.0,1157168.0,284872.0,13096.0,22452.0,5536.0,390.0,333.0,26404.0,36019.0
2025-03-01 14:54:24,2025-03-01,86400,,daily_unique_reset_each_window,63,snowflakes-2025-03.tar.xz:snowflakes-2025-03/01/2025-03-01-14-54-24-snowflake-stats,173238.0,65058.0,4824.0,102980.0,375.0,,107990.0,2313.0,62127.0,74279408.0,1485296.0,,0.0,1184056.0,289528.0,11720.0,23667.0,5268.0,406.0,362.0,26124.0,34089.0
2025-03-02 14:54:24,2025-03-02,86400,,daily_unique_reset_each_window,63,snowflakes-2025-03.tar.xz:snowflakes-2025-03/02/2025-03-02-14-54-24-snowflake-stats,164281.0,61264.0,4821.0,97852.0,340.0,,102779.0,2282.0,58491.0,73899536.0,1472088.0,,0.0,1164680.0,293496.0,13920.0,24075.0,4981.0,443.0,326.0,24328.0,32052.0
2025-03-03 14:54:24,2025-03-03,86400,,daily_unique_reset_each_window,63,snowflakes-2025-03.tar.xz:snowflakes-2025-03/03/2025-03-03-14-54-24-snowflake-stats,171802.0,66865.0,4669.0,99899.0,368.0,,107369.0,2313.0,61391.0,74013912.0,1473640.0,,224.0,1169248.0,290248.0,14368.0,23339.0,5341.0,478.0,379.0,24462.0,34778.0
2025-03-04 14:54:24,2025-03-04,86400,,daily_unique_reset_each_window,63,snowflakes-2025-03.tar.xz:snowflakes-2025-03/04/2025-03-04-14-54-24-snowflake-stats,175399.0,69236.0,4832.0,100945.0,385.0,,110068.0,2261.0,62241.0,74202688.0,1490944.0,,5896.0,1191576.0,290528.0,14736.0,23515.0,5506.0,447.0,309.0,25780.0,35788.0
2025-03-05 14:54:24,2025-03-05,86400,,daily_unique_reset_each_window,63,snowflakes-2025-03.tar.xz:snowflakes-2025-03/05/2025-03-05-14-54-24-snowflake-stats,182348.0,71052.0,5211.0,105645.0,439.0,,113969.0,2444.0,64979.0,74316744.0,1511456.0,,0.0,1197608.0,299376.0,14472.0,24962.0,5518.0,448.0,352.0,26507.0,37524.0
2025-03-06 14:54:24,2025-03-06,86400,,daily_unique_reset_each_window,63,snowflakes-2025-03.tar.xz:snowflakes-2025-03/06/2025-03-06-14-54-24-snowflake-stats,176455.0,70265.0,4679.0,101135.0,374.0,,109917.0,2354.0,63275.0,74159080.0,1413192.0,,0.0,1131320.0,268008.0,13872.0,22863.0,5532.0,416.0,367.0,26026.0,36870.0
2025-03-07 14:54:24,2025-03-07,86400,,daily_unique_reset_each_window,63,snowflakes-2025-03.tar.xz:snowflakes-2025-03/07/2025-03-07-14-54-24-snowflake-stats,177585.0,69602.0,4659.0,102948.0,376.0,,110790.0,2388.0,63549.0,74119504.0,1465176.0,,0.0,1161008.0,289344.0,14832.0,22735.0,5587.0,438.0,368.0,25686.0,36764.0
2025-03-08 14:54:24,2025-03-08,86400,,daily_unique_reset_each_window,63,snowflakes-2025-03.tar.xz:snowflakes-2025-03/08/2025-03-08-14-54-24-snowflake-stats,170497.0,63173.0,4644.0,102331.0,349.0,,106352.0,2325.0,60932.0,73999480.0,1458840.0,,0.0,1132816.0,309360.0,16672.0,23878.0,5053.0,402.0,359.0,24556.0,33981.0
2025-03-09 14:54:24,2025-03-09,86400,,daily_unique_reset_each_window,63,snowflakes-2025-03.tar.xz:snowflakes-2025-03/09/2025-03-09-14-54-24-snowflake-stats,165498.0,61544.0,4642.0,98982.0,330.0,,103262.0,2163.0,59245.0,73580984.0,1515408.0,,0.0,1172232.0,328992.0,14200.0,23356.0,4923.0,401.0,326.0,24490.0,32624.0
2025-03-10 14:54:24,2025-03-10,86400,,daily_unique_reset_each_window,63,snowflakes-2025-03.tar.xz:snowflakes-2025-03/10/2025-03-10-14-54-24-snowflake-stats,173843.0,67859.0,4709.0,100893.0,382.0,,108483.0,2238.0,62182.0,73447376.0,1628672.0,,0.0,1240880.0,370432.0,17368.0,22856.0,5367.0,336.0,332.0,24529.0,36287.0
2025-03-11 14:54:24,2025-03-11,86400,,daily_unique_reset_each_window,63,snowflakes-2025-03.tar.xz:snowflakes-2025-03/11/2025-03-11-14-54-24-snowflake-stats,177686.0,70569.0,4739.0,102069.0,309.0,,111246.0,2259.0,63254.0,73188944.0,1666592.0,,0.0,1266664.0,383448.0,16480.0,22640.0,5395.0,350.0,367.0,25300.0,38171.0
2025-03-12 16:28:18,2025-03-12,86400,,daily_unique_reset_each_window,63,snowflakes-2025-03.tar.xz:snowflakes-2025-03/12/2025-03-12-16-28-18-snowflake-stats,180897.0,72896.0,4797.0,102981.0,223.0,,112370.0,2374.0,65306.0,72731784.0,1669424.0,,0.0,1255016.0,401136.0,13280.0,23183.0,5411.0,386.0,341.0,26057.0,39004.0
2025-03-13 17:02:02,2025-03-13,86400,,daily_unique_reset_each_window,63,snowflakes-2025-03.tar.xz:snowflakes-2025-03/13/2025-03-13-17-02-02-snowflake-stats,178739.0,71979.0,4721.0,101784.0,255.0,,111312.0,2289.0,64193.0,73222424.0,1585792.0,1504048.0,0.0,1199864.0,368648.0,17288.0,22291.0,5257.0,371.0,322.0,26009.0,37792.0
2025-03-14 17:02:02,2025-03-14,86400,,daily_unique_reset_each_window,63,snowflakes-2025-03.tar.xz:snowflakes-2025-03/14/2025-03-14-17-02-02-snowflake-stats,176597.0,70633.0,4706.0,101066.0,192.0,,110464.0,2206.0,62977.0,73571704.0,1595712.0,1531072.0,0.0,1208040.0,370168.0,17520.0,21446.0,5352.0,395.0,325.0,25828.0,37265.0
2025-03-15 17:02:02,2025-03-15,86400,,daily_unique_reset_each_window,63,snowflakes-2025-03.tar.xz:snowflakes-2025-03/15/2025-03-15-17-02-02-snowflake-stats,170066.0,64771.0,4564.0,100530.0,201.0,,106134.0,2189.0,60833.0,72775760.0,1622528.0,1314752.0,0.0,1222704.0,379672.0,20152.0,22609.0,5190.0,408.0,325.0,24264.0,34328.0
2025-03-16 17:06:58,2025-03-16,86400,,daily_unique_reset_each_window,63,snowflakes-2025-03.tar.xz:snowflakes-2025-03/16/2025-03-16-17-06-58-snowflake-stats,164772.0,63609.0,4704.0,96200.0,259.0,,103838.0,2259.0,57849.0,72414608.0,1637136.0,1207208.0,8.0,1227904.0,385384.0,23856.0,22107.0,5014.0,396.0,278.0,23123.0,33459.0
2025-03-17 17:06:58,2025-03-17,86400,,daily_unique_reset_each_window,63,snowflakes-2025-03.tar.xz:snowflakes-2025-03/17/2025-03-17-17-06-58-snowflake-stats,173387.0,70345.0,4720.0,98012.0,310.0,,108188.0,2184.0,62140.0,73098488.0,1638320.0,1219152.0,16680.0,1242528.0,386544.0,25936.0,22267.0,5258.0,403.0,343.0,23999.0,37017.0
2025-03-18 17:06:58,2025-03-18,86400,,daily_unique_reset_each_window,63,snowflakes-2025-03.tar.xz:snowflakes-2025-03/18/2025-03-18-17-06-58-snowflake-stats,176123.0,70702.0,4742.0,100246.0,433.0,,109703.0,2202.0,63368.0,73623552.0,1621136.0,1283016.0,0.0,1218384.0,378112.0,24656.0,22214.0,5375.0,382.0,311.0,25104.0,36707.0
2025-03-19 17:06:58,2025-03-19,86400,,daily_unique_reset_each_window,63,snowflakes-2025-03.tar.xz:snowflakes-2025-03/19/2025-03-19-17-06-58-snowflake-stats,172809.0,69089.0,4722.0,98615.0,383.0,,107234.0,2184.0,62443.0,72846072.0,1612360.0,1317016.0,0.0,1209760.0,377584.0,25016.0,21776.0,5228.0,366.0,341.0,24904.0,35197.0
2025-03-20 17:06:58,2025-03-20,86400,,daily_unique_reset_each_window,63,snowflakes-2025-03.tar.xz:snowflakes-2025-03/20/2025-03-20-17-06-58-snowflake-stats,174243.0,68567.0,4614.0,100768.0,294.0,,107841.0,2113.0,63486.0,73346960.0,1642280.0,1243784.0,0.0,1243888.0,376280.0,22112.0,22949.0,5208.0,403.0,315.0,25073.0,34670.0
2025-03-21 17:06:58,2025-03-21,86400,,daily_unique_reset_each_window,63,snowflakes-2025-03.tar.xz:snowflakes-2025-03/21/2025-03-21-17-06-58-snowflake-stats,173644.0,68959.0,4650.0,99798.0,237.0,,107558.0,2211.0,63101.0,73287048.0,1599912.0,1223184.0,0.0,1220824.0,356448.0,22640.0,21740.0,5336.0,442.0,314.0,25452.0,35179.0
2025-03-22 17:06:58,2025-03-22,86400,,daily_unique_reset_each_window,63,snowflakes-2025-03.tar.xz:snowflakes-2025-03/22/2025-03-22-17-06-58-snowflake-stats,165411.0,63147.0,4637.0,97392.0,235.0,,103424.0,2203.0,58976.0,72829400.0,1630528.0,1129208.0,0.0,1240976.0,370104.0,19456.0,21677.0,4981.0,415.0,306.0,23735.0,33568.0
2025-03-23 17:06:58,2025-03-23,86400,,daily_unique_reset_each_window,63,snowflakes-2025-03.tar.xz:snowflakes-2025-03/23/2025-03-23-17-06-58-snowflake-stats,162551.0,62318.0,4533.0,95496.0,204.0,,102685.0,2355.0,56754.0,72718056.0,1613024.0,1144024.0,0.0,1219880.0,372840.0,20304.0,21252.0,4675.0,406.0,337.0,23220.0,33614.0
2025-03-24 17:06:58,2025-03-24,86400,,daily_unique_reset_each_window,63,snowflakes-2025-03.tar.xz:snowflakes-2025-03/24/2025-03-24-17-06-58-snowflake-stats,170866.0,69650.0,4599.0,96390.0,227.0,,107450.0,2408.0,60239.0,73963256.0,1683136.0,1095192.0,1880.0,1271176.0,392480.0,21352.0,20871.0,5081.0,372.0,337.0,23539.0,36490.0
2025-03-25 17:06:58,2025-03-25,86400,,daily_unique_reset_each_window,63,snowflakes-2025-03.tar.xz:snowflakes-2025-03/25/2025-03-25-17-06-58-snowflake-stats,174907.0,71332.0,4666.0,98664.0,245.0,,110053.0,2269.0,61851.0,73374696.0,1744576.0,1170928.0,0.0,1308160.0,413632.0,22792.0,21785.0,5294.0,370.0,350.0,25395.0,37291.0
2025-03-26 17:06:58,2025-03-26,86400,,daily_unique_reset_each_window,63,snowflakes-2025-03.tar.xz:snowflakes-2025-03/26/2025-03-26-17-06-58-snowflake-stats,175537.0,71421.0,4772.0,99109.0,235.0,,109660.0,2477.0,62542.0,73701888.0,1662120.0,1155392.0,0.0,1249048.0,390112.0,22976.0,21289.0,5134.0,386.0,344.0,26073.0,36845.0
2025-03-27 17:39:49,2025-03-27,86400,,daily_unique_reset_each_window,63,snowflakes-2025-03.tar.xz:snowflakes-2025-03/27/2025-03-27-17-39-49-snowflake-stats,172443.0,69740.0,4742.0,97710.0,249.0,,107933.0,2556.0,61120.0,73366776.0,1653120.0,1105912.0,0.0,1268024.0,373920.0,11184.0,21188.0,5109.0,395.0,307.0,24986.0,36307.0
2025-03-28 17:39:49,2025-03-28,86400,,daily_unique_reset_each_window,63,snowflakes-2025-03.tar.xz:snowflakes-2025-03/28/2025-03-28-17-39-49-snowflake-stats,174050.0,69757.0,4773.0,99274.0,246.0,,108818.0,2398.0,61999.0,72805976.0,1700544.0,1109656.0,0.0,1302656.0,385992.0,11904.0,21256.0,5174.0,399.0,240.0,25441.0,36934.0
2025-03-29 17:39:49,2025-03-29,86400,,daily_unique_reset_each_window,63,snowflakes-2025-03.tar.xz:snowflakes-2025-03/29/2025-03-29-17-39-49-snowflake-stats,167116.0,64064.0,4664.0,98132.0,256.0,,105465.0,2294.0,58536.0,72909544.0,1620144.0,1027496.0,0.0,1250256.0,355408.0,14488.0,21781.0,4921.0,436.0,343.0,24865.0,33068.0
2025-03-30 17:39:49,2025-03-30,86400,,daily_unique_reset_each_window,63,snowflakes-2025-03.tar.xz:snowflakes-2025-03/30/2025-03-30-17-39-49-snowflake-stats,164800.0,63296.0,4652.0,96630.0,222.0,,103971.0,2215.0,57785.0,73170552.0,1622416.0,1085616.0,0.0,1254104.0,355176.0,13136.0,21448.0,4785.0,449.0,496.0,23087.0,33242.0
2025-03-31 17:39:49,2025-03-31,86400,,daily_unique_reset_each_window,63,snowflakes-2025-03.tar.xz:snowflakes-2025-03/31/2025-03-31-17-39-49-snowflake-stats,175039.0,70804.0,4710.0,99287.0,238.0,,109356.0,2533.0,62305.0,74551560.0,1659440.0,1152896.0,0.0,1275776.0,370984.0,12688.0,21681.0,5191.0,406.0,462.0,24158.0,37849.0
2025-04-01 17:39:49,2025-04-01,86400,,daily_unique_reset_each_window,63,snowflakes-2025-04.tar.xz:snowflakes-2025-04/01/2025-04-01-17-39-49-snowflake-stats,179330.0,75110.0,4767.0,99173.0,280.0,,110742.0,2667.0,64948.0,74079232.0,1643408.0,1165752.0,0.0,1268920.0,361000.0,13496.0,20260.0,5174.0,391.0,438.0,26430.0,39497.0
2025-04-02 17:39:49,2025-04-02,86400,,daily_unique_reset_each_window,63,snowflakes-2025-04.tar.xz:snowflakes-2025-04/02/2025-04-02-17-39-49-snowflake-stats,176598.0,74470.0,4760.0,97115.0,253.0,,111059.0,2477.0,62326.0,73080184.0,1766768.0,1091384.0,0.0,1376672.0,374712.0,15392.0,20529.0,5174.0,423.0,457.0,25226.0,37876.0
2025-04-03 17:39:49,2025-04-03,86400,,daily_unique_reset_each_window,63,snowflakes-2025-04.tar.xz:snowflakes-2025-04/03/2025-04-03-17-39-49-snowflake-stats,179332.0,73110.0,4754.0,101217.0,251.0,,112671.0,2362.0,63484.0,73229632.0,1876472.0,1124320.0,0.0,1483120.0,374520.0,18840.0,21096.0,5195.0,460.0,432.0,26802.0,37849.0
2025-04-04 17:39:49,2025-04-04,86400,,daily_unique_reset_each_window,63,snowflakes-2025-04.tar.xz:snowflakes-2025-04/04/2025-04-04-17-39-49-snowflake-stats,177590.0,70757.0,4705.0,101900.0,228.0,,110752.0,2521.0,63479.0,73397000.0,1871864.0,1173856.0,0.0,1471400.0,383416.0,17056.0,20855.0,5432.0,401.0,475.0,26601.0,36903.0
2025-04-05 17:39:49,2025-04-05,86400,,daily_unique_reset_each_window,63,snowflakes-2025-04.tar.xz:snowflakes-2025-04/05/2025-04-05-17-39-49-snowflake-stats,171300.0,65020.0,4687.0,101371.0,222.0,,107645.0,2319.0,60551.0,72920400.0,1921952.0,1171032.0,0.0,1509344.0,394472.0,18144.0,21786.0,5089.0,470.0,501.0,24667.0,34606.0
2025-04-06 17:39:49,2025-04-06,86400,,daily_unique_reset_each_window,63,snowflakes-2025-04.tar.xz:snowflakes-2025-04/06/2025-04-06-17-39-49-snowflake-stats,166895.0,64826.0,4602.0,97245.0,222.0,,104989.0,2280.0,58823.0,72654552.0,1955320.0,1206608.0,0.0,1528280.0,406792.0,20256.0,22629.0,5033.0,456.0,449.0,23381.0,34315.0
2025-04-07 17:39:49,2025-04-07,86400,,daily_unique_reset_each_window,63,snowflakes-2025-04.tar.xz:snowflakes-2025-04/07/2025-04-07-17-39-49-snowflake-stats,177084.0,72111.0,4639.0,100056.0,276.0,,111759.0,2349.0,62070.0,73769840.0,1966296.0,1196248.0,0.0,1536768.0,408072.0,21464.0,22603.0,5168.0,422.0,477.0,24976.0,37910.0
2025-04-08 17:39:49,2025-04-08,86400,,daily_unique_reset_each_window,63,snowflakes-2025-04.tar.xz:snowflakes-2025-04/08/2025-04-08-17-39-49-snowflake-stats,178440.0,72918.0,4764.0,100524.0,232.0,,113182.0,2408.0,61917.0,73801736.0,2000328.0,1205344.0,0.0,1559312.0,417648.0,23376.0,22360.0,5258.0,401.0,463.0,25874.0,37720.0
2025-04-09 17:39:49,2025-04-09,86400,,daily_unique_reset_each_window,63,snowflakes-2025-04.tar.xz:snowflakes-2025-04/09/2025-04-09-17-39-49-snowflake-stats,181108.0,74301.0,4738.0,101821.0,247.0,,113026.0,2496.0,64574.0,74111800.0,1989504.0,1180120.0,0.0,1556904.0,410424.0,22184.0,23253.0,5341.0,422.0,500.0,25833.0,38322.0
2025-04-10 17:39:49,2025-04-10,86400,,daily_unique_reset_each_window,63,snowflakes-2025-04.tar.xz:snowflakes-2025-04/10/2025-04-10-17-39-49-snowflake-stats,179542.0,73210.0,4686.0,101410.0,236.0,,111532.0,2490.0,64636.0,74477040.0,2003888.0,1204624.0,0.0,1576376.0,405592.0,21920.0,23510.0,4939.0,405.0,501.0,25092.0,37624.0
2025-04-11 17:39:49,2025-04-11,86400,,daily_unique_reset_each_window,63,snowflakes-2025-04.tar.xz:snowflakes-2025-04/11/2025-04-11-17-39-49-snowflake-stats,175221.0,71158.0,4631.0,99204.0,228.0,,109947.0,2319.0,62037.0,74572976.0,2033000.0,1224848.0,0.0,1595752.0,413320.0,23936.0,21673.0,4906.0,398.0,472.0,25212.0,36236.0
2025-04-12 17:39:49,2025-04-12,86400,,daily_unique_reset_each_window,63,snowflakes-2025-04.tar.xz:snowflakes-2025-04/12/2025-04-12-17-39-49-snowflake-stats,169186.0,63588.0,4640.0,100724.0,234.0,,107767.0,2177.0,58323.0,73066280.0,2069344.0,1215008.0,0.0,1631656.0,414352.0,23344.0,23819.0,4781.0,469.0,499.0,24853.0,32318.0
2025-04-13 17:39:49,2025-04-13,86400,,daily_unique_reset_each_window,63,snowflakes-2025-04.tar.xz:snowflakes-2025-04/13/2025-04-13-17-39-49-snowflake-stats,165530.0,64232.0,4662.0,96392.0,244.0,,105602.0,2221.0,56862.0,73252776.0,2085336.0,1203168.0,11120.0,1664152.0,407976.0,24328.0,22751.0,4887.0,428.0,448.0,23326.0,32979.0
2025-04-14 17:39:49,2025-04-14,86400,,daily_unique_reset_each_window,63,snowflakes-2025-04.tar.xz:snowflakes-2025-04/14/2025-04-14-17-39-49-snowflake-stats,174605.0,71099.0,4580.0,98675.0,251.0,,110311.0,2351.0,61030.0,73472960.0,2067040.0,1238488.0,0.0,1630560.0,413672.0,22824.0,22228.0,5187.0,381.0,494.0,25194.0,35670.0
2025-04-15 17:39:49,2025-04-15,86400,,daily_unique_reset_each_window,63,snowflakes-2025-04.tar.xz:snowflakes-2025-04/15/2025-04-15-17-39-49-snowflake-stats,175367.0,71372.0,4634.0,99104.0,257.0,,111430.0,2428.0,60474.0,73723520.0,2004160.0,1170072.0,0.0,1593112.0,388832.0,22224.0,21957.0,5092.0,378.0,531.0,24923.0,35828.0
2025-04-16 17:39:49,2025-04-16,86400,,daily_unique_reset_each_window,63,snowflakes-2025-04.tar.xz:snowflakes-2025-04/16/2025-04-16-17-39-49-snowflake-stats,179076.0,71236.0,4685.0,102919.0,236.0,,114233.0,2519.0,61360.0,73390272.0,2066928.0,1157336.0,0.0,1619896.0,423544.0,23496.0,23065.0,5125.0,426.0,606.0,25382.0,36254.0
2025-04-17 17:39:49,2025-04-17,86400,,daily_unique_reset_each_window,63,snowflakes-2025-04.tar.xz:snowflakes-2025-04/17/2025-04-17-17-39-49-snowflake-stats,176246.0,70853.0,4638.0,100528.0,227.0,,111362.0,2605.0,61317.0,72583248.0,2193440.0,1223312.0,0.0,1728264.0,434648.0,30536.0,22070.0,5300.0,499.0,708.0,25425.0,35616.0
2025-04-18 17:39:49,2025-04-18,86400,,daily_unique_reset_each_window,63,snowflakes-2025-04.tar.xz:snowflakes-2025-04/18/2025-04-18-17-39-49-snowflake-stats,167967.0,65993.0,4639.0,97088.0,247.0,,106056.0,2255.0,58780.0,72233864.0,2127552.0,1235384.0,0.0,1663976.0,432000.0,31576.0,21176.0,5148.0,424.0,755.0,24431.0,32399.0
2025-04-19 17:39:49,2025-04-19,86400,,daily_unique_reset_each_window,63,snowflakes-2025-04.tar.xz:snowflakes-2025-04/19/2025-04-19-17-39-49-snowflake-stats,163777.0,60973.0,4565.0,98027.0,212.0,,104596.0,2111.0,56299.0,71656168.0,2166408.0,1282720.0,0.0,1695000.0,437848.0,33560.0,21877.0,4826.0,435.0,719.0,24385.0,30185.0
2025-04-20 17:39:49,2025-04-20,86400,,daily_unique_reset_each_window,63,snowflakes-2025-04.tar.xz:snowflakes-2025-04/20/2025-04-20-17-39-49-snowflake-stats,159353.0,59071.0,4516.0,95559.0,207.0,,102215.0,1973.0,54267.0,71692784.0,2139480.0,1182232.0,0.0,1675664.0,435712.0,28112.0,21396.0,4750.0,453.0,699.0,23478.0,29135.0
2025-04-21 17:39:49,2025-04-21,86400,,daily_unique_reset_each_window,63,snowflakes-2025-04.tar.xz:snowflakes-2025-04/21/2025-04-21-17-39-49-snowflake-stats,165389.0,64081.0,4628.0,96471.0,209.0,,104779.0,2090.0,57604.0,72966216.0,2077744.0,1198416.0,0.0,1624816.0,425432.0,27496.0,22078.0,5121.0,459.0,673.0,23876.0,31334.0
2025-04-22 17:39:49,2025-04-22,86400,,daily_unique_reset_each_window,63,snowflakes-2025-04.tar.xz:snowflakes-2025-04/22/2025-04-22-17-39-49-snowflake-stats,176487.0,70153.0,4645.0,101424.0,265.0,,111754.0,2314.0,61486.0,73343536.0,2159024.0,1204720.0,0.0,1697128.0,431032.0,30872.0,23325.0,5307.0,373.0,846.0,24917.0,35856.0
2025-04-23 17:39:49,2025-04-23,86400,,daily_unique_reset_each_window,63,snowflakes-2025-04.tar.xz:snowflakes-2025-04/23/2025-04-23-17-39-49-snowflake-stats,177741.0,72246.0,4737.0,100502.0,256.0,,111832.0,2562.0,62362.0,73243352.0,2135536.0,1223888.0,0.0,1677200.0,427808.0,30536.0,21655.0,5264.0,407.0,1030.0,25293.0,36101.0
2025-04-24 17:39:49,2025-04-24,86400,,daily_unique_reset_each_window,63,snowflakes-2025-04.tar.xz:snowflakes-2025-04/24/2025-04-24-17-39-49-snowflake-stats,176110.0,71478.0,4708.0,99679.0,245.0,,110325.0,2387.0,62462.0,73325912.0,2131240.0,1236680.0,0.0,1675256.0,426456.0,29528.0,21021.0,4968.0,377.0,1217.0,25489.0,35991.0
2025-04-25 17:39:49,2025-04-25,86400,,daily_unique_reset_each_window,63,snowflakes-2025-04.tar.xz:snowflakes-2025-04/25/2025-04-25-17-39-49-snowflake-stats,175692.0,70935.0,4639.0,99881.0,237.0,,109954.0,2434.0,62413.0,74148256.0,2109088.0,1234984.0,0.0,1657112.0,424880.0,27104.0,21476.0,4972.0,440.0,1606.0,24741.0,36111.0
2025-04-26 17:39:49,2025-04-26,86400,,daily_unique_reset_each_window,63,snowflakes-2025-04.tar.xz:snowflakes-2025-04/26/2025-04-26-17-39-49-snowflake-stats,170869.0,64797.0,4523.0,101311.0,238.0,,107825.0,2183.0,60085.0,73271240.0,2264496.0,1261528.0,0.0,1758336.0,480184.0,25984.0,23965.0,4764.0,463.0,1780.0,24786.0,32368.0
2025-04-27 17:39:49,2025-04-27,86400,,daily_unique_reset_each_window,63,snowflakes-2025-04.tar.xz:snowflakes-2025-04/27/2025-04-27-17-39-49-snowflake-stats,166842.0,63144.0,4451.0,99027.0,220.0,,104660.0,2160.0,59228.0,73892744.0,2225440.0,1271488.0,0.0,1720648.0,477408.0,27392.0,24025.0,5090.0,417.0,1797.0,22378.0,32126.0
2025-04-28 17:39:49,2025-04-28,86400,,daily_unique_reset_each_window,63,snowflakes-2025-04.tar.xz:snowflakes-2025-04/28/2025-04-28-17-39-49-snowflake-stats,180912.0,71587.0,4638.0,104449.0,238.0,,112616.0,2325.0,65058.0,74703480.0,2334712.0,1283656.0,13648.0,1783944.0,535416.0,29000.0,24413.0,5180.0,459.0,2027.0,24387.0,37540.0
2025-04-29 17:39:49,2025-04-29,86400,,daily_unique_reset_each_window,63,snowflakes-2025-04.tar.xz:snowflakes-2025-04/29/2025-04-29-17-39-49-snowflake-stats,184107.0,72114.0,4621.0,107161.0,211.0,,114823.0,2447.0,65839.0,72951800.0,2811872.0,1349048.0,0.0,1740728.0,1037152.0,34000.0,27360.0,5023.0,418.0,2125.0,25313.0,36727.0
2025-04-30 17:39:49,2025-04-30,86400,,daily_unique_reset_each_window,63,snowflakes-2025-04.tar.xz:snowflakes-2025-04/30/2025-04-30-17-39-49-snowflake-stats,180263.0,70971.0,4684.0,104377.0,231.0,,111990.0,2601.0,64804.0,70191792.0,3296064.0,1472616.0,0.0,1768408.0,1491728.0,35936.0,23908.0,5277.0,420.0,2006.0,24930.0,36821.0
2025-05-01 17:39:49,2025-05-01,86400,,daily_unique_reset_each_window,63,snowflakes-2025-05.tar.xz:snowflakes-2025-05/01/2025-05-01-17-39-49-snowflake-stats,170528.0,64577.0,4603.0,101117.0,231.0,,106219.0,2468.0,61030.0,67605776.0,3449680.0,1468072.0,0.0,1687864.0,1732992.0,28824.0,22856.0,5123.0,345.0,1654.0,24698.0,31766.0
2025-05-02 17:39:49,2025-05-02,86400,,daily_unique_reset_each_window,63,snowflakes-2025-05.tar.xz:snowflakes-2025-05/02/2025-05-02-17-39-49-snowflake-stats,170814.0,66207.0,4586.0,99773.0,248.0,,106606.0,2525.0,60761.0,65803600.0,3964680.0,1606104.0,6576.0,1703760.0,2235696.0,31816.0,21290.0,5045.0,398.0,1366.0,24200.0,33348.0
2025-05-03 17:39:49,2025-05-03,86400,,daily_unique_reset_each_window,63,snowflakes-2025-05.tar.xz:snowflakes-2025-05/03/2025-05-03-17-39-49-snowflake-stats,168118.0,62108.0,4561.0,101220.0,229.0,,105574.0,2527.0,59211.0,63550904.0,4367032.0,1732672.0,12488.0,1789232.0,2557976.0,32320.0,24253.0,5037.0,398.0,1337.0,23022.0,31327.0
2025-05-04 17:39:49,2025-05-04,86400,,daily_unique_reset_each_window,63,snowflakes-2025-05.tar.xz:snowflakes-2025-05/04/2025-05-04-17-39-49-snowflake-stats,167477.0,64164.0,4776.0,98312.0,225.0,,104605.0,2769.0,59292.0,64397792.0,4035920.0,1624328.0,12328.0,1785128.0,2231688.0,31448.0,23744.0,4865.0,360.0,1177.0,21689.0,33756.0
2025-05-05 17:39:49,2025-05-05,86400,,daily_unique_reset_each_window,63,snowflakes-2025-05.tar.xz:snowflakes-2025-05/05/2025-05-05-17-39-49-snowflake-stats,177152.0,71165.0,4632.0,101154.0,201.0,,109664.0,2851.0,63813.0,65748936.0,3756136.0,1525008.0,56.0,1839832.0,1878240.0,38120.0,24652.0,5257.0,376.0,1143.0,23027.0,36894.0
2025-05-06 17:39:49,2025-05-06,86400,,daily_unique_reset_each_window,63,snowflakes-2025-05.tar.xz:snowflakes-2025-05/06/2025-05-06-17-39-49-snowflake-stats,177354.0,72398.0,4623.0,100110.0,223.0,,110361.0,2687.0,63481.0,65872032.0,3602840.0,1528144.0,0.0,1831008.0,1738848.0,32992.0,23754.0,4920.0,387.0,1102.0,23822.0,36510.0
2025-05-07 17:39:49,2025-05-07,86400,,daily_unique_reset_each_window,63,snowflakes-2025-05.tar.xz:snowflakes-2025-05/07/2025-05-07-17-39-49-snowflake-stats,177155.0,71080.0,4633.0,101177.0,265.0,,110377.0,2678.0,63281.0,64753248.0,3831256.0,1527744.0,80.0,1853504.0,1946264.0,31568.0,23684.0,5217.0,451.0,1068.0,24007.0,36089.0
2025-05-08 17:39:49,2025-05-08,86400,,daily_unique_reset_each_window,63,snowflakes-2025-05.tar.xz:snowflakes-2025-05/08/2025-05-08-17-39-49-snowflake-stats,174485.0,70069.0,4590.0,99584.0,242.0,,109467.0,2571.0,61677.0,63858904.0,3938992.0,1559600.0,448.0,1941896.0,1967424.0,30128.0,22658.0,4806.0,435.0,1073.0,23629.0,35562.0
2025-05-09 17:39:49,2025-05-09,86400,,daily_unique_reset_each_window,63,snowflakes-2025-05.tar.xz:snowflakes-2025-05/09/2025-05-09-17-39-49-snowflake-stats,169864.0,68393.0,4605.0,96621.0,245.0,,106684.0,2466.0,59924.0,63903048.0,4131824.0,1654696.0,784.0,1925368.0,2178120.0,29120.0,20401.0,4699.0,462.0,1036.0,23456.0,34880.0
2025-05-10 17:39:49,2025-05-10,86400,,daily_unique_reset_each_window,63,snowflakes-2025-05.tar.xz:snowflakes-2025-05/10/2025-05-10-17-39-49-snowflake-stats,165795.0,62558.0,4489.0,98508.0,240.0,,104103.0,2482.0,58448.0,63060696.0,4167128.0,1666680.0,872.0,1958032.0,2178992.0,30976.0,22885.0,4648.0,546.0,943.0,22598.0,31139.0
2025-05-11 17:39:49,2025-05-11,86400,,daily_unique_reset_each_window,63,snowflakes-2025-05.tar.xz:snowflakes-2025-05/11/2025-05-11-17-39-49-snowflake-stats,163751.0,61426.0,4494.0,97598.0,233.0,,102132.0,2457.0,58471.0,62179528.0,4200176.0,1560576.0,101040.0,1936888.0,2334336.0,30000.0,23636.0,4505.0,471.0,904.0,22158.0,30898.0
2025-05-12 17:39:49,2025-05-12,86400,,daily_unique_reset_each_window,63,snowflakes-2025-05.tar.xz:snowflakes-2025-05/12/2025-05-12-17-39-49-snowflake-stats,173217.0,70200.0,4598.0,98177.0,242.0,,107868.0,2677.0,61874.0,63738832.0,3981800.0,1499680.0,736.0,2018360.0,1924144.0,40040.0,22994.0,5023.0,408.0,886.0,23497.0,35105.0
2025-05-13 17:39:49,2025-05-13,86400,,daily_unique_reset_each_window,63,snowflakes-2025-05.tar.xz:snowflakes-2025-05/13/2025-05-13-17-39-49-snowflake-stats,178473.0,71881.0,4692.0,101668.0,232.0,,111622.0,2565.0,63398.0,64561240.0,3993464.0,1460368.0,7112.0,2010632.0,1943488.0,46456.0,23563.0,4931.0,450.0,862.0,23771.0,36082.0
2025-05-14 17:40:03,2025-05-14,86400,,daily_unique_reset_each_window,63,snowflakes-2025-05.tar.xz:snowflakes-2025-05/14/2025-05-14-17-40-03-snowflake-stats,177431.0,73114.0,4716.0,99351.0,250.0,,109854.0,2729.0,63956.0,65138480.0,3738480.0,1450520.0,104.0,1955728.0,1733984.0,48864.0,23517.0,5082.0,401.0,832.0,24596.0,36312.0
2025-05-15 17:40:03,2025-05-15,86400,,daily_unique_reset_each_window,63,snowflakes-2025-05.tar.xz:snowflakes-2025-05/15/2025-05-15-17-40-03-snowflake-stats,176728.0,71772.0,4719.0,100002.0,235.0,,109424.0,2547.0,63892.0,66023320.0,3571248.0,1478088.0,0.0,1901728.0,1622528.0,46992.0,22178.0,5055.0,438.0,809.0,24647.0,36490.0
2025-05-16 17:40:03,2025-05-16,86400,,daily_unique_reset_each_window,63,snowflakes-2025-05.tar.xz:snowflakes-2025-05/16/2025-05-16-17-40-03-snowflake-stats,173030.0,70039.0,4643.0,98128.0,220.0,,106535.0,2566.0,63148.0,65361648.0,3500576.0,1422408.0,1480.0,1920160.0,1533800.0,48096.0,20646.0,4944.0,401.0,792.0,23826.0,35757.0
2025-05-17 17:40:03,2025-05-17,86400,,daily_unique_reset_each_window,63,snowflakes-2025-05.tar.xz:snowflakes-2025-05/17/2025-05-17-17-40-03-snowflake-stats,166193.0,63624.0,4630.0,97726.0,213.0,,104822.0,2374.0,58252.0,64722896.0,3500728.0,1377248.0,0.0,1904616.0,1552056.0,44072.0,22405.0,4673.0,470.0,743.0,23356.0,31593.0
2025-05-18 17:40:03,2025-05-18,86400,,daily_unique_reset_each_window,63,snowflakes-2025-05.tar.xz:snowflakes-2025-05/18/2025-05-18-17-40-03-snowflake-stats,161086.0,63800.0,4602.0,92466.0,218.0,,100486.0,2497.0,57277.0,65073736.0,3288256.0,1406632.0,24.0,1838264.0,1408424.0,41592.0,20876.0,4424.0,417.0,763.0,22626.0,31708.0
2025-05-19 17:40:03,2025-05-19,86400,,daily_unique_reset_each_window,63,snowflakes-2025-05.tar.xz:snowflakes-2025-05/19/2025-05-19-17-40-03-snowflake-stats,172366.0,70791.0,4600.0,96745.0,230.0,,107079.0,2634.0,61786.0,65217744.0,3436656.0,1378992.0,25688.0,1897872.0,1523472.0,41000.0,22280.0,4789.0,425.0,757.0,23589.0,35645.0
2025-05-20 17:40:03,2025-05-20,86400,,daily_unique_reset_each_window,63,snowflakes-2025-05.tar.xz:snowflakes-2025-05/20/2025-05-20-17-40-03-snowflake-stats,175591.0,72808.0,4597.0,97953.0,233.0,,109853.0,2675.0,62224.0,65549288.0,3387384.0,1310784.0,0.0,1796184.0,1552096.0,39112.0,22375.0,4773.0,369.0,768.0,24836.0,35913.0
2025-05-21 17:40:03,2025-05-21,86400,,daily_unique_reset_each_window,63,snowflakes-2025-05.tar.xz:snowflakes-2025-05/21/2025-05-21-17-40-03-snowflake-stats,175225.0,72609.0,4623.0,97763.0,230.0,,109156.0,2853.0,62476.0,65457544.0,3402616.0,1280872.0,0.0,1809392.0,1552968.0,40272.0,23001.0,5080.0,369.0,766.0,24493.0,35949.0
2025-05-22 17:40:03,2025-05-22,86400,,daily_unique_reset_each_window,63,snowflakes-2025-05.tar.xz:snowflakes-2025-05/22/2025-05-22-17-40-03-snowflake-stats,174053.0,71705.0,4631.0,97490.0,226.0,,107304.0,2698.0,63207.0,66371400.0,3318560.0,1346224.0,136.0,1758856.0,1520960.0,38880.0,22007.0,4938.0,403.0,752.0,23981.0,35689.0
2025-05-23 17:40:03,2025-05-23,86400,,daily_unique_reset_each_window,63,snowflakes-2025-05.tar.xz:snowflakes-2025-05/23/2025-05-23-17-40-03-snowflake-stats,170447.0,69140.0,4644.0,96430.0,233.0,,106245.0,2654.0,60768.0,65146856.0,3423432.0,1339456.0,208.0,1832480.0,1549592.0,41568.0,20536.0,4936.0,395.0,733.0,23741.0,34875.0
2025-05-24 17:40:03,2025-05-24,86400,,daily_unique_reset_each_window,63,snowflakes-2025-05.tar.xz:snowflakes-2025-05/24/2025-05-24-17-40-03-snowflake-stats,164571.0,62772.0,4538.0,97059.0,202.0,,103741.0,2740.0,57340.0,64141856.0,3512072.0,1403592.0,128.0,1794232.0,1679208.0,38768.0,22609.0,4622.0,429.0,751.0,23554.0,30846.0
2025-05-25 17:40:03,2025-05-25,86400,,daily_unique_reset_each_window,63,snowflakes-2025-05.tar.xz:snowflakes-2025-05/25/2025-05-25-17-40-03-snowflake-stats,161943.0,62707.0,4522.0,94513.0,201.0,,101381.0,2491.0,57350.0,63611112.0,3493544.0,1332024.0,32.0,1826720.0,1627448.0,39408.0,21961.0,4624.0,409.0,738.0,22134.0,31327.0
2025-05-26 17:40:03,2025-05-26,86400,,daily_unique_reset_each_window,63,snowflakes-2025-05.tar.xz:snowflakes-2025-05/26/2025-05-26-17-40-03-snowflake-stats,171227.0,69773.0,4810.0,96419.0,225.0,,106538.0,2813.0,61165.0,63518920.0,3673120.0,1375368.0,20416.0,1876256.0,1753536.0,63744.0,21692.0,5053.0,413.0,672.0,22777.0,35401.0
2025-05-27 17:40:03,2025-05-27,86400,,daily_unique_reset_each_window,63,snowflakes-2025-05.tar.xz:snowflakes-2025-05/27/2025-05-27-17-40-03-snowflake-stats,171990.0,70564.0,4622.0,96578.0,226.0,,107754.0,2624.0,60927.0,62991984.0,3747832.0,1394304.0,7360.0,1851248.0,1835352.0,68600.0,21423.0,4957.0,434.0,671.0,23512.0,34711.0
2025-05-28 17:40:03,2025-05-28,86400,,daily_unique_reset_each_window,63,snowflakes-2025-05.tar.xz:snowflakes-2025-05/28/2025-05-28-17-40-03-snowflake-stats,173929.0,70323.0,4539.0,98831.0,236.0,,108539.0,2836.0,61716.0,63838440.0,3624800.0,1410800.0,10600.0,1931304.0,1663816.0,40288.0,21751.0,5147.0,380.0,616.0,24711.0,34955.0
2025-05-29 17:40:03,2025-05-29,86400,,daily_unique_reset_each_window,63,snowflakes-2025-05.tar.xz:snowflakes-2025-05/29/2025-05-29-17-40-03-snowflake-stats,166797.0,66613.0,4519.0,95459.0,206.0,,104183.0,2670.0,59156.0,63936160.0,3444920.0,1316624.0,2192.0,1860488.0,1548656.0,37968.0,21047.0,5092.0,368.0,595.0,23480.0,31975.0
2025-05-30 17:40:03,2025-05-30,86400,,daily_unique_reset_each_window,63,snowflakes-2025-05.tar.xz:snowflakes-2025-05/30/2025-05-30-17-40-03-snowflake-stats,166539.0,65661.0,4596.0,96066.0,216.0,,104536.0,2660.0,58568.0,63810960.0,3477152.0,1314944.0,1160.0,1848328.0,1590600.0,39384.0,19705.0,5100.0,405.0,574.0,23637.0,32204.0
2025-05-31 17:40:03,2025-05-31,86400,,daily_unique_reset_each_window,63,snowflakes-2025-05.tar.xz:snowflakes-2025-05/31/2025-05-31-17-40-03-snowflake-stats,162324.0,61099.0,4505.0,96519.0,201.0,,102599.0,2550.0,56521.0,64563504.0,3427736.0,1260512.0,368.0,1832440.0,1559280.0,36384.0,21715.0,4796.0,408.0,545.0,23468.0,29810.0
2025-06-01 17:40:03,2025-06-01,86400,,daily_unique_reset_each_window,63,snowflakes-2025-06.tar.xz:snowflakes-2025-06/01/2025-06-01-17-40-03-snowflake-stats,161851.0,63432.0,4663.0,93546.0,210.0,,101738.0,2598.0,56748.0,65397112.0,3078336.0,1183656.0,224.0,1840512.0,1201496.0,36552.0,21570.0,4519.0,341.0,502.0,23402.0,30610.0
2025-06-02 17:40:03,2025-06-02,86400,,daily_unique_reset_each_window,63,snowflakes-2025-06.tar.xz:snowflakes-2025-06/02/2025-06-02-17-40-03-snowflake-stats,171509.0,70599.0,4562.0,96111.0,237.0,,106006.0,2788.0,61914.0,66080672.0,2950984.0,1260992.0,32.0,1790648.0,1125992.0,34376.0,22373.0,4713.0,383.0,478.0,23175.0,35052.0
2025-06-03 17:40:03,2025-06-03,86400,,daily_unique_reset_each_window,63,snowflakes-2025-06.tar.xz:snowflakes-2025-06/03/2025-06-03-17-40-03-snowflake-stats,172725.0,71628.0,4609.0,96246.0,242.0,,107667.0,2529.0,61671.0,65043024.0,3315112.0,1330656.0,56.0,1918656.0,1361264.0,35256.0,22508.0,4747.0,410.0,321.0,23332.0,35055.0
2025-06-04 17:40:03,2025-06-04,86400,,daily_unique_reset_each_window,63,snowflakes-2025-06.tar.xz:snowflakes-2025-06/04/2025-06-04-17-40-03-snowflake-stats,171486.0,70916.0,4636.0,95709.0,225.0,,106918.0,2633.0,61110.0,65888856.0,3127960.0,1309256.0,40.0,1897296.0,1193288.0,37424.0,20933.0,4743.0,451.0,12.0,23394.0,34914.0
2025-06-05 17:40:03,2025-06-05,86400,,daily_unique_reset_each_window,63,snowflakes-2025-06.tar.xz:snowflakes-2025-06/05/2025-06-05-17-40-03-snowflake-stats,170032.0,69940.0,4576.0,95294.0,222.0,,106739.0,2532.0,60011.0,66173304.0,3007800.0,1319144.0,0.0,1874120.0,1095912.0,37776.0,20008.0,4598.0,460.0,9.0,24341.0,33860.0
2025-06-06 17:40:03,2025-06-06,86400,,daily_unique_reset_each_window,63,snowflakes-2025-06.tar.xz:snowflakes-2025-06/06/2025-06-06-17-40-03-snowflake-stats,167987.0,67914.0,4541.0,95317.0,215.0,,104765.0,2581.0,59931.0,65963112.0,2928640.0,1271680.0,0.0,1859600.0,1029600.0,39440.0,19625.0,4873.0,474.0,6.0,23734.0,33182.0
2025-06-07 17:40:03,2025-06-07,86400,,daily_unique_reset_each_window,63,snowflakes-2025-06.tar.xz:snowflakes-2025-06/07/2025-06-07-17-40-03-snowflake-stats,160409.0,61264.0,4527.0,94421.0,197.0,,101599.0,2462.0,55707.0,66148720.0,2911704.0,1231568.0,0.0,1843208.0,1028792.0,39712.0,20502.0,4462.0,398.0,12.0,22590.0,30343.0
2025-06-08 17:40:03,2025-06-08,86400,,daily_unique_reset_each_window,63,snowflakes-2025-06.tar.xz:snowflakes-2025-06/08/2025-06-08-17-40-03-snowflake-stats,155340.0,59873.0,4513.0,90735.0,219.0,,97872.0,2281.0,54527.0,66300920.0,2972688.0,1129592.0,0.0,1829216.0,1102600.0,40880.0,20103.0,4563.0,374.0,11.0,21571.0,29174.0
2025-06-09 17:40:03,2025-06-09,86400,,daily_unique_reset_each_window,63,snowflakes-2025-06.tar.xz:snowflakes-2025-06/09/2025-06-09-17-40-03-snowflake-stats,161566.0,64211.0,4493.0,92609.0,253.0,,101436.0,2576.0,56871.0,67535888.0,2929608.0,1162752.0,0.0,1823496.0,1064256.0,41856.0,20636.0,4684.0,389.0,17.0,22544.0,30213.0
2025-06-10 17:40:03,2025-06-10,86400,,daily_unique_reset_each_window,63,snowflakes-2025-06.tar.xz:snowflakes-2025-06/10/2025-06-10-17-40-03-snowflake-stats,168726.0,69822.0,4531.0,94135.0,238.0,,105724.0,2661.0,59474.0,69806888.0,2541184.0,1118352.0,0.0,1460368.0,1035800.0,45024.0,21021.0,4928.0,437.0,12.0,24078.0,33465.0
2025-06-11 17:40:03,2025-06-11,86400,,daily_unique_reset_each_window,63,snowflakes-2025-06.tar.xz:snowflakes-2025-06/11/2025-06-11-17-40-03-snowflake-stats,170247.0,70956.0,4541.0,94539.0,211.0,,106590.0,2811.0,59964.0,68080632.0,2786760.0,1176608.0,0.0,1582312.0,1161168.0,43288.0,21096.0,4847.0,444.0,14.0,23641.0,34352.0
2025-06-12 17:40:03,2025-06-12,86400,,daily_unique_reset_each_window,63,snowflakes-2025-06.tar.xz:snowflakes-2025-06/12/2025-06-12-17-40-03-snowflake-stats,168591.0,69295.0,4586.0,94479.0,231.0,,104427.0,2838.0,60634.0,66265640.0,2994208.0,1211496.0,0.0,1829064.0,1104184.0,60960.0,20245.0,4902.0,419.0,10.0,23627.0,33827.0
2025-06-13 17:40:03,2025-06-13,86400,,daily_unique_reset_each_window,63,snowflakes-2025-06.tar.xz:snowflakes-2025-06/13/2025-06-13-17-40-03-snowflake-stats,175510.0,67676.0,4497.0,103088.0,249.0,,106749.0,2298.0,65663.0,63199776.0,4531536.0,1695336.0,1094600.0,3578568.0,1974056.0,73512.0,27540.0,4878.0,471.0,14.0,23972.0,33555.0
2025-06-14 17:40:03,2025-06-14,86400,,daily_unique_reset_each_window,63,snowflakes-2025-06.tar.xz:snowflakes-2025-06/14/2025-06-14-17-40-03-snowflake-stats,173352.0,58836.0,4449.0,109826.0,241.0,,104760.0,1562.0,66306.0,47662464.0,8634960.0,4938760.0,11544256.0,16490544.0,3570520.0,118160.0,32557.0,4696.0,377.0,7.0,22868.0,30748.0
2025-06-15 17:40:03,2025-06-15,86400,,daily_unique_reset_each_window,63,snowflakes-2025-06.tar.xz:snowflakes-2025-06/15/2025-06-15-17-40-03-snowflake-stats,174106.0,57513.0,4513.0,111840.0,240.0,,102150.0,1592.0,69578.0,32270768.0,11137912.0,12597656.0,25772432.0,32243632.0,4521024.0,145696.0,30664.0,4763.0,389.0,6.0,21766.0,34097.0
2025-06-16 17:40:03,2025-06-16,86400,,daily_unique_reset_each_window,63,snowflakes-2025-06.tar.xz:snowflakes-2025-06/16/2025-06-16-17-40-03-snowflake-stats,185395.0,63359.0,4722.0,117047.0,267.0,,105473.0,1714.0,77341.0,22913680.0,12346320.0,17763008.0,35267184.0,43432064.0,4027088.0,154352.0,29000.0,4860.0,454.0,6.0,22726.0,41775.0
2025-06-17 20:46:03,2025-06-17,86400,,daily_unique_reset_each_window,63,snowflakes-2025-06.tar.xz:snowflakes-2025-06/17/2025-06-17-20-46-03-snowflake-stats,176449.0,61514.0,4872.0,109793.0,270.0,,100304.0,1879.0,73434.0,18511440.0,13402248.0,21175008.0,37822992.0,47737848.0,3303632.0,183760.0,23165.0,4908.0,383.0,6.0,23933.0,38759.0
2025-06-18 20:46:03,2025-06-18,86400,,daily_unique_reset_each_window,63,snowflakes-2025-06.tar.xz:snowflakes-2025-06/18/2025-06-18-20-46-03-snowflake-stats,161464.0,61913.0,4627.0,94644.0,280.0,,92210.0,2025.0,66469.0,27162776.0,11611096.0,15120000.0,30523792.0,39633984.0,2332192.0,168704.0,14630.0,4836.0,422.0,5.0,21568.0,36353.0
2025-06-19 20:46:03,2025-06-19,86400,,daily_unique_reset_each_window,63,snowflakes-2025-06.tar.xz:snowflakes-2025-06/19/2025-06-19-20-46-03-snowflake-stats,134569.0,62652.0,4584.0,67096.0,237.0,,84166.0,2008.0,47739.0,51873000.0,4662784.0,1270000.0,568816.0,3464944.0,1681000.0,85656.0,365.0,4896.0,429.0,6.0,19855.0,29208.0
2025-06-20 20:46:03,2025-06-20,86400,,daily_unique_reset_each_window,63,snowflakes-2025-06.tar.xz:snowflakes-2025-06/20/2025-06-20-20-46-03-snowflake-stats,135650.0,62678.0,4564.0,68138.0,270.0,,85273.0,2105.0,47537.0,50477144.0,5514408.0,1228264.0,1077112.0,3967272.0,2525200.0,99056.0,459.0,4961.0,436.0,4.0,19923.0,29115.0
2025-06-21 20:46:03,2025-06-21,86400,,daily_unique_reset_each_window,63,snowflakes-2025-06.tar.xz:snowflakes-2025-06/21/2025-06-21-20-46-03-snowflake-stats,143652.0,57024.0,4547.0,81835.0,246.0,,84851.0,2202.0,55819.0,39997032.0,8232360.0,3792264.0,5725696.0,10646320.0,3197440.0,114296.0,7571.0,5761.0,392.0,4.0,20382.0,29909.0
2025-06-22 20:46:03,2025-06-22,86400,,daily_unique_reset_each_window,63,snowflakes-2025-06.tar.xz:snowflakes-2025-06/22/2025-06-22-20-46-03-snowflake-stats,148998.0,57838.0,4546.0,86362.0,252.0,,85807.0,2043.0,60447.0,36355640.0,9010752.0,4469600.0,6019160.0,11980120.0,2943136.0,106656.0,8872.0,5332.0,405.0,8.0,20363.0,34074.0
2025-06-23 20:46:03,2025-06-23,86400,,daily_unique_reset_each_window,63,snowflakes-2025-06.tar.xz:snowflakes-2025-06/23/2025-06-23-20-46-03-snowflake-stats,158553.0,65444.0,4599.0,88227.0,283.0,,91216.0,2182.0,64369.0,37617328.0,8778008.0,4206264.0,5399912.0,11217864.0,2848448.0,111616.0,8329.0,5100.0,475.0,6.0,21541.0,38265.0
2025-06-24 20:46:03,2025-06-24,86400,,daily_unique_reset_each_window,63,snowflakes-2025-06.tar.xz:snowflakes-2025-06/24/2025-06-24-20-46-03-snowflake-stats,158895.0,65394.0,4566.0,88683.0,252.0,,92116.0,2043.0,63961.0,35345048.0,9079016.0,5018704.0,5555960.0,11458152.0,3062176.0,114648.0,8916.0,5304.0,442.0,5.0,21502.0,37290.0
2025-06-25 20:52:06,2025-06-25,86400,,daily_unique_reset_each_window,63,snowflakes-2025-06.tar.xz:snowflakes-2025-06/25/2025-06-25-20-52-06-snowflake-stats,183105.0,64488.0,4592.0,115348.0,270.0,,126834.0,3745.0,89984.0,32251168.0,11154864.0,8315384.0,19266352.0,33845360.0,4690296.0,200944.0,25164.0,5177.0,429.0,3.0,23700.0,41609.0
2025-06-26 20:52:06,2025-06-26,86400,,new_since_last_restart_lower_bound,63,snowflakes-2025-06.tar.xz:snowflakes-2025-06/26/2025-06-26-20-52-06-snowflake-stats,132138.0,40354.0,1171.0,92010.0,241.0,,92697.0,2675.0,68880.0,33877072.0,11137312.0,7624112.0,18172944.0,32689624.0,4049632.0,195120.0,21642.0,3234.0,269.0,2.0,15427.0,30619.0
2025-06-27 20:52:06,2025-06-27,86400,,new_since_last_restart_lower_bound,63,snowflakes-2025-06.tar.xz:snowflakes-2025-06/27/2025-06-27-20-52-06-snowflake-stats,120736.0,37778.0,1134.0,83274.0,161.0,,89758.0,2453.0,60456.0,35441320.0,10631048.0,8074408.0,17361704.0,32205976.0,3662200.0,198984.0,19955.0,2945.0,285.0,1.0,14412.0,25167.0
2025-06-28 20:52:06,2025-06-28,86400,,new_since_last_restart_lower_bound,63,snowflakes-2025-06.tar.xz:snowflakes-2025-06/28/2025-06-28-20-52-06-snowflake-stats,112438.0,32706.0,1121.0,80292.0,163.0,,82952.0,2361.0,55221.0,32953464.0,11189408.0,9133344.0,15309408.0,31882480.0,3561184.0,188504.0,20929.0,2972.0,253.0,,13019.0,20603.0
2025-06-29 20:52:06,2025-06-29,86400,,new_since_last_restart_lower_bound,63,snowflakes-2025-06.tar.xz:snowflakes-2025-06/29/2025-06-29-20-52-06-snowflake-stats,106880.0,32954.0,1057.0,74467.0,161.0,,81432.0,2343.0,51505.0,37646648.0,10712056.0,6469784.0,10478064.0,24406304.0,3078880.0,174720.0,19498.0,2574.0,224.0,1.0,12864.0,19998.0
2025-06-30 20:52:06,2025-06-30,86400,,new_since_last_restart_lower_bound,63,snowflakes-2025-06.tar.xz:snowflakes-2025-06/30/2025-06-30-20-52-06-snowflake-stats,110560.0,36756.0,1113.0,74495.0,172.0,,85555.0,2382.0,52036.0,40864024.0,10363480.0,5152416.0,8212560.0,20676144.0,2878168.0,174152.0,19096.0,2791.0,239.0,2.0,13243.0,21150.0
2025-07-02 16:57:24,2025-07-02,86400,,new_since_last_restart_lower_bound,63,snowflakes-2025-07.tar.xz:snowflakes-2025-07/02/2025-07-02-16-57-24-snowflake-stats,187463.0,67020.0,4769.0,116907.0,251.0,,138827.0,4051.0,83579.0,45602808.0,9500560.0,3546448.0,1567352.0,12239016.0,2238600.0,136744.0,24183.0,4913.0,475.0,3.0,23902.0,47040.0
2025-07-03 16:57:24,2025-07-03,86400,,new_since_last_restart_lower_bound,63,snowflakes-2025-07.tar.xz:snowflakes-2025-07/03/2025-07-03-16-57-24-snowflake-stats,124189.0,41171.0,1174.0,83379.0,171.0,,91161.0,2878.0,61342.0,48640632.0,8295472.0,2764272.0,77336.0,8844520.0,2155704.0,136848.0,18018.0,2915.0,323.0,3.0,14793.0,27789.0
2025-07-04 16:57:24,2025-07-04,86400,,new_since_last_restart_lower_bound,63,snowflakes-2025-07.tar.xz:snowflakes-2025-07/04/2025-07-04-16-57-24-snowflake-stats,113960.0,37979.0,1147.0,76394.0,166.0,,85174.0,2665.0,54373.0,49837480.0,7998016.0,2584080.0,71416.0,8331624.0,2182792.0,139104.0,17017.0,3219.0,355.0,2.0,14226.0,22832.0
2025-07-05 16:57:24,2025-07-05,86400,,new_since_last_restart_lower_bound,63,snowflakes-2025-07.tar.xz:snowflakes-2025-07/05/2025-07-05-16-57-24-snowflake-stats,105307.0,33785.0,1030.0,72108.0,131.0,,78422.0,2583.0,49115.0,48981440.0,7834480.0,2569688.0,25896.0,8029416.0,2270160.0,130496.0,15335.0,2968.0,253.0,3.0,13502.0,19131.0
2025-07-06 16:57:24,2025-07-06,86400,,new_since_last_restart_lower_bound,63,snowflakes-2025-07.tar.xz:snowflakes-2025-07/06/2025-07-06-16-57-24-snowflake-stats,104914.0,33411.0,1018.0,72260.0,154.0,,77416.0,2502.0,50673.0,51514200.0,7606760.0,2457720.0,92304.0,7575600.0,2450744.0,130440.0,16806.0,2753.0,243.0,2.0,13497.0,19796.0
2025-07-07 16:57:24,2025-07-07,86400,,new_since_last_restart_lower_bound,63,snowflakes-2025-07.tar.xz:snowflakes-2025-07/07/2025-07-07-16-57-24-snowflake-stats,111520.0,37175.0,1068.0,75156.0,150.0,,83038.0,2733.0,53879.0,52121240.0,8031208.0,2543408.0,66240.0,8125288.0,2379792.0,135768.0,19448.0,2700.0,258.0,4.0,13939.0,22113.0
2025-07-08 16:57:24,2025-07-08,86400,,new_since_last_restart_lower_bound,63,snowflakes-2025-07.tar.xz:snowflakes-2025-07/08/2025-07-08-16-57-24-snowflake-stats,110450.0,36710.0,1093.0,74489.0,160.0,,83670.0,2964.0,52525.0,51761120.0,8177616.0,2547880.0,65728.0,8086608.0,2564664.0,139952.0,19380.0,2772.0,255.0,1.0,13757.0,21790.0
2025-07-09 16:57:24,2025-07-09,86400,,new_since_last_restart_lower_bound,63,snowflakes-2025-07.tar.xz:snowflakes-2025-07/09/2025-07-09-16-57-24-snowflake-stats,108895.0,38075.0,1060.0,71588.0,163.0,,82775.0,3136.0,51577.0,51424752.0,8700208.0,2698104.0,203624.0,8336448.0,3107000.0,158488.0,18838.0,3154.0,317.0,3.0,14018.0,21551.0
2025-07-10 16:57:24,2025-07-10,86400,,new_since_last_restart_lower_bound,63,snowflakes-2025-07.tar.xz:snowflakes-2025-07/10/2025-07-10-16-57-24-snowflake-stats,106473.0,36555.0,969.0,70914.0,166.0,,80286.0,2871.0,50497.0,48137896.0,9284856.0,3163224.0,119072.0,8617640.0,3785240.0,164272.0,17404.0,3162.0,288.0,1.0,13185.0,20941.0
2025-07-11 16:57:24,2025-07-11,86400,,new_since_last_restart_lower_bound,63,snowflakes-2025-07.tar.xz:snowflakes-2025-07/11/2025-07-11-16-57-24-snowflake-stats,103668.0,35049.0,1083.0,69444.0,147.0,,78875.0,2882.0,48049.0,47902200.0,9148248.0,3148824.0,13680.0,8342912.0,3814408.0,153432.0,16088.0,3208.0,247.0,3.0,13814.0,20181.0
2025-07-12 16:57:24,2025-07-12,86400,,new_since_last_restart_lower_bound,63,snowflakes-2025-07.tar.xz:snowflakes-2025-07/12/2025-07-12-16-57-24-snowflake-stats,102523.0,31215.0,985.0,72238.0,138.0,,77230.0,2929.0,46753.0,46910192.0,9077920.0,3177216.0,46984.0,8343104.0,3808552.0,150464.0,17567.0,3072.0,241.0,2.0,14219.0,17731.0
2025-07-13 16:57:24,2025-07-13,86400,,new_since_last_restart_lower_bound,63,snowflakes-2025-07.tar.xz:snowflakes-2025-07/13/2025-07-13-16-57-24-snowflake-stats,97945.0,30879.0,958.0,68137.0,130.0,,73628.0,2856.0,44659.0,51146088.0,7046768.0,2664568.0,0.0,6393584.0,3180304.0,137448.0,16828.0,2874.0,247.0,2.0,12794.0,17375.0
2025-07-14 16:57:24,2025-07-14,86400,,new_since_last_restart_lower_bound,63,snowflakes-2025-07.tar.xz:snowflakes-2025-07/14/2025-07-14-16-57-24-snowflake-stats,101280.0,34047.0,1018.0,68305.0,187.0,,77126.0,3511.0,46001.0,52595584.0,6848520.0,2459592.0,0.0,6282336.0,2875104.0,150680.0,17601.0,2937.0,268.0,4.0,12108.0,19309.0
2025-07-15 16:57:24,2025-07-15,86400,,new_since_last_restart_lower_bound,63,snowflakes-2025-07.tar.xz:snowflakes-2025-07/15/2025-07-15-16-57-24-snowflake-stats,100414.0,34666.0,1063.0,66683.0,160.0,,77267.0,3470.0,45279.0,53704280.0,6650952.0,2370888.0,0.0,6106976.0,2761336.0,153520.0,17063.0,2935.0,335.0,1.0,12039.0,19469.0
2025-07-16 16:57:24,2025-07-16,86400,,new_since_last_restart_lower_bound,63,snowflakes-2025-07.tar.xz:snowflakes-2025-07/16/2025-07-16-16-57-24-snowflake-stats,100245.0,34141.0,990.0,66949.0,151.0,,76553.0,3234.0,45458.0,53650496.0,6582232.0,2375616.0,0.0,5965408.0,2844328.0,148120.0,17160.0,3042.0,273.0,,12512.0,19160.0
2025-07-17 16:57:24,2025-07-17,86400,,new_since_last_restart_lower_bound,63,snowflakes-2025-07.tar.xz:snowflakes-2025-07/17/2025-07-17-16-57-24-snowflake-stats,99546.0,34460.0,958.0,66116.0,142.0,,78017.0,3484.0,45157.0,53067608.0,6654552.0,2426192.0,0.0,5955064.0,2982936.0,142752.0,15727.0,2999.0,306.0,1.0,12186.0,19526.0
2025-07-18 16:57:24,2025-07-18,86400,,new_since_last_restart_lower_bound,63,snowflakes-2025-07.tar.xz:snowflakes-2025-07/18/2025-07-18-16-57-24-snowflake-stats,97086.0,32747.0,1004.0,64926.0,179.0,,74900.0,3336.0,44412.0,52091792.0,7076544.0,2568792.0,116840.0,6301328.0,3300840.0,160008.0,14944.0,2810.0,292.0,,12338.0,18640.0
2025-07-19 16:57:24,2025-07-19,86400,,new_since_last_restart_lower_bound,63,snowflakes-2025-07.tar.xz:snowflakes-2025-07/19/2025-07-19-16-57-24-snowflake-stats,95382.0,29721.0,936.0,66227.0,141.0,,72523.0,3087.0,42324.0,51617536.0,6705984.0,2455584.0,12968.0,5918928.0,3110672.0,144928.0,17096.0,2747.0,274.0,4.0,11856.0,16378.0
2025-07-20 16:57:24,2025-07-20,86400,,new_since_last_restart_lower_bound,63,snowflakes-2025-07.tar.xz:snowflakes-2025-07/20/2025-07-20-16-57-24-snowflake-stats,93552.0,29703.0,916.0,64398.0,151.0,,71032.0,3217.0,41757.0,52635768.0,6380664.0,2370432.0,0.0,5583752.0,3034032.0,133312.0,17027.0,2868.0,251.0,1.0,11622.0,16550.0
2025-07-21 16:57:24,2025-07-21,86400,,new_since_last_restart_lower_bound,63,snowflakes-2025-07.tar.xz:snowflakes-2025-07/21/2025-07-21-16-57-24-snowflake-stats,97470.0,32844.0,982.0,65551.0,161.0,,73346.0,3632.0,44248.0,53831896.0,6251448.0,2212112.0,0.0,5489000.0,2837336.0,137224.0,17404.0,2761.0,250.0,5.0,11334.0,18517.0
2025-07-22 16:57:24,2025-07-22,86400,,new_since_last_restart_lower_bound,63,snowflakes-2025-07.tar.xz:snowflakes-2025-07/22/2025-07-22-16-57-24-snowflake-stats,101006.0,33215.0,1079.0,68489.0,146.0,,76020.0,3767.0,44991.0,53575296.0,6386544.0,2242128.0,0.0,5457048.0,3025392.0,146224.0,18340.0,2676.0,281.0,2.0,12386.0,18557.0
2025-07-23 16:57:24,2025-07-23,86400,,new_since_last_restart_lower_bound,63,snowflakes-2025-07.tar.xz:snowflakes-2025-07/23/2025-07-23-16-57-24-snowflake-stats,99725.0,34056.0,1075.0,66576.0,164.0,,75864.0,4019.0,44519.0,51897080.0,6569120.0,2453440.0,0.0,5583080.0,3280008.0,159472.0,17339.0,2804.0,357.0,6.0,12122.0,18858.0
2025-07-24 16:57:24,2025-07-24,86400,,new_since_last_restart_lower_bound,63,snowflakes-2025-07.tar.xz:snowflakes-2025-07/24/2025-07-24-16-57-24-snowflake-stats,97050.0,33398.0,1052.0,64501.0,164.0,,73766.0,4334.0,42573.0,49746704.0,6405912.0,2340256.0,0.0,5278792.0,3320440.0,146944.0,16214.0,2653.0,287.0,4.0,11890.0,18612.0
2025-07-25 16:57:24,2025-07-25,86400,,new_since_last_restart_lower_bound,63,snowflakes-2025-07.tar.xz:snowflakes-2025-07/25/2025-07-25-16-57-24-snowflake-stats,93321.0,32833.0,1187.0,61180.0,180.0,,70710.0,4889.0,40532.0,46575184.0,6607344.0,2423816.0,8.0,5207536.0,3678208.0,145424.0,14183.0,2936.0,318.0,8.0,11643.0,18096.0
2025-07-26 16:57:24,2025-07-26,86400,,new_since_last_restart_lower_bound,63,snowflakes-2025-07.tar.xz:snowflakes-2025-07/26/2025-07-26-16-57-24-snowflake-stats,89425.0,29673.0,975.0,60504.0,151.0,,67008.0,5278.0,38727.0,44839896.0,6805432.0,2489112.0,0.0,5151504.0,3996520.0,146536.0,15539.0,2465.0,270.0,3.0,10960.0,15991.0
2025-07-27 16:57:24,2025-07-27,86400,,new_since_last_restart_lower_bound,63,snowflakes-2025-07.tar.xz:snowflakes-2025-07/27/2025-07-27-16-57-24-snowflake-stats,87263.0,29480.0,948.0,58827.0,154.0,,64858.0,5707.0,37488.0,43949440.0,6614824.0,2535576.0,0.0,5032136.0,3988832.0,129424.0,15492.0,2618.0,324.0,6.0,10048.0,16346.0
2025-07-28 16:57:24,2025-07-28,86400,,new_since_last_restart_lower_bound,63,snowflakes-2025-07.tar.xz:snowflakes-2025-07/28/2025-07-28-16-57-24-snowflake-stats,90860.0,32461.0,960.0,59150.0,157.0,,67453.0,6277.0,40490.0,44684656.0,6493168.0,2413240.0,0.0,4990824.0,3781000.0,134592.0,15425.0,2554.0,353.0,3.0,10736.0,17920.0
2025-07-29 16:57:24,2025-07-29,86400,,new_since_last_restart_lower_bound,63,snowflakes-2025-07.tar.xz:snowflakes-2025-07/29/2025-07-29-16-57-24-snowflake-stats,95931.0,34911.0,953.0,62076.0,157.0,,71522.0,7082.0,42495.0,45104032.0,6512648.0,2334328.0,0.0,4924320.0,3793176.0,129480.0,16133.0,2545.0,408.0,1.0,11800.0,19540.0
2025-07-30 16:57:24,2025-07-30,86400,,new_since_last_restart_lower_bound,63,snowflakes-2025-07.tar.xz:snowflakes-2025-07/30/2025-07-30-16-57-24-snowflake-stats,95070.0,34348.0,993.0,61683.0,164.0,,70151.0,7703.0,40740.0,43459072.0,6788440.0,2609024.0,0.0,5102064.0,4171200.0,124208.0,15837.0,2625.0,328.0,3.0,11074.0,19122.0
2025-07-31 16:57:24,2025-07-31,86400,,new_since_last_restart_lower_bound,63,snowflakes-2025-07.tar.xz:snowflakes-2025-07/31/2025-07-31-16-57-24-snowflake-stats,92010.0,32680.0,979.0,60071.0,158.0,,68228.0,7934.0,39238.0,43339608.0,6922872.0,2585224.0,0.0,4823608.0,4565080.0,119408.0,14552.0,2373.0,352.0,8.0,11008.0,18303.0
2025-08-01 16:57:24,2025-08-01,86400,,new_since_last_restart_lower_bound,63,snowflakes-2025-08.tar.xz:snowflakes-2025-08/01/2025-08-01-16-57-24-snowflake-stats,91289.0,32782.0,1010.0,59219.0,152.0,,68437.0,7937.0,38067.0,44299408.0,6400960.0,2411040.0,0.0,4672504.0,4030520.0,108984.0,13362.0,2738.0,337.0,4.0,10393.0,18567.0
2025-08-03 12:03:41,2025-08-03,86400,,new_since_last_restart_lower_bound,63,snowflakes-2025-08.tar.xz:snowflakes-2025-08/03/2025-08-03-12-03-41-snowflake-stats,173938.0,56536.0,4415.0,114125.0,204.0,,126358.0,11070.0,69771.0,14602160.0,28899032.0,13371568.0,2051440.0,31140768.0,12842808.0,338480.0,21861.0,5078.0,480.0,6.0,22406.0,43897.0
2025-08-04 12:03:41,2025-08-04,86400,,new_since_last_restart_lower_bound,63,snowflakes-2025-08.tar.xz:snowflakes-2025-08/04/2025-08-04-12-03-41-snowflake-stats,122933.0,38840.0,1080.0,84455.0,144.0,,88274.0,8395.0,57247.0,15347792.0,28688232.0,12204760.0,1699256.0,29998816.0,12271936.0,321496.0,18561.0,3566.0,356.0,1.0,14797.0,26713.0
2025-08-05 12:03:41,2025-08-05,86400,,new_since_last_restart_lower_bound,63,snowflakes-2025-08.tar.xz:snowflakes-2025-08/05/2025-08-05-12-03-41-snowflake-stats,113551.0,36980.0,1020.0,77115.0,163.0,,86051.0,8394.0,48176.0,11937264.0,31011520.0,13027960.0,2400784.0,32617584.0,13458040.0,364656.0,17773.0,3067.0,357.0,5.0,16314.0,21198.0
2025-08-06 12:03:41,2025-08-06,86400,,new_since_last_restart_lower_bound,63,snowflakes-2025-08.tar.xz:snowflakes-2025-08/06/2025-08-06-12-03-41-snowflake-stats,103184.0,35009.0,1073.0,68481.0,175.0,,77582.0,9411.0,43725.0,10919000.0,30309624.0,11528552.0,2219240.0,30712816.0,13010888.0,333712.0,16172.0,2895.0,298.0,4.0,13468.0,20207.0
2025-08-07 12:03:41,2025-08-07,86400,,new_since_last_restart_lower_bound,63,snowflakes-2025-08.tar.xz:snowflakes-2025-08/07/2025-08-07-12-03-41-snowflake-stats,100298.0,34160.0,940.0,66665.0,169.0,,74599.0,9848.0,42691.0,11171032.0,29809640.0,10524120.0,1329904.0,28982800.0,12378632.0,302232.0,15323.0,2810.0,288.0,4.0,13401.0,19165.0
2025-08-08 12:03:41,2025-08-08,86400,,new_since_last_restart_lower_bound,63,snowflakes-2025-08.tar.xz:snowflakes-2025-08/08/2025-08-08-12-03-41-snowflake-stats,92258.0,28728.0,962.0,63849.0,122.0,,68232.0,9936.0,37077.0,11184848.0,28900128.0,10011528.0,1039792.0,27491720.0,12151392.0,308336.0,13556.0,2967.0,306.0,5.0,12690.0,15958.0
2025-08-09 12:03:41,2025-08-09,86400,,new_since_last_restart_lower_bound,63,snowflakes-2025-08.tar.xz:snowflakes-2025-08/09/2025-08-09-12-03-41-snowflake-stats,91794.0,29551.0,890.0,62749.0,185.0,,67650.0,11281.0,36095.0,10302600.0,29237776.0,9640088.0,833912.0,27748984.0,11660000.0,302792.0,13900.0,2706.0,285.0,6.0,12519.0,16349.0
2025-08-10 12:03:41,2025-08-10,86400,,new_since_last_restart_lower_bound,63,snowflakes-2025-08.tar.xz:snowflakes-2025-08/10/2025-08-10-12-03-41-snowflake-stats,90234.0,27854.0,922.0,62681.0,167.0,,67470.0,11005.0,34082.0,11840800.0,29495952.0,9245232.0,162648.0,27258616.0,11347912.0,297304.0,14865.0,2616.0,317.0,3.0,12904.0,15257.0
2025-08-11 12:03:41,2025-08-11,86400,,new_since_last_restart_lower_bound,63,snowflakes-2025-08.tar.xz:snowflakes-2025-08/11/2025-08-11-12-03-41-snowflake-stats,92763.0,30225.0,909.0,63120.0,130.0,,69021.0,11449.0,35275.0,13010304.0,29576608.0,8711592.0,0.0,27035592.0,10949424.0,303192.0,14322.0,2626.0,319.0,3.0,12443.0,16659.0
2025-08-12 12:03:41,2025-08-12,86400,,new_since_last_restart_lower_bound,63,snowflakes-2025-08.tar.xz:snowflakes-2025-08/12/2025-08-12-12-03-41-snowflake-stats,94214.0,31361.0,899.0,63713.0,125.0,,69029.0,12008.0,36161.0,11945480.0,29933728.0,8705768.0,0.0,26868584.0,11483640.0,287272.0,14366.0,2659.0,319.0,10.0,12615.0,17088.0
2025-08-13 12:03:41,2025-08-13,86400,,new_since_last_restart_lower_bound,63,snowflakes-2025-08.tar.xz:snowflakes-2025-08/13/2025-08-13-12-03-41-snowflake-stats,94690.0,32293.0,945.0,63029.0,153.0,,69177.0,12187.0,37123.0,10845992.0,29809192.0,8684488.0,72744.0,26042512.0,12237408.0,286504.0,14486.0,2853.0,268.0,2.0,12727.0,17666.0
2025-08-14 12:03:41,2025-08-14,86400,,new_since_last_restart_lower_bound,63,snowflakes-2025-08.tar.xz:snowflakes-2025-08/14/2025-08-14-12-03-41-snowflake-stats,92271.0,33548.0,971.0,59609.0,157.0,,67294.0,12561.0,36445.0,34669880.0,8615456.0,2304984.0,0.0,6648864.0,4161464.0,110120.0,12414.0,2598.0,271.0,6.0,11847.0,17874.0
2025-08-15 12:03:41,2025-08-15,86400,,new_since_last_restart_lower_bound,63,snowflakes-2025-08.tar.xz:snowflakes-2025-08/15/2025-08-15-12-03-41-snowflake-stats,91492.0,33023.0,901.0,59202.0,151.0,,66397.0,13134.0,34362.0,36855592.0,6230456.0,1644944.0,0.0,4341160.0,3442392.0,91856.0,11864.0,2672.0,297.0,9.0,11445.0,17783.0
2025-08-16 12:03:41,2025-08-16,86400,,new_since_last_restart_lower_bound,63,snowflakes-2025-08.tar.xz:snowflakes-2025-08/16/2025-08-16-12-03-41-snowflake-stats,88777.0,30673.0,852.0,58674.0,127.0,,64700.0,12529.0,33035.0,35769096.0,6575384.0,1800408.0,0.0,4547600.0,3734608.0,93592.0,13223.0,2671.0,242.0,3.0,10769.0,16588.0
2025-08-17 12:03:41,2025-08-17,86400,,new_since_last_restart_lower_bound,63,snowflakes-2025-08.tar.xz:snowflakes-2025-08/17/2025-08-17-12-03-41-snowflake-stats,90181.0,29617.0,889.0,61128.0,129.0,,64698.0,13368.0,32645.0,36147816.0,6321736.0,1745920.0,0.0,4421504.0,3554008.0,92160.0,13679.0,2621.0,272.0,5.0,12383.0,15516.0
2025-08-18 12:03:41,2025-08-18,86400,,new_since_last_restart_lower_bound,63,snowflakes-2025-08.tar.xz:snowflakes-2025-08/18/2025-08-18-12-03-41-snowflake-stats,90535.0,31319.0,866.0,59805.0,147.0,,64086.0,13369.0,34935.0,34979104.0,6255632.0,1713200.0,0.0,4464224.0,3407120.0,97496.0,13220.0,2620.0,250.0,2.0,10525.0,17245.0
2025-08-19 12:03:41,2025-08-19,86400,,new_since_last_restart_lower_bound,63,snowflakes-2025-08.tar.xz:snowflakes-2025-08/19/2025-08-19-12-03-41-snowflake-stats,94653.0,33587.0,965.0,61853.0,157.0,,67994.0,13980.0,35243.0,37125264.0,6089200.0,1548280.0,0.0,4261288.0,3275728.0,100472.0,13992.0,2735.0,274.0,2.0,11543.0,18177.0
2025-08-20 12:03:41,2025-08-20,86400,,new_since_last_restart_lower_bound,63,snowflakes-2025-08.tar.xz:snowflakes-2025-08/20/2025-08-20-12-03-41-snowflake-stats,94702.0,33715.0,916.0,61995.0,219.0,,67666.0,13762.0,35631.0,37471576.0,5947112.0,1520656.0,0.0,4210208.0,3155240.0,102320.0,13844.0,2877.0,265.0,4.0,11586.0,17935.0
2025-08-21 13:40:07,2025-08-21,86400,,daily_unique_cleared_each_window,63,snowflakes-2025-08.tar.xz:snowflakes-2025-08/21/2025-08-21-13-40-07-snowflake-stats,169769.0,67491.0,4373.0,99162.0,243.0,,126240.0,18787.0,58380.0,37557960.0,5477688.0,1418280.0,0.0,3942176.0,2854664.0,99136.0,17292.0,5286.0,481.0,10.0,23132.0,37447.0
2025-08-22 13:40:07,2025-08-22,86400,,daily_unique_cleared_each_window,63,snowflakes-2025-08.tar.xz:snowflakes-2025-08/22/2025-08-22-13-40-07-snowflake-stats,167431.0,67253.0,4399.0,97019.0,241.0,,125384.0,18622.0,56622.0,36497712.0,5379888.0,1463184.0,0.0,3904184.0,2851016.0,87872.0,15657.0,5197.0,477.0,10.0,23019.0,36742.0
2025-08-23 13:40:07,2025-08-23,86400,,daily_unique_cleared_each_window,63,snowflakes-2025-08.tar.xz:snowflakes-2025-08/23/2025-08-23-13-40-07-snowflake-stats,163445.0,62738.0,4362.0,97619.0,230.0,,121125.0,18592.0,54810.0,36193208.0,5305400.0,1428824.0,0.0,3885456.0,2763928.0,84848.0,16608.0,5268.0,477.0,17.0,22822.0,34596.0
2025-08-24 13:40:07,2025-08-24,86400,,daily_unique_cleared_each_window,63,snowflakes-2025-08.tar.xz:snowflakes-2025-08/24/2025-08-24-13-40-07-snowflake-stats,159067.0,59627.0,4333.0,96336.0,217.0,,116492.0,19268.0,53017.0,36073344.0,5117976.0,1443376.0,0.0,3822408.0,2655232.0,83720.0,15791.0,5120.0,464.0,18.0,22860.0,33801.0
2025-08-25 13:40:07,2025-08-25,86400,,daily_unique_cleared_each_window,63,snowflakes-2025-08.tar.xz:snowflakes-2025-08/25/2025-08-25-13-40-07-snowflake-stats,167290.0,65857.0,4397.0,98433.0,226.0,,123931.0,20164.0,56538.0,35769488.0,5445352.0,1545712.0,0.0,4079344.0,2825568.0,86152.0,16610.0,5329.0,488.0,11.0,23607.0,37583.0
2025-08-26 13:40:07,2025-08-26,86400,,daily_unique_cleared_each_window,63,snowflakes-2025-08.tar.xz:snowflakes-2025-08/26/2025-08-26-13-40-07-snowflake-stats,171356.0,67800.0,4417.0,100580.0,241.0,,126647.0,19394.0,59066.0,36405256.0,5333104.0,1456864.0,0.0,4018280.0,2682864.0,88824.0,17389.0,5233.0,472.0,12.0,24475.0,37608.0
2025-08-27 13:40:07,2025-08-27,86400,,daily_unique_cleared_each_window,63,snowflakes-2025-08.tar.xz:snowflakes-2025-08/27/2025-08-27-13-40-07-snowflake-stats,172283.0,68080.0,4458.0,101132.0,260.0,,128142.0,19479.0,58717.0,35620984.0,5470872.0,1518232.0,0.0,4080736.0,2810560.0,97808.0,17260.0,5466.0,460.0,9.0,23917.0,39454.0
2025-08-28 13:40:07,2025-08-28,86400,,daily_unique_cleared_each_window,63,snowflakes-2025-08.tar.xz:snowflakes-2025-08/28/2025-08-28-13-40-07-snowflake-stats,168478.0,67912.0,4381.0,97451.0,249.0,,125152.0,19372.0,57579.0,35162104.0,5557624.0,1565872.0,0.0,3962416.0,3062872.0,98200.0,16239.0,5426.0,451.0,21.0,23746.0,36316.0
2025-08-29 13:40:07,2025-08-29,86400,,daily_unique_cleared_each_window,63,snowflakes-2025-08.tar.xz:snowflakes-2025-08/29/2025-08-29-13-40-07-snowflake-stats,166369.0,68584.0,4437.0,94622.0,237.0,,123887.0,19580.0,56392.0,33747816.0,5877568.0,1731448.0,40.0,4233656.0,3271648.0,103752.0,14624.0,5546.0,424.0,20.0,24108.0,35240.0
2025-08-30 13:40:07,2025-08-30,86400,,daily_unique_cleared_each_window,63,snowflakes-2025-08.tar.xz:snowflakes-2025-08/30/2025-08-30-13-40-07-snowflake-stats,161225.0,64774.0,4401.0,93421.0,224.0,,120206.0,19335.0,53222.0,33373288.0,5904704.0,1771568.0,0.0,4356288.0,3230160.0,89824.0,16329.0,5273.0,427.0,17.0,23704.0,30762.0
2025-08-31 13:40:07,2025-08-31,86400,,daily_unique_cleared_each_window,63,snowflakes-2025-08.tar.xz:snowflakes-2025-08/31/2025-08-31-13-40-07-snowflake-stats,154154.0,60927.0,4304.0,90300.0,210.0,,114235.0,19077.0,50657.0,32662688.0,5851760.0,1780208.0,0.0,4311312.0,3241576.0,79088.0,16175.0,4985.0,377.0,15.0,22765.0,28359.0
2025-09-01 13:40:07,2025-09-01,86400,,daily_unique_cleared_each_window,63,snowflakes-2025-09.tar.xz:snowflakes-2025-09/01/2025-09-01-13-40-07-snowflake-stats,160138.0,66947.0,4376.0,90140.0,207.0,,119730.0,19916.0,52990.0,33329864.0,5539456.0,1661160.0,0.0,4292496.0,2814368.0,93752.0,15277.0,5644.0,406.0,17.0,22184.0,32041.0
2025-09-02 13:40:07,2025-09-02,86400,,daily_unique_cleared_each_window,63,snowflakes-2025-09.tar.xz:snowflakes-2025-09/02/2025-09-02-13-40-07-snowflake-stats,165584.0,69143.0,4416.0,93386.0,247.0,,123859.0,19274.0,56240.0,32796592.0,5923920.0,1757888.0,0.0,4357320.0,3243816.0,80680.0,16469.0,5311.0,383.0,17.0,22894.0,33287.0
2025-09-03 13:40:07,2025-09-03,86400,,daily_unique_cleared_each_window,63,snowflakes-2025-09.tar.xz:snowflakes-2025-09/03/2025-09-03-13-40-07-snowflake-stats,168927.0,69824.0,4494.0,96141.0,236.0,,126031.0,19921.0,56750.0,32891336.0,5925032.0,1735600.0,1336.0,4351528.0,3220144.0,90296.0,16714.0,5397.0,398.0,15.0,24132.0,32890.0
2025-09-04 13:40:07,2025-09-04,86400,,daily_unique_cleared_each_window,63,snowflakes-2025-09.tar.xz:snowflakes-2025-09/04/2025-09-04-13-40-07-snowflake-stats,165965.0,69044.0,4381.0,93930.0,232.0,,124416.0,19689.0,55079.0,32951784.0,5822712.0,1710384.0,0.0,4239184.0,3198912.0,95008.0,16125.0,5368.0,390.0,18.0,24106.0,32186.0
2025-09-05 13:40:07,2025-09-05,86400,,daily_unique_cleared_each_window,63,snowflakes-2025-09.tar.xz:snowflakes-2025-09/05/2025-09-05-13-40-07-snowflake-stats,163118.0,67975.0,4316.0,92139.0,225.0,,121985.0,19183.0,55200.0,33054560.0,5565048.0,1732688.0,0.0,4079344.0,3129296.0,89104.0,14326.0,5631.0,424.0,25.0,23542.0,31914.0
2025-09-06 13:40:07,2025-09-06,86400,,daily_unique_cleared_each_window,63,snowflakes-2025-09.tar.xz:snowflakes-2025-09/06/2025-09-06-13-40-07-snowflake-stats,162149.0,64772.0,4284.0,94393.0,244.0,,119733.0,20595.0,52283.0,32570952.0,5624248.0,1827456.0,0.0,4157168.0,3205656.0,88888.0,15645.0,5473.0,434.0,25.0,22999.0,29826.0
2025-09-07 13:40:07,2025-09-07,86400,,daily_unique_cleared_each_window,63,snowflakes-2025-09.tar.xz:snowflakes-2025-09/07/2025-09-07-13-40-07-snowflake-stats,156574.0,61001.0,4258.0,92652.0,202.0,,115228.0,20460.0,49895.0,31843648.0,5853336.0,1832800.0,12456.0,4088584.0,3527736.0,82272.0,16001.0,5047.0,453.0,31.0,21661.0,27385.0
2025-09-08 13:40:07,2025-09-08,86400,,daily_unique_cleared_each_window,63,snowflakes-2025-09.tar.xz:snowflakes-2025-09/08/2025-09-08-13-40-07-snowflake-stats,165689.0,67748.0,4382.0,94873.0,231.0,,123332.0,20739.0,54179.0,32982736.0,5375352.0,1691728.0,0.0,3925272.0,3049896.0,91920.0,16114.0,5199.0,485.0,19.0,22185.0,31208.0
2025-09-09 13:40:07,2025-09-09,86400,,daily_unique_cleared_each_window,63,snowflakes-2025-09.tar.xz:snowflakes-2025-09/09/2025-09-09-13-40-07-snowflake-stats,170809.0,70775.0,4500.0,96906.0,225.0,,126534.0,21122.0,56985.0,32038160.0,5405960.0,1671168.0,928.0,3890456.0,3095952.0,91648.0,16039.0,5162.0,493.0,24.0,24351.0,32492.0
2025-09-10 13:40:07,2025-09-10,86400,,daily_unique_cleared_each_window,63,snowflakes-2025-09.tar.xz:snowflakes-2025-09/10/2025-09-10-13-40-07-snowflake-stats,171264.0,72204.0,4539.0,95910.0,232.0,,127385.0,21393.0,58011.0,31677888.0,5340112.0,1736712.0,0.0,3863816.0,3123168.0,89832.0,15497.0,5340.0,475.0,35.0,24004.0,32829.0
2025-09-11 14:07:09,2025-09-11,86400,,daily_unique_cleared_each_window,63,snowflakes-2025-09.tar.xz:snowflakes-2025-09/11/2025-09-11-14-07-09-snowflake-stats,167640.0,71126.0,4474.0,93363.0,254.0,,124883.0,20754.0,57151.0,31791160.0,5245584.0,1661408.0,8.0,3774616.0,3040216.0,92168.0,14762.0,5565.0,485.0,37.0,23967.0,32421.0
2025-09-12 14:07:09,2025-09-12,86400,,daily_unique_cleared_each_window,63,snowflakes-2025-09.tar.xz:snowflakes-2025-09/12/2025-09-12-14-07-09-snowflake-stats,165912.0,70014.0,4405.0,92900.0,241.0,,123318.0,20869.0,55837.0,31710472.0,5261800.0,1670224.0,0.0,3753056.0,3081464.0,97512.0,14366.0,5615.0,589.0,24.0,24251.0,31962.0
2025-09-13 14:07:09,2025-09-13,86400,,daily_unique_cleared_each_window,63,snowflakes-2025-09.tar.xz:snowflakes-2025-09/13/2025-09-13-14-07-09-snowflake-stats,161226.0,65110.0,4343.0,93234.0,219.0,,119629.0,20627.0,52351.0,31009688.0,5315048.0,1753152.0,0.0,3906368.0,3068328.0,93512.0,15246.0,5130.0,548.0,26.0,23022.0,29989.0
2025-09-14 14:07:09,2025-09-14,86400,,daily_unique_cleared_each_window,63,snowflakes-2025-09.tar.xz:snowflakes-2025-09/14/2025-09-14-14-07-09-snowflake-stats,154506.0,62356.0,4308.0,89227.0,210.0,,114491.0,20112.0,49895.0,30517472.0,5410504.0,1892768.0,0.0,4081688.0,3129440.0,92152.0,14424.0,4954.0,515.0,25.0,21982.0,28861.0
2025-09-15 14:07:09,2025-09-15,86400,,daily_unique_cleared_each_window,63,snowflakes-2025-09.tar.xz:snowflakes-2025-09/15/2025-09-15-14-07-09-snowflake-stats,160641.0,68749.0,4379.0,88974.0,231.0,,119838.0,20787.0,52975.0,31376416.0,5273096.0,1740952.0,0.0,3914696.0,3001464.0,97888.0,14406.0,5480.0,486.0,23.0,21885.0,32218.0
2025-09-16 14:07:09,2025-09-16,86400,,daily_unique_cleared_each_window,63,snowflakes-2025-09.tar.xz:snowflakes-2025-09/16/2025-09-16-14-07-09-snowflake-stats,163484.0,71496.0,4400.0,88859.0,240.0,,122038.0,20473.0,55474.0,31596344.0,5272840.0,1698544.0,0.0,3919008.0,2946424.0,105960.0,14189.0,5339.0,467.0,18.0,23010.0,32971.0
2025-09-17 14:07:09,2025-09-17,86400,,daily_unique_cleared_each_window,63,snowflakes-2025-09.tar.xz:snowflakes-2025-09/17/2025-09-17-14-07-09-snowflake-stats,164659.0,71386.0,4479.0,90098.0,250.0,,123758.0,20437.0,54910.0,31238672.0,5398496.0,1785752.0,0.0,4066656.0,2993952.0,123640.0,14058.0,5425.0,505.0,16.0,23816.0,32573.0
2025-09-18 14:07:09,2025-09-18,86400,,daily_unique_cleared_each_window,63,snowflakes-2025-09.tar.xz:snowflakes-2025-09/18/2025-09-18-14-07-09-snowflake-stats,165400.0,71089.0,4430.0,91035.0,262.0,,123977.0,20540.0,54559.0,31583240.0,5252368.0,1672792.0,0.0,3871752.0,2938864.0,114552.0,13719.0,5338.0,497.0,28.0,24414.0,31788.0
2025-09-19 14:07:09,2025-09-19,86400,,daily_unique_cleared_each_window,63,snowflakes-2025-09.tar.xz:snowflakes-2025-09/19/2025-09-19-14-07-09-snowflake-stats,163140.0,70505.0,4446.0,89621.0,254.0,,121818.0,20638.0,54091.0,31344576.0,5214264.0,1646304.0,0.0,3916128.0,2835608.0,108832.0,13053.0,5316.0,458.0,20.0,24202.0,31596.0
2025-09-20 14:07:09,2025-09-20,86400,,daily_unique_cleared_each_window,63,snowflakes-2025-09.tar.xz:snowflakes-2025-09/20/2025-09-20-14-07-09-snowflake-stats,155077.0,63916.0,4386.0,87917.0,265.0,,115309.0,20076.0,50279.0,30929344.0,5424360.0,1817208.0,0.0,4068488.0,3072400.0,100688.0,13809.0,5113.0,499.0,25.0,22755.0,28372.0
2025-09-21 14:07:09,2025-09-21,86400,,daily_unique_cleared_each_window,63,snowflakes-2025-09.tar.xz:snowflakes-2025-09/21/2025-09-21-14-07-09-snowflake-stats,145066.0,58593.0,4649.0,82680.0,222.0,,104630.0,19186.0,48815.0,25951880.0,5551920.0,2050808.0,520.0,4260936.0,3238944.0,103368.0,13609.0,4798.0,507.0,17.0,20312.0,26398.0
2025-09-22 14:07:09,2025-09-22,86400,,daily_unique_cleared_each_window,63,snowflakes-2025-09.tar.xz:snowflakes-2025-09/22/2025-09-22-14-07-09-snowflake-stats,161391.0,68533.0,4391.0,89660.0,262.0,,117880.0,20549.0,56273.0,31669392.0,5123488.0,1688496.0,0.0,4011160.0,2696080.0,104744.0,14452.0,5457.0,489.0,15.0,22207.0,31522.0
2025-09-23 14:07:09,2025-09-23,86400,,daily_unique_cleared_each_window,63,snowflakes-2025-09.tar.xz:snowflakes-2025-09/23/2025-09-23-14-07-09-snowflake-stats,165647.0,71670.0,4411.0,90732.0,256.0,,122584.0,21167.0,56288.0,32370408.0,4981952.0,1618128.0,0.0,3957376.0,2532480.0,110224.0,13905.0,5278.0,475.0,17.0,23324.0,32683.0
2025-09-24 14:07:09,2025-09-24,86400,,daily_unique_cleared_each_window,63,snowflakes-2025-09.tar.xz:snowflakes-2025-09/24/2025-09-24-14-07-09-snowflake-stats,163934.0,70891.0,4370.0,89871.0,270.0,,121346.0,21150.0,55173.0,32129072.0,5162288.0,1627000.0,16376.0,4018984.0,2683968.0,102712.0,13954.0,5292.0,509.0,15.0,23826.0,32084.0
2025-09-25 14:07:09,2025-09-25,86400,,daily_unique_cleared_each_window,63,snowflakes-2025-09.tar.xz:snowflakes-2025-09/25/2025-09-25-14-07-09-snowflake-stats,163764.0,70605.0,4414.0,89911.0,236.0,,120409.0,21065.0,56350.0,32450120.0,4997832.0,1566088.0,0.0,3832544.0,2633768.0,97608.0,13667.0,5213.0,496.0,15.0,23973.0,31747.0
2025-09-26 14:07:09,2025-09-26,86400,,daily_unique_cleared_each_window,63,snowflakes-2025-09.tar.xz:snowflakes-2025-09/26/2025-09-26-14-07-09-snowflake-stats,159557.0,69371.0,4418.0,86992.0,236.0,,117198.0,20595.0,55105.0,30662808.0,4933312.0,1685144.0,0.0,3962096.0,2558960.0,97392.0,12685.0,5173.0,507.0,21.0,23025.0,30883.0
2025-09-27 14:07:09,2025-09-27,86400,,daily_unique_cleared_each_window,63,snowflakes-2025-09.tar.xz:snowflakes-2025-09/27/2025-09-27-14-07-09-snowflake-stats,158239.0,67815.0,4334.0,87323.0,239.0,,116880.0,20487.0,55969.0,32411280.0,4988328.0,1653488.0,0.0,3973688.0,2571424.0,96704.0,13402.0,5041.0,431.0,27.0,22409.0,30535.0
2025-09-28 14:07:09,2025-09-28,86400,,daily_unique_cleared_each_window,63,snowflakes-2025-09.tar.xz:snowflakes-2025-09/28/2025-09-28-14-07-09-snowflake-stats,152249.0,64359.0,4286.0,84812.0,214.0,,112636.0,20255.0,49673.0,32346248.0,4871688.0,1653496.0,0.0,3922120.0,2501200.0,101864.0,13477.0,4920.0,485.0,21.0,22146.0,29011.0
2025-09-29 14:07:09,2025-09-29,86400,,daily_unique_cleared_each_window,63,snowflakes-2025-09.tar.xz:snowflakes-2025-09/29/2025-09-29-14-07-09-snowflake-stats,162568.0,71469.0,4436.0,88016.0,254.0,,120698.0,20974.0,54587.0,32532016.0,4869560.0,1602144.0,0.0,3868352.0,2506704.0,96648.0,13332.0,5278.0,475.0,19.0,22757.0,32608.0
2025-09-30 14:07:09,2025-09-30,86400,,daily_unique_cleared_each_window,63,snowflakes-2025-09.tar.xz:snowflakes-2025-09/30/2025-09-30-14-07-09-snowflake-stats,165528.0,73989.0,4603.0,88212.0,278.0,,123623.0,21279.0,55934.0,30957728.0,4939568.0,1713344.0,0.0,4041616.0,2508784.0,102512.0,13578.0,5353.0,483.0,21.0,23892.0,33562.0
2025-10-01 14:07:09,2025-10-01,86400,,daily_unique_cleared_each_window,63,snowflakes-2025-10.tar.xz:snowflakes-2025-10/01/2025-10-01-14-07-09-snowflake-stats,166332.0,74193.0,4512.0,88965.0,279.0,,123734.0,21616.0,56649.0,30747840.0,4908896.0,1613824.0,0.0,4037536.0,2391168.0,94024.0,13304.0,5400.0,498.0,22.0,24358.0,33560.0
2025-10-02 14:07:09,2025-10-02,86400,,daily_unique_cleared_each_window,63,snowflakes-2025-10.tar.xz:snowflakes-2025-10/02/2025-10-02-14-07-09-snowflake-stats,162504.0,71522.0,4363.0,87819.0,288.0,,121160.0,20621.0,54923.0,30501512.0,4845480.0,1679584.0,0.0,4112792.0,2320200.0,92080.0,13311.0,5435.0,437.0,24.0,23343.0,32139.0
2025-10-03 14:07:09,2025-10-03,86400,,daily_unique_cleared_each_window,63,snowflakes-2025-10.tar.xz:snowflakes-2025-10/03/2025-10-03-14-07-09-snowflake-stats,158694.0,68881.0,4352.0,86604.0,269.0,,118125.0,20368.0,53241.0,30844768.0,4624488.0,1670896.0,0.0,3883984.0,2318824.0,92576.0,12451.0,5325.0,426.0,19.0,23487.0,30031.0
2025-10-04 14:07:09,2025-10-04,86400,,daily_unique_cleared_each_window,63,snowflakes-2025-10.tar.xz:snowflakes-2025-10/04/2025-10-04-14-07-09-snowflake-stats,154584.0,65103.0,4335.0,86390.0,236.0,,114419.0,19968.0,50738.0,30901248.0,4616288.0,1658336.0,0.0,3941560.0,2235896.0,97176.0,13150.0,5021.0,491.0,26.0,22813.0,28687.0
2025-10-05 14:07:09,2025-10-05,86400,,daily_unique_cleared_each_window,63,snowflakes-2025-10.tar.xz:snowflakes-2025-10/05/2025-10-05-14-07-09-snowflake-stats,151055.0,63824.0,4361.0,84173.0,248.0,,112292.0,20043.0,49295.0,31192336.0,4614400.0,1689752.0,0.0,4101256.0,2106800.0,96096.0,13280.0,4994.0,509.0,25.0,21437.0,29143.0
2025-10-06 14:07:09,2025-10-06,86400,,daily_unique_cleared_each_window,63,snowflakes-2025-10.tar.xz:snowflakes-2025-10/06/2025-10-06-14-07-09-snowflake-stats,156701.0,69591.0,4314.0,83966.0,259.0,,117385.0,20705.0,52030.0,31727832.0,4777272.0,1635192.0,0.0,4096640.0,2217464.0,98360.0,12960.0,5459.0,420.0,20.0,22343.0,31549.0
2025-10-07 14:07:09,2025-10-07,86400,,daily_unique_cleared_each_window,63,snowflakes-2025-10.tar.xz:snowflakes-2025-10/07/2025-10-07-14-07-09-snowflake-stats,160147.0,71537.0,4408.0,85494.0,273.0,,119991.0,20473.0,53664.0,32172784.0,4715064.0,1530920.0,0.0,3946336.0,2200104.0,99536.0,12852.0,5219.0,458.0,29.0,23088.0,32244.0
2025-10-08 14:07:09,2025-10-08,86400,,daily_unique_cleared_each_window,63,snowflakes-2025-10.tar.xz:snowflakes-2025-10/08/2025-10-08-14-07-09-snowflake-stats,160406.0,72350.0,4391.0,84914.0,292.0,,119878.0,20673.0,53903.0,32263000.0,4703080.0,1541232.0,0.0,3934728.0,2203168.0,106424.0,12551.0,5443.0,507.0,28.0,23039.0,31847.0
2025-10-09 14:07:09,2025-10-09,86400,,daily_unique_cleared_each_window,63,snowflakes-2025-10.tar.xz:snowflakes-2025-10/09/2025-10-09-14-07-09-snowflake-stats,160258.0,71398.0,4358.0,85690.0,243.0,,119237.0,20354.0,54777.0,32732320.0,4664008.0,1496992.0,0.0,3863976.0,2192824.0,104208.0,12692.0,5425.0,551.0,25.0,22695.0,31038.0
2025-10-10 14:07:09,2025-10-10,86400,,daily_unique_cleared_each_window,63,snowflakes-2025-10.tar.xz:snowflakes-2025-10/10/2025-10-10-14-07-09-snowflake-stats,158369.0,70312.0,4428.0,84762.0,301.0,,118039.0,20104.0,53733.0,32438872.0,4654472.0,1504904.0,0.0,3830376.0,2227416.0,101584.0,12267.0,5104.0,537.0,18.0,22407.0,31179.0
2025-10-11 14:07:09,2025-10-11,86400,,daily_unique_cleared_each_window,63,snowflakes-2025-10.tar.xz:snowflakes-2025-10/11/2025-10-11-14-07-09-snowflake-stats,154845.0,67187.0,4386.0,84456.0,257.0,,115303.0,19971.0,51642.0,31635944.0,4523024.0,1602488.0,0.0,3845736.0,2179544.0,100240.0,12483.0,5090.0,515.0,33.0,22708.0,29796.0
2025-10-12 14:07:09,2025-10-12,86400,,daily_unique_cleared_each_window,63,snowflakes-2025-10.tar.xz:snowflakes-2025-10/12/2025-10-12-14-07-09-snowflake-stats,149447.0,63217.0,4336.0,83021.0,260.0,,110796.0,19399.0,49009.0,31457576.0,4563512.0,1623376.0,0.0,3813856.0,2290992.0,82040.0,12914.0,4897.0,517.0,15.0,21230.0,28543.0
2025-10-13 14:07:09,2025-10-13,86400,,daily_unique_cleared_each_window,63,snowflakes-2025-10.tar.xz:snowflakes-2025-10/13/2025-10-13-14-07-09-snowflake-stats,154979.0,69821.0,4365.0,81938.0,284.0,,116200.0,18965.0,52781.0,31872616.0,4626512.0,1491344.0,0.0,3738768.0,2302928.0,76160.0,12387.0,5249.0,524.0,14.0,21610.0,31316.0
2025-10-14 14:07:09,2025-10-14,86400,,daily_unique_cleared_each_window,63,snowflakes-2025-10.tar.xz:snowflakes-2025-10/14/2025-10-14-14-07-09-snowflake-stats,158831.0,72431.0,4387.0,83195.0,293.0,,119773.0,19679.0,53554.0,32019616.0,4547600.0,1460568.0,192.0,3639808.0,2303096.0,65456.0,12634.0,5285.0,475.0,21.0,22686.0,32184.0
2025-10-15 14:07:09,2025-10-15,86400,,daily_unique_cleared_each_window,63,snowflakes-2025-10.tar.xz:snowflakes-2025-10/15/2025-10-15-14-07-09-snowflake-stats,161392.0,74204.0,4377.0,83948.0,269.0,,120132.0,20493.0,56600.0,31998256.0,4543312.0,1468424.0,0.0,3664512.0,2274704.0,72528.0,12276.0,5114.0,475.0,19.0,23241.0,32637.0
2025-10-16 14:07:09,2025-10-16,86400,,daily_unique_cleared_each_window,63,snowflakes-2025-10.tar.xz:snowflakes-2025-10/16/2025-10-16-14-07-09-snowflake-stats,161415.0,73646.0,4329.0,84614.0,293.0,,119780.0,20437.0,57283.0,32378816.0,4487288.0,1386208.0,0.0,3597336.0,2204368.0,71784.0,12177.0,5138.0,503.0,17.0,23240.0,32910.0
2025-10-18 03:59:57,2025-10-17,86400,,daily_unique_cleared_each_window,63,snowflakes-2025-10.tar.xz:snowflakes-2025-10/18/2025-10-18-03-59-57-snowflake-stats,157161.0,70240.0,4285.0,83571.0,251.0,,118332.0,19362.0,55317.0,32315888.0,4497224.0,1373080.0,0.0,3601800.0,2193144.0,75368.0,11498.0,5063.0,545.0,15.0,24102.0,30820.0
2025-10-19 03:59:57,2025-10-18,86400,,daily_unique_cleared_each_window,63,snowflakes-2025-10.tar.xz:snowflakes-2025-10/19/2025-10-19-03-59-57-snowflake-stats,146632.0,62255.0,4279.0,81121.0,238.0,,109628.0,17698.0,49461.0,31872664.0,4416504.0,1442816.0,0.0,3671496.0,2112432.0,75392.0,12117.0,4617.0,523.0,16.0,22276.0,27297.0
2025-10-20 03:59:57,2025-10-19,86400,,daily_unique_cleared_each_window,63,snowflakes-2025-10.tar.xz:snowflakes-2025-10/20/2025-10-20-03-59-57-snowflake-stats,145455.0,64376.0,4344.0,77703.0,242.0,,110075.0,16937.0,49567.0,31208512.0,4650440.0,1487200.0,16.0,3805040.0,2252280.0,80344.0,11982.0,4536.0,576.0,8.0,22789.0,27721.0
2025-10-21 03:59:57,2025-10-20,86400,,daily_unique_cleared_each_window,63,snowflakes-2025-10.tar.xz:snowflakes-2025-10/21/2025-10-21-03-59-57-snowflake-stats,154357.0,70887.0,4276.0,80200.0,252.0,,117276.0,18193.0,53481.0,31897680.0,4466072.0,1390200.0,0.0,3741464.0,2048256.0,66552.0,11926.0,5025.0,493.0,17.0,23371.0,30943.0
2025-10-22 03:59:57,2025-10-21,86400,,daily_unique_cleared_each_window,63,snowflakes-2025-10.tar.xz:snowflakes-2025-10/22/2025-10-22-03-59-57-snowflake-stats,154657.0,70680.0,4328.0,80730.0,270.0,,117093.0,18183.0,53705.0,31435872.0,4937744.0,1423288.0,32840.0,4055664.0,2264848.0,73360.0,12020.0,5166.0,489.0,15.0,22975.0,30168.0
2025-10-23 03:59:57,2025-10-22,86400,,daily_unique_cleared_each_window,63,snowflakes-2025-10.tar.xz:snowflakes-2025-10/23/2025-10-23-03-59-57-snowflake-stats,153082.0,70039.0,4289.0,79712.0,265.0,,115402.0,18142.0,53361.0,30943000.0,4938528.0,1439672.0,288.0,3927400.0,2377432.0,73656.0,12050.0,4954.0,463.0,21.0,22756.0,29615.0
2025-10-24 03:59:57,2025-10-23,86400,,daily_unique_cleared_each_window,63,snowflakes-2025-10.tar.xz:snowflakes-2025-10/24/2025-10-24-03-59-57-snowflake-stats,152306.0,69362.0,4304.0,79551.0,255.0,,115588.0,17939.0,52433.0,31021000.0,4944560.0,1439512.0,952.0,3869928.0,2436376.0,78728.0,11730.0,5109.0,487.0,14.0,22598.0,29468.0
2025-10-25 03:59:57,2025-10-24,86400,,daily_unique_cleared_each_window,63,snowflakes-2025-10.tar.xz:snowflakes-2025-10/25/2025-10-25-03-59-57-snowflake-stats,144297.0,67552.0,4333.0,73234.0,260.0,,109051.0,17143.0,50969.0,30521192.0,4956616.0,1346936.0,1208.0,3736736.0,2491264.0,76768.0,11224.0,5000.0,479.0,15.0,21108.0,29025.0
2025-10-26 03:59:57,2025-10-25,86400,,daily_unique_cleared_each_window,63,snowflakes-2025-10.tar.xz:snowflakes-2025-10/26/2025-10-26-03-59-57-snowflake-stats,129892.0,61940.0,4367.0,64455.0,235.0,,97754.0,16951.0,45400.0,29777552.0,4929352.0,1576128.0,8.0,3971848.0,2458144.0,75504.0,10938.0,4192.0,437.0,9.0,18792.0,25525.0
2025-10-27 03:59:57,2025-10-26,86400,,daily_unique_cleared_each_window,63,snowflakes-2025-10.tar.xz:snowflakes-2025-10/27/2025-10-27-03-59-57-snowflake-stats,127994.0,64809.0,4288.0,59603.0,251.0,,97241.0,16432.0,45769.0,30067424.0,4739584.0,1564856.0,328.0,3843656.0,2392296.0,68816.0,11045.0,4018.0,493.0,11.0,17848.0,26142.0
2025-10-28 03:59:57,2025-10-27,86400,,daily_unique_cleared_each_window,63,snowflakes-2025-10.tar.xz:snowflakes-2025-10/28/2025-10-28-03-59-57-snowflake-stats,132573.0,69539.0,4202.0,59587.0,268.0,,101462.0,16810.0,48742.0,29728608.0,4897232.0,1512696.0,920.0,3860912.0,2478928.0,71000.0,10567.0,4301.0,492.0,13.0,18327.0,28067.0
2025-10-29 03:59:57,2025-10-28,86400,,daily_unique_cleared_each_window,63,snowflakes-2025-10.tar.xz:snowflakes-2025-10/29/2025-10-29-03-59-57-snowflake-stats,132556.0,69593.0,4289.0,59505.0,292.0,,101718.0,16757.0,48559.0,29531192.0,5052672.0,1555728.0,61112.0,4089176.0,2502672.0,77672.0,10517.0,3967.0,447.0,10.0,18898.0,28386.0
2025-10-30 03:59:57,2025-10-29,86400,,daily_unique_cleared_each_window,63,snowflakes-2025-10.tar.xz:snowflakes-2025-10/30/2025-10-30-03-59-57-snowflake-stats,131840.0,69897.0,4305.0,58511.0,277.0,,101554.0,16376.0,49383.0,29769512.0,4881256.0,1522264.0,304.0,4043760.0,2277040.0,83032.0,10398.0,4079.0,459.0,8.0,18590.0,28491.0
2025-10-31 03:59:57,2025-10-30,86400,,daily_unique_cleared_each_window,63,snowflakes-2025-10.tar.xz:snowflakes-2025-10/31/2025-10-31-03-59-57-snowflake-stats,129603.0,68756.0,4314.0,57390.0,258.0,,100101.0,16202.0,47652.0,30327992.0,4598136.0,1707800.0,0.0,3864200.0,2359536.0,82208.0,10336.0,3963.0,455.0,9.0,18270.0,27379.0
2025-11-01 03:59:57,2025-10-31,86400,,daily_unique_cleared_each_window,63,snowflakes-2025-11.tar.xz:snowflakes-2025-11/01/2025-11-01-03-59-57-snowflake-stats,125164.0,65972.0,4394.0,55515.0,222.0,,96248.0,16049.0,45592.0,30023912.0,4521064.0,1783888.0,120.0,3877392.0,2344440.0,83240.0,9538.0,3999.0,499.0,11.0,18083.0,26124.0
2025-11-02 03:59:57,2025-11-01,86400,,daily_unique_cleared_each_window,63,snowflakes-2025-11.tar.xz:snowflakes-2025-11/02/2025-11-02-03-59-57-snowflake-stats,120010.0,62162.0,4329.0,54259.0,243.0,,91986.0,15878.0,42822.0,30098584.0,4596016.0,1554944.0,40.0,3858368.0,2213696.0,78944.0,10052.0,3812.0,480.0,7.0,17440.0,24738.0
2025-11-03 03:59:57,2025-11-02,86400,,daily_unique_cleared_each_window,63,snowflakes-2025-11.tar.xz:snowflakes-2025-11/03/2025-11-03-03-59-57-snowflake-stats,120284.0,64128.0,4219.0,52626.0,230.0,,93235.0,15226.0,43721.0,30166336.0,4716312.0,1696240.0,40.0,4025680.0,2310712.0,76200.0,10012.0,3709.0,447.0,7.0,16973.0,25617.0
2025-11-04 03:59:57,2025-11-03,86400,,daily_unique_cleared_each_window,63,snowflakes-2025-11.tar.xz:snowflakes-2025-11/04/2025-11-04-03-59-57-snowflake-stats,129513.0,69883.0,4249.0,56078.0,257.0,,99710.0,15957.0,48920.0,30846624.0,4491248.0,1666320.0,80.0,3864320.0,2208232.0,85088.0,10180.0,3547.0,441.0,15.0,18663.0,28389.0
2025-11-05 03:59:57,2025-11-04,86400,,daily_unique_cleared_each_window,63,snowflakes-2025-11.tar.xz:snowflakes-2025-11/05/2025-11-05-03-59-57-snowflake-stats,131217.0,70935.0,4364.0,56715.0,251.0,,101371.0,15936.0,48728.0,30763384.0,4566688.0,1759488.0,0.0,3946688.0,2296864.0,82616.0,10209.0,3503.0,457.0,15.0,18880.0,28611.0
2025-11-06 03:59:57,2025-11-05,86400,,daily_unique_cleared_each_window,63,snowflakes-2025-11.tar.xz:snowflakes-2025-11/06/2025-11-06-03-59-57-snowflake-stats,128881.0,70263.0,4323.0,55071.0,259.0,,99908.0,15742.0,47859.0,30598936.0,4794976.0,1606928.0,672.0,4014720.0,2314032.0,73816.0,9933.0,3910.0,437.0,6.0,18271.0,28032.0
2025-11-07 03:59:57,2025-11-06,86400,,daily_unique_cleared_each_window,63,snowflakes-2025-11.tar.xz:snowflakes-2025-11/07/2025-11-07-03-59-57-snowflake-stats,126270.0,69098.0,4281.0,53563.0,252.0,,98161.0,15525.0,47039.0,31076520.0,4642088.0,1441776.0,448.0,3728304.0,2285416.0,70592.0,9509.0,3850.0,457.0,8.0,17542.0,27462.0
2025-11-08 03:59:57,2025-11-07,86400,,daily_unique_cleared_each_window,63,snowflakes-2025-11.tar.xz:snowflakes-2025-11/08/2025-11-08-03-59-57-snowflake-stats,123641.0,67477.0,4254.0,52620.0,248.0,,96112.0,15245.0,45988.0,30837768.0,4501352.0,1752104.0,1848.0,3710536.0,2459952.0,84800.0,9469.0,3825.0,466.0,17.0,17195.0,27027.0
2025-11-09 03:59:57,2025-11-08,86400,,daily_unique_cleared_each_window,63,snowflakes-2025-11.tar.xz:snowflakes-2025-11/09/2025-11-09-03-59-57-snowflake-stats,117589.0,61956.0,4315.0,52029.0,256.0,,90864.0,15201.0,42496.0,31129432.0,4394344.0,1669840.0,0.0,3751376.0,2220504.0,92304.0,9990.0,3610.0,489.0,12.0,16283.0,24551.0
2025-11-10 03:59:57,2025-11-09,86400,,daily_unique_cleared_each_window,63,snowflakes-2025-11.tar.xz:snowflakes-2025-11/10/2025-11-10-03-59-57-snowflake-stats,118653.0,64449.0,4339.0,50660.0,230.0,,92585.0,15144.0,43105.0,30834104.0,4534848.0,1842728.0,0.0,4045464.0,2232152.0,99976.0,9807.0,3634.0,490.0,5.0,17290.0,25752.0
2025-11-11 03:59:57,2025-11-10,86400,,daily_unique_cleared_each_window,63,snowflakes-2025-11.tar.xz:snowflakes-2025-11/11/2025-11-11-03-59-57-snowflake-stats,125824.0,70200.0,4386.0,52128.0,250.0,,98129.0,15988.0,46851.0,31570912.0,4439856.0,1635888.0,0.0,3701184.0,2278664.0,95896.0,9889.0,3876.0,450.0,7.0,17941.0,28395.0
2025-11-12 03:59:57,2025-11-11,86400,,daily_unique_cleared_each_window,63,snowflakes-2025-11.tar.xz:snowflakes-2025-11/12/2025-11-12-03-59-57-snowflake-stats,125385.0,70591.0,4462.0,51173.0,274.0,,97238.0,15804.0,47404.0,31474216.0,4533560.0,1628336.0,0.0,3611848.0,2441688.0,108360.0,9967.0,3794.0,458.0,8.0,17839.0,28053.0
2025-11-13 03:59:57,2025-11-12,86400,,daily_unique_cleared_each_window,63,snowflakes-2025-11.tar.xz:snowflakes-2025-11/13/2025-11-13-03-59-57-snowflake-stats,127005.0,71943.0,4402.0,51398.0,257.0,,98853.0,16190.0,48643.0,31322664.0,4492944.0,1575144.0,0.0,3565032.0,2405760.0,97296.0,9862.0,3639.0,495.0,5.0,18030.0,28838.0
2025-11-14 03:59:57,2025-11-13,86400,,daily_unique_cleared_each_window,63,snowflakes-2025-11.tar.xz:snowflakes-2025-11/14/2025-11-14-03-59-57-snowflake-stats,125747.0,70839.0,4401.0,51207.0,252.0,,98323.0,15758.0,46876.0,30899248.0,4641344.0,1613432.0,19640.0,3851544.0,2320456.0,102408.0,9460.0,3653.0,524.0,10.0,18251.0,28369.0
2025-11-15 03:59:57,2025-11-14,86400,,daily_unique_cleared_each_window,63,snowflakes-2025-11.tar.xz:snowflakes-2025-11/15/2025-11-15-03-59-57-snowflake-stats,123236.0,69144.0,4366.0,50399.0,260.0,,95819.0,15221.0,46824.0,31252704.0,4464976.0,1706368.0,0.0,3809784.0,2259768.0,101800.0,8985.0,3723.0,533.0,7.0,18373.0,27308.0
2025-11-16 03:59:57,2025-11-15,86400,,daily_unique_cleared_each_window,63,snowflakes-2025-11.tar.xz:snowflakes-2025-11/16/2025-11-16-03-59-57-snowflake-stats,117047.0,63811.0,4432.0,49556.0,239.0,,90852.0,14957.0,42743.0,30098928.0,4768368.0,2083760.0,0.0,4269712.0,2477952.0,104456.0,9442.0,3438.0,497.0,5.0,17840.0,24679.0
2025-11-17 03:59:57,2025-11-16,86400,,daily_unique_cleared_each_window,63,snowflakes-2025-11.tar.xz:snowflakes-2025-11/17/2025-11-17-03-59-57-snowflake-stats,118579.0,66033.0,4389.0,48932.0,260.0,,92056.0,15144.0,43670.0,30325568.0,4609872.0,1935048.0,3616.0,4131608.0,2313816.0,103112.0,9471.0,3391.0,550.0,4.0,17542.0,25563.0
2025-11-18 03:59:57,2025-11-17,86400,,daily_unique_cleared_each_window,63,snowflakes-2025-11.tar.xz:snowflakes-2025-11/18/2025-11-18-03-59-57-snowflake-stats,125370.0,71406.0,4420.0,50288.0,301.0,,97258.0,15559.0,47963.0,30774632.0,4544496.0,1647264.0,40.0,3846800.0,2239080.0,105920.0,9547.0,3672.0,565.0,5.0,18098.0,28253.0
2025-11-19 03:59:57,2025-11-18,86400,,daily_unique_cleared_each_window,63,snowflakes-2025-11.tar.xz:snowflakes-2025-11/19/2025-11-19-03-59-57-snowflake-stats,127431.0,72789.0,4459.0,50968.0,275.0,,98731.0,15775.0,49120.0,30472416.0,4805848.0,1657856.0,0.0,3896368.0,2464256.0,103088.0,9961.0,3574.0,534.0,8.0,18744.0,28419.0
2025-11-20 03:59:57,2025-11-19,86400,,daily_unique_cleared_each_window,63,snowflakes-2025-11.tar.xz:snowflakes-2025-11/20/2025-11-20-03-59-57-snowflake-stats,124899.0,70865.0,4457.0,50448.0,300.0,,97324.0,15539.0,47088.0,31172624.0,4627264.0,1510664.0,6440.0,3686760.0,2349376.0,108232.0,9607.0,3694.0,525.0,3.0,18413.0,27708.0
2025-11-21 03:59:57,2025-11-20,86400,,daily_unique_cleared_each_window,63,snowflakes-2025-11.tar.xz:snowflakes-2025-11/21/2025-11-21-03-59-57-snowflake-stats,123343.0,70201.0,4443.0,49434.0,275.0,,96280.0,15534.0,46020.0,31414056.0,4357920.0,1590568.0,0.0,3609664.0,2232016.0,106816.0,9277.0,3709.0,518.0,7.0,18811.0,27532.0
2025-11-22 03:59:57,2025-11-21,86400,,daily_unique_cleared_each_window,63,snowflakes-2025-11.tar.xz:snowflakes-2025-11/22/2025-11-22-03-59-57-snowflake-stats,124211.0,70128.0,4391.0,50367.0,247.0,,96803.0,16349.0,44929.0,30190768.0,5197520.0,1735960.0,334816.0,4449584.0,2703896.0,114816.0,9253.0,3451.0,511.0,2.0,19155.0,27285.0
2025-11-23 03:59:57,2025-11-22,86400,,daily_unique_cleared_each_window,63,snowflakes-2025-11.tar.xz:snowflakes-2025-11/23/2025-11-23-03-59-57-snowflake-stats,115562.0,63794.0,4475.0,48028.0,254.0,,89992.0,15374.0,40945.0,30445808.0,4720840.0,1828592.0,0.0,4055472.0,2383920.0,110048.0,9498.0,3331.0,534.0,5.0,17944.0,24426.0
2025-11-24 03:59:57,2025-11-23,86400,,daily_unique_cleared_each_window,63,snowflakes-2025-11.tar.xz:snowflakes-2025-11/24/2025-11-24-03-59-57-snowflake-stats,115663.0,65352.0,4415.0,46647.0,244.0,,90459.0,14895.0,41993.0,31047080.0,4556480.0,1837288.0,0.0,3968464.0,2316520.0,108792.0,9074.0,3315.0,535.0,9.0,16993.0,25724.0
2025-11-25 03:59:57,2025-11-24,86400,,daily_unique_cleared_each_window,63,snowflakes-2025-11.tar.xz:snowflakes-2025-11/25/2025-11-25-03-59-57-snowflake-stats,124421.0,71890.0,4531.0,48726.0,287.0,,97966.0,15683.0,45886.0,31333096.0,4580864.0,1655152.0,0.0,3772688.0,2342424.0,120904.0,8904.0,3820.0,547.0,5.0,18375.0,28393.0
2025-11-26 16:32:15,2025-11-26,86400,,daily_unique_cleared_each_window,63,snowflakes-2025-11.tar.xz:snowflakes-2025-11/26/2025-11-26-16-32-15-snowflake-stats,127790.0,73929.0,4534.0,50024.0,302.0,,99981.0,16095.0,46675.0,31216232.0,4567664.0,1921608.0,0.0,3868496.0,2514168.0,106608.0,9755.0,3836.0,513.0,7.0,17773.0,30080.0
2025-11-27 16:32:15,2025-11-27,86400,,daily_unique_cleared_each_window,63,snowflakes-2025-11.tar.xz:snowflakes-2025-11/27/2025-11-27-16-32-15-snowflake-stats,124386.0,73110.0,4460.0,47487.0,299.0,,97638.0,15728.0,45560.0,30525424.0,4813176.0,2175896.0,0.0,4366712.0,2510160.0,112200.0,8689.0,3825.0,528.0,8.0,17049.0,29714.0
2025-11-28 16:32:15,2025-11-28,86400,,daily_unique_cleared_each_window,63,snowflakes-2025-11.tar.xz:snowflakes-2025-11/28/2025-11-28-16-32-15-snowflake-stats,124195.0,71900.0,4517.0,48488.0,320.0,,96904.0,16122.0,45101.0,29692048.0,5126728.0,2022216.0,80.0,4463248.0,2567360.0,118416.0,8818.0,3903.0,565.0,7.0,16119.0,29825.0
2025-11-29 16:32:15,2025-11-29,86400,,daily_unique_cleared_each_window,63,snowflakes-2025-11.tar.xz:snowflakes-2025-11/29/2025-11-29-16-32-15-snowflake-stats,118423.0,66566.0,4496.0,48033.0,274.0,,92500.0,15611.0,41291.0,29129384.0,5193360.0,2360304.0,40.0,4669664.0,2776160.0,107880.0,9286.0,3741.0,596.0,9.0,16461.0,26513.0
2025-11-30 16:32:15,2025-11-30,86400,,daily_unique_cleared_each_window,63,snowflakes-2025-11.tar.xz:snowflakes-2025-11/30/2025-11-30-16-32-15-snowflake-stats,115902.0,65119.0,4492.0,46902.0,269.0,,90741.0,15329.0,40416.0,28801632.0,5312736.0,2427520.0,0.0,4832232.0,2800848.0,107192.0,9318.0,3580.0,504.0,6.0,16012.0,26448.0
2025-12-01 16:32:15,2025-12-01,86400,,daily_unique_cleared_each_window,63,snowflakes-2025-12.tar.xz:snowflakes-2025-12/01/2025-12-01-16-32-15-snowflake-stats,124684.0,73005.0,4602.0,47678.0,310.0,,97680.0,16003.0,45329.0,28667624.0,5623632.0,2515192.0,232.0,5085304.0,2931064.0,122680.0,9035.0,4106.0,539.0,5.0,17221.0,29481.0
2025-12-02 16:32:15,2025-12-02,86400,,daily_unique_cleared_each_window,63,snowflakes-2025-12.tar.xz:snowflakes-2025-12/02/2025-12-02-16-32-15-snowflake-stats,125277.0,73957.0,4548.0,47396.0,325.0,,98101.0,16131.0,46247.0,28513384.0,5629032.0,2560344.0,40.0,5095968.0,2979776.0,113672.0,8930.0,3962.0,475.0,8.0,17425.0,30098.0
2025-12-03 16:32:15,2025-12-03,86400,,daily_unique_cleared_each_window,63,snowflakes-2025-12.tar.xz:snowflakes-2025-12/03/2025-12-03-16-32-15-snowflake-stats,125608.0,73493.0,4657.0,48109.0,295.0,,98402.0,15844.0,46495.0,28540552.0,5519664.0,2713936.0,0.0,5041152.0,3088440.0,104008.0,9266.0,4016.0,504.0,6.0,17604.0,29418.0
2025-12-04 17:35:33,2025-12-04,86400,,daily_unique_cleared_each_window,63,snowflakes-2025-12.tar.xz:snowflakes-2025-12/04/2025-12-04-17-35-33-snowflake-stats,124812.0,72869.0,4695.0,47834.0,301.0,,97874.0,15690.0,45898.0,28614896.0,5392736.0,2697928.0,8.0,5014688.0,2967208.0,108776.0,8838.0,4072.0,516.0,7.0,17513.0,29469.0
2025-12-05 17:35:33,2025-12-05,86400,,daily_unique_cleared_each_window,63,snowflakes-2025-12.tar.xz:snowflakes-2025-12/05/2025-12-05-17-35-33-snowflake-stats,124615.0,71932.0,4697.0,48664.0,295.0,,97587.0,15953.0,45268.0,29158720.0,5180680.0,2473840.0,0.0,4669112.0,2879328.0,106080.0,8626.0,3945.0,546.0,9.0,18093.0,28649.0
2025-12-06 17:35:33,2025-12-06,86400,,daily_unique_cleared_each_window,63,snowflakes-2025-12.tar.xz:snowflakes-2025-12/06/2025-12-06-17-35-33-snowflake-stats,119967.0,65915.0,4630.0,50054.0,270.0,,93786.0,15420.0,42618.0,28997136.0,5221680.0,2759768.0,0.0,4946752.0,2935536.0,99160.0,9127.0,3707.0,518.0,10.0,17055.0,26242.0
2025-12-07 17:35:33,2025-12-07,86400,,daily_unique_cleared_each_window,63,snowflakes-2025-12.tar.xz:snowflakes-2025-12/07/2025-12-07-17-35-33-snowflake-stats,115844.0,64506.0,4596.0,47442.0,276.0,,90792.0,14782.0,41389.0,29064328.0,5165568.0,2782240.0,0.0,4852800.0,2985864.0,109152.0,8542.0,3595.0,531.0,10.0,15980.0,26251.0
2025-12-08 17:35:33,2025-12-08,86400,,daily_unique_cleared_each_window,63,snowflakes-2025-12.tar.xz:snowflakes-2025-12/08/2025-12-08-17-35-33-snowflake-stats,122513.0,71502.0,4556.0,47115.0,298.0,,96591.0,15059.0,45187.0,29445288.0,5193072.0,2281480.0,0.0,4614776.0,2741704.0,118080.0,6922.0,4073.0,580.0,6.0,17648.0,29496.0
2025-12-09 17:35:33,2025-12-09,86400,,daily_unique_cleared_each_window,63,snowflakes-2025-12.tar.xz:snowflakes-2025-12/09/2025-12-09-17-35-33-snowflake-stats,126282.0,73635.0,4599.0,48725.0,304.0,,98905.0,15414.0,46963.0,30219872.0,4914152.0,2372640.0,0.0,4575552.0,2587632.0,123616.0,6926.0,4049.0,513.0,4.0,18676.0,29735.0
2025-12-10 17:35:33,2025-12-10,86400,,daily_unique_cleared_each_window,63,snowflakes-2025-12.tar.xz:snowflakes-2025-12/10/2025-12-10-17-35-33-snowflake-stats,126727.0,75222.0,4587.0,47734.0,283.0,,98795.0,15426.0,48699.0,30489256.0,4900008.0,2284304.0,0.0,4560696.0,2503728.0,119896.0,7241.0,4021.0,566.0,6.0,18578.0,29775.0
2025-12-11 17:35:33,2025-12-11,86400,,daily_unique_cleared_each_window,63,snowflakes-2025-12.tar.xz:snowflakes-2025-12/11/2025-12-11-17-35-33-snowflake-stats,124351.0,74349.0,4509.0,46181.0,278.0,,97450.0,15131.0,47634.0,30730008.0,4648536.0,2313144.0,0.0,4454816.0,2391112.0,115760.0,6790.0,3843.0,476.0,6.0,17316.0,29930.0
2025-12-12 17:35:33,2025-12-12,86400,,daily_unique_cleared_each_window,63,snowflakes-2025-12.tar.xz:snowflakes-2025-12/12/2025-12-12-17-35-33-snowflake-stats,118985.0,67758.0,4525.0,47367.0,238.0,,92543.0,15440.0,42914.0,23498416.0,12380368.0,3794744.0,5603152.0,14773504.0,6814288.0,190480.0,6822.0,3791.0,478.0,6.0,17700.0,26641.0
2025-12-13 17:35:33,2025-12-13,86400,,daily_unique_cleared_each_window,63,snowflakes-2025-12.tar.xz:snowflakes-2025-12/13/2025-12-13-17-35-33-snowflake-stats,114920.0,63941.0,4425.0,47106.0,266.0,,88351.0,15684.0,42413.0,28793808.0,5358096.0,3163976.0,449024.0,5920256.0,2959888.0,90952.0,6927.0,3774.0,544.0,6.0,17085.0,25573.0
2025-12-14 17:35:33,2025-12-14,86400,,daily_unique_cleared_each_window,63,snowflakes-2025-12.tar.xz:snowflakes-2025-12/14/2025-12-14-17-35-33-snowflake-stats,113889.0,64770.0,4387.0,45302.0,297.0,,88019.0,14685.0,42839.0,29648880.0,4640408.0,2790000.0,0.0,5013888.0,2313880.0,102640.0,6835.0,3649.0,621.0,5.0,16239.0,26103.0
2025-12-15 17:35:33,2025-12-15,86400,,daily_unique_cleared_each_window,63,snowflakes-2025-12.tar.xz:snowflakes-2025-12/15/2025-12-15-17-35-33-snowflake-stats,122790.0,72107.0,4431.0,46856.0,303.0,,95739.0,15830.0,46090.0,30511816.0,4539528.0,2451208.0,0.0,4671184.0,2206792.0,112768.0,6930.0,3880.0,532.0,4.0,16804.0,29135.0
2025-12-16 17:35:33,2025-12-16,86400,,daily_unique_cleared_each_window,63,snowflakes-2025-12.tar.xz:snowflakes-2025-12/16/2025-12-16-17-35-33-snowflake-stats,123818.0,72952.0,4492.0,47013.0,307.0,,96374.0,16118.0,46150.0,30255648.0,4574848.0,2479624.0,0.0,4774312.0,2169816.0,110352.0,6937.0,3978.0,479.0,5.0,17732.0,29277.0
2025-12-17 17:35:33,2025-12-17,86400,,daily_unique_cleared_each_window,63,snowflakes-2025-12.tar.xz:snowflakes-2025-12/17/2025-12-17-17-35-33-snowflake-stats,122560.0,71830.0,4491.0,46930.0,294.0,,95066.0,16650.0,45069.0,30306000.0,4535760.0,2297384.0,0.0,4596944.0,2130768.0,105440.0,7024.0,4040.0,527.0,5.0,17492.0,29274.0
2025-12-18 17:35:33,2025-12-18,86400,,daily_unique_cleared_each_window,63,snowflakes-2025-12.tar.xz:snowflakes-2025-12/18/2025-12-18-17-35-33-snowflake-stats,121419.0,71128.0,4485.0,46512.0,282.0,,94294.0,16298.0,44937.0,30215280.0,4451568.0,2499592.0,0.0,4656296.0,2184160.0,110720.0,6908.0,4039.0,537.0,6.0,17106.0,29018.0
2025-12-19 17:35:33,2025-12-19,86400,,daily_unique_cleared_each_window,63,snowflakes-2025-12.tar.xz:snowflakes-2025-12/19/2025-12-19-17-35-33-snowflake-stats,120640.0,69878.0,4525.0,46967.0,259.0,,93962.0,16007.0,44605.0,30432472.0,4483448.0,2155608.0,0.0,4432552.0,2099704.0,106800.0,6436.0,3950.0,555.0,4.0,17138.0,28531.0
2025-12-20 17:35:33,2025-12-20,86400,,daily_unique_cleared_each_window,63,snowflakes-2025-12.tar.xz:snowflakes-2025-12/20/2025-12-20-17-35-33-snowflake-stats,116090.0,65748.0,4506.0,46430.0,256.0,,90270.0,15519.0,41715.0,30096416.0,4433248.0,2424632.0,0.0,4674752.0,2082520.0,100608.0,7021.0,3633.0,539.0,5.0,17174.0,26307.0
2025-12-21 17:35:33,2025-12-21,86400,,daily_unique_cleared_each_window,63,snowflakes-2025-12.tar.xz:snowflakes-2025-12/21/2025-12-21-17-35-33-snowflake-stats,112383.0,63649.0,4448.0,44836.0,240.0,,87492.0,15075.0,39700.0,30571928.0,4346688.0,2604784.0,0.0,4747120.0,2114656.0,89704.0,6835.0,3626.0,518.0,8.0,16415.0,25517.0
2025-12-22 17:35:33,2025-12-22,86400,,daily_unique_cleared_each_window,63,snowflakes-2025-12.tar.xz:snowflakes-2025-12/22/2025-12-22-17-35-33-snowflake-stats,116165.0,66759.0,4478.0,45488.0,271.0,,90769.0,15248.0,42128.0,30789456.0,4708784.0,2077672.0,9632.0,4616848.0,2079800.0,99448.0,6830.0,4131.0,516.0,11.0,16623.0,26662.0
2025-12-23 17:35:33,2025-12-23,86400,,daily_unique_cleared_each_window,63,snowflakes-2025-12.tar.xz:snowflakes-2025-12/23/2025-12-23-17-35-33-snowflake-stats,116720.0,67063.0,4543.0,45700.0,312.0,,91911.0,15239.0,42387.0,31511776.0,4601040.0,2029008.0,0.0,4492640.0,2030832.0,106584.0,7036.0,4141.0,557.0,11.0,16865.0,26773.0
2025-12-24 17:35:33,2025-12-24,86400,,daily_unique_cleared_each_window,63,snowflakes-2025-12.tar.xz:snowflakes-2025-12/24/2025-12-24-17-35-33-snowflake-stats,113432.0,64154.0,4508.0,45328.0,265.0,,89067.0,14802.0,41625.0,31527976.0,4643688.0,2355896.0,0.0,4728152.0,2157216.0,114224.0,7057.0,3950.0,474.0,13.0,17271.0,25134.0
2025-12-25 17:35:33,2025-12-25,86400,,daily_unique_cleared_each_window,63,snowflakes-2025-12.tar.xz:snowflakes-2025-12/25/2025-12-25-17-35-33-snowflake-stats,102588.0,55687.0,4375.0,43122.0,212.0,,79985.0,13796.0,34326.0,30987816.0,4575464.0,2130240.0,0.0,4500640.0,2107256.0,97808.0,6326.0,3940.0,486.0,15.0,15584.0,20974.0
2025-12-26 17:35:33,2025-12-26,86400,,daily_unique_cleared_each_window,63,snowflakes-2025-12.tar.xz:snowflakes-2025-12/26/2025-12-26-17-35-33-snowflake-stats,105419.0,58290.0,4506.0,43265.0,225.0,,81686.0,14488.0,36180.0,30571648.0,4475632.0,2501192.0,0.0,4728744.0,2134344.0,113736.0,6227.0,4143.0,485.0,6.0,15038.0,22516.0
2025-12-27 17:35:33,2025-12-27,86400,,daily_unique_cleared_each_window,63,snowflakes-2025-12.tar.xz:snowflakes-2025-12/27/2025-12-27-17-35-33-snowflake-stats,108167.0,60180.0,4432.0,44088.0,201.0,,83423.0,14854.0,37880.0,30481008.0,4393848.0,2867368.0,0.0,4923160.0,2232056.0,106008.0,6599.0,3895.0,524.0,6.0,15768.0,23666.0
2025-12-28 17:35:33,2025-12-28,86400,,daily_unique_cleared_each_window,63,snowflakes-2025-12.tar.xz:snowflakes-2025-12/28/2025-12-28-17-35-33-snowflake-stats,108063.0,60542.0,4475.0,43618.0,199.0,,83729.0,15221.0,37504.0,31367312.0,4317816.0,2590592.0,0.0,4710376.0,2099528.0,98504.0,6605.0,3899.0,542.0,7.0,15844.0,23979.0
2025-12-29 17:35:33,2025-12-29,86400,,daily_unique_cleared_each_window,63,snowflakes-2025-12.tar.xz:snowflakes-2025-12/29/2025-12-29-17-35-33-snowflake-stats,114312.0,64922.0,4572.0,45458.0,242.0,,88582.0,16067.0,40297.0,31623976.0,4385488.0,2414888.0,0.0,4607216.0,2095168.0,97992.0,6911.0,3992.0,568.0,5.0,16837.0,25767.0
2025-12-30 17:35:33,2025-12-30,86400,,daily_unique_cleared_each_window,63,snowflakes-2025-12.tar.xz:snowflakes-2025-12/30/2025-12-30-17-35-33-snowflake-stats,114147.0,64847.0,4554.0,45421.0,238.0,,88586.0,16085.0,40100.0,31956856.0,4424800.0,2291184.0,0.0,4638008.0,1970784.0,107200.0,7104.0,4108.0,471.0,5.0,16806.0,25964.0
2025-12-31 17:35:33,2025-12-31,86400,,daily_unique_cleared_each_window,63,snowflakes-2025-12.tar.xz:snowflakes-2025-12/31/2025-12-31-17-35-33-snowflake-stats,111807.0,63158.0,4502.0,44667.0,239.0,,87165.0,15431.0,38968.0,31377328.0,4663592.0,2406328.0,0.0,4971120.0,1987280.0,111520.0,6911.0,3864.0,526.0,3.0,16442.0,25333.0
2026-01-01 17:35:33,2026-01-01,86400,,daily_unique_cleared_each_window,63,snowflakes-2026-01.tar.xz:snowflakes-2026-01/01/2026-01-01-17-35-33-snowflake-stats,103241.0,56112.0,4377.0,43259.0,242.0,,79500.0,14546.0,35118.0,29841520.0,4990608.0,2673656.0,0.0,5494528.0,2051344.0,118400.0,6370.0,3542.0,448.0,6.0,15855.0,21984.0
2026-01-02 17:35:33,2026-01-02,86400,,daily_unique_cleared_each_window,63,snowflakes-2026-01.tar.xz:snowflakes-2026-01/02/2026-01-02-17-35-33-snowflake-stats,110829.0,63175.0,4555.0,43752.0,252.0,,85643.0,14999.0,40309.0,28720304.0,5437400.0,3118816.0,0.0,6322408.0,2124592.0,109216.0,5963.0,3623.0,491.0,3.0,16353.0,26364.0
2026-01-03 17:35:33,2026-01-03,86400,,daily_unique_cleared_each_window,63,snowflakes-2026-01.tar.xz:snowflakes-2026-01/03/2026-01-03-17-35-33-snowflake-stats,112463.0,63091.0,4424.0,45443.0,271.0,,87094.0,15632.0,39469.0,28238784.0,5749408.0,3395256.0,0.0,6837688.0,2199696.0,107280.0,6883.0,3632.0,458.0,9.0,17142.0,25988.0
2026-01-04 17:35:33,2026-01-04,86400,,daily_unique_cleared_each_window,63,snowflakes-2026-01.tar.xz:snowflakes-2026-01/04/2026-01-04-17-35-33-snowflake-stats,114332.0,63886.0,4524.0,46560.0,261.0,,88108.0,16200.0,40526.0,27250784.0,6164408.0,3752520.0,0.0,7486416.0,2319568.0,110944.0,8302.0,3742.0,460.0,8.0,16671.0,26455.0
2026-01-05 17:35:33,2026-01-05,86400,,daily_unique_cleared_each_window,63,snowflakes-2026-01.tar.xz:snowflakes-2026-01/05/2026-01-05-17-35-33-snowflake-stats,120407.0,69114.0,4565.0,47360.0,291.0,,93885.0,16256.0,43795.0,28467968.0,5921016.0,3344968.0,0.0,6972440.0,2191616.0,101936.0,8451.0,3903.0,476.0,9.0,17112.0,28827.0
2026-01-06 17:35:33,2026-01-06,86400,,daily_unique_cleared_each_window,63,snowflakes-2026-01.tar.xz:snowflakes-2026-01/06/2026-01-06-17-35-33-snowflake-stats,122116.0,69497.0,4638.0,48628.0,288.0,,94549.0,16778.0,44239.0,28559464.0,5815744.0,3361272.0,0.0,6853168.0,2224288.0,99552.0,9459.0,3830.0,468.0,8.0,18216.0,28911.0
2026-01-07 18:33:58,2026-01-07,86400,,daily_unique_cleared_each_window,63,snowflakes-2026-01.tar.xz:snowflakes-2026-01/07/2026-01-07-18-33-58-snowflake-stats,124870.0,70897.0,4616.0,49997.0,308.0,,96627.0,16905.0,45243.0,27725432.0,6218384.0,3899336.0,744.0,7497992.0,2512744.0,107728.0,9875.0,3848.0,465.0,7.0,18473.0,29382.0
2026-01-08 18:33:58,2026-01-08,86400,,daily_unique_cleared_each_window,63,snowflakes-2026-01.tar.xz:snowflakes-2026-01/08/2026-01-08-18-33-58-snowflake-stats,124786.0,70471.0,4725.0,50221.0,300.0,,95763.0,17718.0,45818.0,25840024.0,7054192.0,4343728.0,679248.0,8697032.0,3270784.0,109344.0,10504.0,3794.0,449.0,9.0,18156.0,29261.0
2026-01-09 18:33:58,2026-01-09,86400,,daily_unique_cleared_each_window,63,snowflakes-2026-01.tar.xz:snowflakes-2026-01/09/2026-01-09-18-33-58-snowflake-stats,111916.0,71395.0,4594.0,36345.0,378.0,,89302.0,15119.0,40242.0,33613568.0,3755048.0,892016.0,0.0,2942856.0,1597912.0,106304.0,151.0,3807.0,473.0,12.0,15847.0,29263.0
2026-01-10 18:33:58,2026-01-10,86400,,daily_unique_cleared_each_window,63,snowflakes-2026-01.tar.xz:snowflakes-2026-01/10/2026-01-10-18-33-58-snowflake-stats,107999.0,67593.0,4607.0,36007.0,651.0,,86398.0,14877.0,37792.0,33540224.0,3785240.0,980768.0,0.0,3055440.0,1600128.0,110448.0,44.0,3748.0,463.0,11.0,15746.0,27911.0
2026-01-11 18:33:58,2026-01-11,86400,,daily_unique_cleared_each_window,63,snowflakes-2026-01.tar.xz:snowflakes-2026-01/11/2026-01-11-18-33-58-snowflake-stats,113391.0,70756.0,4609.0,35229.0,3920.0,,89903.0,15636.0,41612.0,34104280.0,3816008.0,937408.0,0.0,2980800.0,1644952.0,127656.0,49.0,3951.0,411.0,13.0,15502.0,33501.0
2026-01-12 18:33:58,2026-01-12,86400,,daily_unique_cleared_each_window,63,snowflakes-2026-01.tar.xz:snowflakes-2026-01/12/2026-01-12-18-33-58-snowflake-stats,135141.0,84640.0,4826.0,37300.0,10127.0,,106902.0,17960.0,52286.0,35784576.0,3829960.0,701928.0,0.0,2879824.0,1525424.0,126640.0,54.0,4104.0,492.0,10.0,16412.0,47567.0
2026-01-13 18:33:58,2026-01-13,86400,,daily_unique_cleared_each_window,63,snowflakes-2026-01.tar.xz:snowflakes-2026-01/13/2026-01-13-18-33-58-snowflake-stats,139706.0,88772.0,4888.0,37682.0,10219.0,,111526.0,18181.0,52827.0,36938128.0,3830584.0,674144.0,0.0,2871512.0,1510152.0,123056.0,49.0,4141.0,515.0,7.0,16865.0,51628.0
2026-01-14 18:33:58,2026-01-14,86400,,daily_unique_cleared_each_window,63,snowflakes-2026-01.tar.xz:snowflakes-2026-01/14/2026-01-14-18-33-58-snowflake-stats,142896.0,93901.0,4956.0,37139.0,8641.0,,114233.0,18570.0,55877.0,37073240.0,3898648.0,714984.0,0.0,2847216.0,1640552.0,125872.0,44.0,4260.0,570.0,13.0,16909.0,53815.0
2026-01-15 18:33:58,2026-01-15,86400,,daily_unique_cleared_each_window,63,snowflakes-2026-01.tar.xz:snowflakes-2026-01/15/2026-01-15-18-33-58-snowflake-stats,142980.0,94657.0,5081.0,37857.0,7071.0,,114424.0,18585.0,54221.0,37118128.0,3938880.0,597552.0,0.0,2771920.0,1642376.0,122144.0,58.0,4469.0,434.0,15.0,17071.0,52932.0
2026-01-16 18:33:58,2026-01-16,86400,,daily_unique_cleared_each_window,63,snowflakes-2026-01.tar.xz:snowflakes-2026-01/16/2026-01-16-18-33-58-snowflake-stats,140680.0,93669.0,5122.0,37960.0,5434.0,,112818.0,18106.0,52543.0,36902624.0,3944560.0,583288.0,0.0,2776088.0,1623304.0,128464.0,60.0,4934.0,501.0,17.0,17610.0,50330.0
2026-01-17 18:33:58,2026-01-17,86400,,daily_unique_cleared_each_window,63,snowflakes-2026-01.tar.xz:snowflakes-2026-01/17/2026-01-17-18-33-58-snowflake-stats,129335.0,85284.0,5065.0,36453.0,3735.0,,104033.0,16775.0,46643.0,36415392.0,4062736.0,662968.0,0.0,2945192.0,1665648.0,114864.0,123.0,4696.0,420.0,14.0,16264.0,44993.0
2026-01-18 18:33:58,2026-01-18,86400,,daily_unique_cleared_each_window,63,snowflakes-2026-01.tar.xz:snowflakes-2026-01/18/2026-01-18-18-33-58-snowflake-stats,128671.0,84513.0,5210.0,36890.0,3143.0,,102998.0,17046.0,46752.0,36508632.0,4384784.0,733744.0,0.0,3019448.0,1982048.0,117032.0,552.0,4719.0,490.0,13.0,15754.0,44563.0
2026-01-19 18:33:58,2026-01-19,86400,,daily_unique_cleared_each_window,63,snowflakes-2026-01.tar.xz:snowflakes-2026-01/19/2026-01-19-18-33-58-snowflake-stats,139627.0,94373.0,5177.0,38046.0,3171.0,,112327.0,17921.0,51599.0,36458416.0,4779128.0,595408.0,0.0,2852592.0,2391288.0,130656.0,181.0,4943.0,461.0,14.0,16381.0,49783.0
2026-01-20 18:33:58,2026-01-20,86400,,daily_unique_cleared_each_window,63,snowflakes-2026-01.tar.xz:snowflakes-2026-01/20/2026-01-20-18-33-58-snowflake-stats,140695.0,95290.0,5185.0,38532.0,2883.0,,113234.0,17934.0,51233.0,36907720.0,4702056.0,556216.0,0.0,2792736.0,2340904.0,124632.0,108.0,4873.0,455.0,18.0,17544.0,49715.0
2026-01-21 18:33:58,2026-01-21,86400,,daily_unique_cleared_each_window,63,snowflakes-2026-01.tar.xz:snowflakes-2026-01/21/2026-01-21-18-33-58-snowflake-stats,138692.0,94670.0,5268.0,37451.0,2517.0,,112421.0,16904.0,51250.0,36703344.0,4722264.0,551744.0,0.0,2837240.0,2317144.0,119624.0,105.0,5006.0,516.0,25.0,17399.0,48986.0
2026-01-22 18:33:58,2026-01-22,86400,,daily_unique_cleared_each_window,63,snowflakes-2026-01.tar.xz:snowflakes-2026-01/22/2026-01-22-18-33-58-snowflake-stats,142168.0,94505.0,5242.0,41277.0,2492.0,,113544.0,17867.0,53454.0,35969696.0,5061520.0,758472.0,0.0,3381752.0,2307936.0,130304.0,3031.0,4848.0,474.0,21.0,17815.0,48888.0
2026-01-23 18:33:58,2026-01-23,86400,,daily_unique_cleared_each_window,63,snowflakes-2026-01.tar.xz:snowflakes-2026-01/23/2026-01-23-18-33-58-snowflake-stats,159296.0,91373.0,5316.0,61476.0,2498.0,,123793.0,25023.0,58425.0,27718120.0,9097360.0,4041256.0,4382096.0,8213856.0,9161944.0,144904.0,19551.0,4758.0,411.0,17.0,19603.0,47984.0
2026-01-24 18:33:58,2026-01-24,86400,,daily_unique_cleared_each_window,63,snowflakes-2026-01.tar.xz:snowflakes-2026-01/24/2026-01-24-18-33-58-snowflake-stats,165467.0,82220.0,5332.0,77172.0,2209.0,,127976.0,28403.0,58668.0,22643968.0,11328208.0,5677552.0,11765880.0,10619816.0,18004728.0,147096.0,34223.0,4581.0,443.0,20.0,19580.0,43022.0
2026-01-25 18:33:58,2026-01-25,86400,,daily_unique_cleared_each_window,63,snowflakes-2026-01.tar.xz:snowflakes-2026-01/25/2026-01-25-18-33-58-snowflake-stats,181573.0,82628.0,5420.0,92845.0,2351.0,,141479.0,33940.0,62608.0,17179552.0,15071320.0,5690352.0,14185784.0,11262032.0,23539288.0,146136.0,48822.0,4630.0,457.0,20.0,20269.0,44106.0
2026-01-26 18:33:58,2026-01-26,86400,,daily_unique_cleared_each_window,63,snowflakes-2026-01.tar.xz:snowflakes-2026-01/26/2026-01-26-18-33-58-snowflake-stats,203936.0,92087.0,5491.0,105648.0,2448.0,,156374.0,35374.0,74699.0,14364496.0,18207008.0,5709184.0,17088680.0,11543608.0,29290632.0,170632.0,51309.0,4946.0,490.0,19.0,24027.0,53121.0
2026-01-27 18:33:58,2026-01-27,86400,,daily_unique_cleared_each_window,63,snowflakes-2026-01.tar.xz:snowflakes-2026-01/27/2026-01-27-18-33-58-snowflake-stats,218606.0,93196.0,5827.0,118859.0,2559.0,,166165.0,44154.0,77944.0,15579168.0,18947696.0,6798696.0,21781784.0,14909848.0,32449560.0,168760.0,66163.0,4819.0,459.0,22.0,24094.0,52330.0
2026-01-28 18:33:58,2026-01-28,86400,,daily_unique_cleared_each_window,63,snowflakes-2026-01.tar.xz:snowflakes-2026-01/28/2026-01-28-18-33-58-snowflake-stats,222584.0,93933.0,5935.0,122080.0,2397.0,,170031.0,45927.0,74745.0,20093496.0,15996272.0,6895680.0,15695672.0,14904208.0,23536664.0,146752.0,66174.0,4821.0,471.0,16.0,26050.0,53529.0
2026-01-29 18:33:58,2026-01-29,86400,,daily_unique_cleared_each_window,63,snowflakes-2026-01.tar.xz:snowflakes-2026-01/29/2026-01-29-18-33-58-snowflake-stats,218914.0,93276.0,5936.0,118952.0,2272.0,,166869.0,43207.0,75935.0,21809032.0,15063552.0,6078536.0,12005000.0,13149600.0,19866224.0,131264.0,59200.0,4741.0,409.0,16.0,28274.0,55993.0
2026-01-30 18:33:58,2026-01-30,86400,,daily_unique_cleared_each_window,63,snowflakes-2026-01.tar.xz:snowflakes-2026-01/30/2026-01-30-18-33-58-snowflake-stats,205782.0,92509.0,5962.0,106744.0,2182.0,,157698.0,39279.0,73837.0,20753904.0,15949128.0,6179024.0,9910352.0,12996960.0,18910352.0,131200.0,53021.0,5066.0,422.0,12.0,25361.0,51263.0
2026-01-31 18:33:58,2026-01-31,86400,,daily_unique_cleared_each_window,63,snowflakes-2026-01.tar.xz:snowflakes-2026-01/31/2026-01-31-18-33-58-snowflake-stats,160664.0,85150.0,6134.0,69064.0,1808.0,,117354.0,18507.0,69474.0,18298880.0,17303936.0,5530040.0,12975472.0,15536528.0,20149240.0,123680.0,13911.0,4628.0,462.0,11.0,25482.0,47696.0
2026-02-01 18:33:58,2026-02-01,86400,,daily_unique_cleared_each_window,63,snowflakes-2026-02.tar.xz:snowflakes-2026-02/01/2026-02-01-18-33-58-snowflake-stats,159222.0,83535.0,6301.0,69063.0,1831.0,,113167.0,16609.0,72534.0,22484736.0,14592240.0,5618920.0,8894448.0,13845232.0,15140976.0,119400.0,8038.0,4423.0,405.0,11.0,27962.0,50645.0
2026-02-02 18:33:58,2026-02-02,86400,,daily_unique_cleared_each_window,63,snowflakes-2026-02.tar.xz:snowflakes-2026-02/02/2026-02-02-18-33-58-snowflake-stats,160731.0,92745.0,6492.0,61033.0,2011.0,,117156.0,17791.0,71945.0,22422288.0,14770664.0,5671960.0,6887424.0,13263512.0,13950864.0,115688.0,7601.0,4407.0,449.0,8.0,24584.0,52999.0
2026-02-03 18:33:58,2026-02-03,86400,,daily_unique_cleared_each_window,63,snowflakes-2026-02.tar.xz:snowflakes-2026-02/03/2026-02-03-18-33-58-snowflake-stats,165530.0,92156.0,6493.0,66545.0,1816.0,,117958.0,17423.0,75682.0,22211912.0,15099888.0,5799096.0,5672608.0,12136872.0,14326720.0,108000.0,13921.0,4175.0,426.0,15.0,25655.0,51025.0
2026-02-04 18:33:58,2026-02-04,86400,,daily_unique_cleared_each_window,63,snowflakes-2026-02.tar.xz:snowflakes-2026-02/04/2026-02-04-18-33-58-snowflake-stats,176264.0,91827.0,6635.0,77483.0,1739.0,,122301.0,19981.0,82777.0,24365256.0,13666744.0,5901000.0,4420240.0,11492912.0,12382824.0,112248.0,26689.0,4450.0,425.0,19.0,24837.0,49916.0
2026-02-05 18:33:58,2026-02-05,86400,,daily_unique_cleared_each_window,63,snowflakes-2026-02.tar.xz:snowflakes-2026-02/05/2026-02-05-18-33-58-snowflake-stats,194574.0,92057.0,6637.0,95535.0,1740.0,,148473.0,34977.0,70071.0,27906936.0,13048784.0,5461648.0,1486936.0,9861440.0,10044936.0,90992.0,47722.0,4527.0,414.0,14.0,23094.0,49481.0
2026-02-06 18:33:58,2026-02-06,86400,,daily_unique_cleared_each_window,63,snowflakes-2026-02.tar.xz:snowflakes-2026-02/06/2026-02-06-18-33-58-snowflake-stats,192391.0,91413.0,6483.0,94239.0,1637.0,,146789.0,35501.0,66304.0,28694960.0,12782368.0,5573800.0,1651608.0,9807688.0,10120584.0,79496.0,44608.0,4167.0,446.0,13.0,25038.0,49574.0
2026-02-07 18:33:58,2026-02-07,86400,,daily_unique_cleared_each_window,63,snowflakes-2026-02.tar.xz:snowflakes-2026-02/07/2026-02-07-18-33-58-snowflake-stats,183677.0,83514.0,6592.0,93484.0,1424.0,,138976.0,35374.0,60771.0,31421024.0,12854024.0,5554040.0,831304.0,9338072.0,9825992.0,75304.0,45809.0,3925.0,418.0,17.0,23290.0,44509.0
2026-02-08 18:33:58,2026-02-08,86400,,daily_unique_cleared_each_window,63,snowflakes-2026-02.tar.xz:snowflakes-2026-02/08/2026-02-08-18-33-58-snowflake-stats,183474.0,84260.0,6662.0,92577.0,1347.0,,139717.0,35559.0,60029.0,34280808.0,12292568.0,5483616.0,74320.0,8657736.0,9110656.0,82120.0,46631.0,4113.0,415.0,18.0,23062.0,45091.0
2026-02-09 18:33:58,2026-02-09,86400,,daily_unique_cleared_each_window,63,snowflakes-2026-02.tar.xz:snowflakes-2026-02/09/2026-02-09-18-33-58-snowflake-stats,191736.0,93105.0,6638.0,91990.0,1525.0,,145821.0,36078.0,64641.0,40226192.0,11373656.0,5539632.0,120.0,8135144.0,8689536.0,88728.0,45957.0,4391.0,465.0,13.0,23062.0,49404.0
2026-02-10 18:33:58,2026-02-10,86400,,daily_unique_cleared_each_window,63,snowflakes-2026-02.tar.xz:snowflakes-2026-02/10/2026-02-10-18-33-58-snowflake-stats,192991.0,94194.0,6632.0,92132.0,1500.0,,147647.0,34104.0,65021.0,38217856.0,12755800.0,5553432.0,488648.0,8591872.0,10092832.0,113176.0,45495.0,4393.0,391.0,14.0,23520.0,49556.0
2026-02-11 18:33:58,2026-02-11,86400,,daily_unique_cleared_each_window,63,snowflakes-2026-02.tar.xz:snowflakes-2026-02/11/2026-02-11-18-33-58-snowflake-stats,194252.0,95470.0,6880.0,91686.0,1931.0,,154967.0,20171.0,67217.0,23552664.0,19463632.0,5681824.0,133032.0,9429208.0,15741832.0,107448.0,42424.0,4691.0,415.0,14.0,24156.0,50069.0
2026-02-12 18:33:58,2026-02-12,86400,,daily_unique_cleared_each_window,63,snowflakes-2026-02.tar.xz:snowflakes-2026-02/12/2026-02-12-18-33-58-snowflake-stats,190872.0,94721.0,6731.0,89122.0,1669.0,,153469.0,18993.0,65198.0,28721824.0,17107888.0,5410568.0,1664.0,9161136.0,13248880.0,110104.0,41049.0,4507.0,430.0,22.0,24264.0,50007.0
2026-02-13 18:33:58,2026-02-13,86400,,daily_unique_cleared_each_window,63,snowflakes-2026-02.tar.xz:snowflakes-2026-02/13/2026-02-13-18-33-58-snowflake-stats,185997.0,92089.0,6778.0,86910.0,1556.0,,150071.0,18506.0,63343.0,32693728.0,15174864.0,4645032.0,168448.0,8518880.0,11370680.0,98784.0,39918.0,4796.0,410.0,15.0,23031.0,48643.0
2026-02-14 18:33:58,2026-02-14,86400,,daily_unique_cleared_each_window,63,snowflakes-2026-02.tar.xz:snowflakes-2026-02/14/2026-02-14-18-33-58-snowflake-stats,180412.0,83803.0,6656.0,89956.0,1350.0,,145841.0,17605.0,58500.0,32683960.0,16055384.0,4820952.0,84664.0,9017456.0,11853768.0,89768.0,43827.0,4195.0,440.0,18.0,22195.0,43481.0
2026-02-15 18:33:58,2026-02-15,86400,,daily_unique_cleared_each_window,63,snowflakes-2026-02.tar.xz:snowflakes-2026-02/15/2026-02-15-18-33-58-snowflake-stats,176527.0,82213.0,6769.0,87562.0,1317.0,,142595.0,17475.0,57596.0,34689648.0,15530304.0,4930256.0,0.0,9251144.0,11109256.0,100168.0,42407.0,4263.0,413.0,12.0,20976.0,42983.0
2026-02-16 18:33:58,2026-02-16,86400,,daily_unique_cleared_each_window,63,snowflakes-2026-02.tar.xz:snowflakes-2026-02/16/2026-02-16-18-33-58-snowflake-stats,184178.0,91444.0,6715.0,85953.0,1428.0,,149674.0,18447.0,61582.0,38961856.0,14068616.0,3557560.0,0.0,8501056.0,9025160.0,99960.0,40284.0,4416.0,358.0,15.0,22150.0,48116.0
2026-02-17 18:33:58,2026-02-17,86400,,daily_unique_cleared_each_window,63,snowflakes-2026-02.tar.xz:snowflakes-2026-02/17/2026-02-17-18-33-58-snowflake-stats,186599.0,93750.0,6776.0,86049.0,1422.0,,151744.0,18374.0,62859.0,38489920.0,14416728.0,3177216.0,0.0,8702616.0,8787040.0,104296.0,38406.0,4424.0,381.0,12.0,23466.0,49385.0
2026-02-18 18:33:58,2026-02-18,86400,,daily_unique_cleared_each_window,63,snowflakes-2026-02.tar.xz:snowflakes-2026-02/18/2026-02-18-18-33-58-snowflake-stats,185408.0,94451.0,6653.0,84198.0,1537.0,,151766.0,17733.0,62243.0,38006152.0,14611856.0,2896760.0,504888.0,9275984.0,8649832.0,87696.0,37534.0,4773.0,391.0,7.0,22264.0,49954.0
2026-02-19 18:33:58,2026-02-19,86400,,daily_unique_cleared_each_window,63,snowflakes-2026-02.tar.xz:snowflakes-2026-02/19/2026-02-19-18-33-58-snowflake-stats,182269.0,92203.0,6760.0,83340.0,1346.0,,148617.0,17581.0,61357.0,24295976.0,21055944.0,4938032.0,17371120.0,33442928.0,9811336.0,110832.0,36254.0,4568.0,379.0,13.0,22570.0,48759.0
2026-02-20 18:33:58,2026-02-20,86400,,daily_unique_cleared_each_window,63,snowflakes-2026-02.tar.xz:snowflakes-2026-02/20/2026-02-20-18-33-58-snowflake-stats,177946.0,88272.0,6748.0,82987.0,1277.0,,144181.0,17726.0,60736.0,8669480.0,28962032.0,6824976.0,72822376.0,96808128.0,11646600.0,154648.0,34774.0,4504.0,368.0,9.0,23153.0,47452.0
2026-02-21 18:33:58,2026-02-21,86400,,daily_unique_cleared_each_window,63,snowflakes-2026-02.tar.xz:snowflakes-2026-02/21/2026-02-21-18-33-58-snowflake-stats,173253.0,82076.0,6752.0,84518.0,1196.0,,140163.0,17816.0,56199.0,6090416.0,31025416.0,6892144.0,128287392.0,152492336.0,13529184.0,183432.0,36553.0,4074.0,399.0,5.0,22514.0,43666.0
2026-02-22 18:33:58,2026-02-22,86400,,daily_unique_cleared_each_window,63,snowflakes-2026-02.tar.xz:snowflakes-2026-02/22/2026-02-22-18-33-58-snowflake-stats,172498.0,81854.0,6727.0,83891.0,1230.0,,140498.0,17643.0,55537.0,4122464.0,32272880.0,7118976.0,135533576.0,162349872.0,12390032.0,185528.0,36178.0,4047.0,418.0,11.0,21749.0,44446.0
2026-02-23 18:33:58,2026-02-23,86400,,daily_unique_cleared_each_window,63,snowflakes-2026-02.tar.xz:snowflakes-2026-02/23/2026-02-23-18-33-58-snowflake-stats,180830.0,91178.0,6739.0,82908.0,1334.0,,147528.0,17980.0,60129.0,4164648.0,32253136.0,6977648.0,122199008.0,149492040.0,11758304.0,179448.0,35318.0,4073.0,413.0,5.0,22539.0,48985.0
2026-02-24 18:33:58,2026-02-24,86400,,daily_unique_cleared_each_window,63,snowflakes-2026-02.tar.xz:snowflakes-2026-02/24/2026-02-24-18-33-58-snowflake-stats,180834.0,92442.0,6864.0,81447.0,1365.0,,146735.0,18276.0,61453.0,4381224.0,32054064.0,6874288.0,115969848.0,143692552.0,11025824.0,179816.0,34208.0,4224.0,429.0,10.0,23598.0,49203.0
2026-02-25 18:33:58,2026-02-25,86400,,daily_unique_cleared_each_window,63,snowflakes-2026-02.tar.xz:snowflakes-2026-02/25/2026-02-25-18-33-58-snowflake-stats,183587.0,94164.0,6708.0,82693.0,1232.0,,148962.0,18081.0,62539.0,7100936.0,30458064.0,7113168.0,102539720.0,130793008.0,9135024.0,182928.0,34883.0,4199.0,474.0,12.0,23970.0,49013.0
2026-02-26 18:33:58,2026-02-26,86400,,daily_unique_cleared_each_window,63,snowflakes-2026-02.tar.xz:snowflakes-2026-02/26/2026-02-26-18-33-58-snowflake-stats,180310.0,92082.0,6999.0,81170.0,1246.0,,145272.0,18672.0,61858.0,8172824.0,29825696.0,6894088.0,87918728.0,115651976.0,8809072.0,177464.0,32388.0,4247.0,512.0,18.0,23577.0,48522.0
2026-02-27 18:33:58,2026-02-27,86400,,daily_unique_cleared_each_window,63,snowflakes-2026-02.tar.xz:snowflakes-2026-02/27/2026-02-27-18-33-58-snowflake-stats,176378.0,90977.0,6824.0,78607.0,1136.0,,142881.0,17528.0,60346.0,7855560.0,29688968.0,7109240.0,78026392.0,106465256.0,8198128.0,161224.0,30834.0,4255.0,489.0,13.0,23658.0,47224.0
2026-02-28 18:33:58,2026-02-28,86400,,daily_unique_cleared_each_window,63,snowflakes-2026-02.tar.xz:snowflakes-2026-02/28/2026-02-28-18-33-58-snowflake-stats,152029.0,85958.0,6683.0,59227.0,1232.0,,123695.0,16695.0,51326.0,29716984.0,18150528.0,4374424.0,32990192.0,50722344.0,4651480.0,141328.0,17796.0,4282.0,484.0,19.0,21221.0,42213.0
2026-03-01 18:33:58,2026-03-01,86400,,daily_unique_cleared_each_window,63,snowflakes-2026-03.tar.xz:snowflakes-2026-03/01/2026-03-01-18-33-58-snowflake-stats,128732.0,88107.0,6599.0,33486.0,1467.0,,104634.0,16130.0,46493.0,53893608.0,6179936.0,933384.0,0.0,5544040.0,1447136.0,122144.0,151.0,4284.0,430.0,15.0,17595.0,42702.0
2026-03-02 18:33:58,2026-03-02,86400,,daily_unique_cleared_each_window,63,snowflakes-2026-03.tar.xz:snowflakes-2026-03/02/2026-03-02-18-33-58-snowflake-stats,141099.0,98741.0,6686.0,35101.0,1650.0,,114897.0,17395.0,51878.0,55105224.0,5691104.0,638752.0,0.0,4741312.0,1459912.0,128624.0,182.0,4447.0,498.0,10.0,19002.0,47570.0
2026-03-03 18:33:58,2026-03-03,86400,,daily_unique_cleared_each_window,63,snowflakes-2026-03.tar.xz:snowflakes-2026-03/03/2026-03-03-18-33-58-snowflake-stats,143548.0,100485.0,6699.0,35955.0,1508.0,,117064.0,17675.0,51563.0,55947136.0,5041232.0,471896.0,0.0,3903720.0,1474664.0,134744.0,107.0,4375.0,476.0,14.0,20281.0,47568.0
2026-03-04 18:33:58,2026-03-04,86400,,daily_unique_cleared_each_window,63,snowflakes-2026-03.tar.xz:snowflakes-2026-03/04/2026-03-04-18-33-58-snowflake-stats,142182.0,99449.0,6660.0,35709.0,1476.0,,115604.0,17954.0,51144.0,55537720.0,5092000.0,500216.0,0.0,4024320.0,1446840.0,121064.0,112.0,4550.0,443.0,12.0,19952.0,47229.0
2026-03-05 18:33:58,2026-03-05,86400,,daily_unique_cleared_each_window,63,snowflakes-2026-03.tar.xz:snowflakes-2026-03/05/2026-03-05-18-33-58-snowflake-stats,141790.0,99366.0,6557.0,35491.0,1364.0,,115654.0,17767.0,51031.0,55040192.0,5493888.0,579472.0,0.0,4288136.0,1675240.0,109984.0,116.0,4578.0,440.0,20.0,19855.0,46394.0
2026-03-06 18:33:58,2026-03-06,86400,,daily_unique_cleared_each_window,63,snowflakes-2026-03.tar.xz:snowflakes-2026-03/06/2026-03-06-18-33-58-snowflake-stats,139431.0,97520.0,6546.0,35097.0,1204.0,,114204.0,17160.0,50218.0,56153976.0,4819832.0,488920.0,0.0,3671848.0,1516000.0,120904.0,118.0,4471.0,474.0,19.0,19424.0,45964.0
2026-03-07 18:33:58,2026-03-07,86400,,daily_unique_cleared_each_window,63,snowflakes-2026-03.tar.xz:snowflakes-2026-03/07/2026-03-07-18-33-58-snowflake-stats,129930.0,88623.0,6572.0,34566.0,1034.0,,105507.0,16737.0,45526.0,55825608.0,4714416.0,539896.0,0.0,3607112.0,1525000.0,122208.0,112.0,4298.0,399.0,13.0,18711.0,40280.0
2026-03-08 18:33:58,2026-03-08,86400,,daily_unique_cleared_each_window,63,snowflakes-2026-03.tar.xz:snowflakes-2026-03/08/2026-03-08-18-33-58-snowflake-stats,128793.0,88507.0,6354.0,33786.0,1017.0,,104141.0,17162.0,44699.0,56208928.0,4559576.0,488600.0,0.0,3423760.0,1506704.0,117712.0,175.0,4181.0,433.0,18.0,18526.0,40658.0
2026-03-09 18:33:58,2026-03-09,86400,,daily_unique_cleared_each_window,63,snowflakes-2026-03.tar.xz:snowflakes-2026-03/09/2026-03-09-18-33-58-snowflake-stats,138732.0,98261.0,6307.0,33949.0,1131.0,,113994.0,16953.0,49942.0,55662320.0,4753472.0,537264.0,0.0,3587440.0,1570480.0,132824.0,116.0,4172.0,422.0,11.0,19522.0,46202.0
2026-03-10 18:33:58,2026-03-10,86400,,daily_unique_cleared_each_window,63,snowflakes-2026-03.tar.xz:snowflakes-2026-03/10/2026-03-10-18-33-58-snowflake-stats,141053.0,99863.0,6445.0,34589.0,1090.0,,115504.0,17386.0,50729.0,55566272.0,4618696.0,475160.0,0.0,3442128.0,1536648.0,115080.0,137.0,4531.0,442.0,7.0,19388.0,46733.0
2026-03-11 18:33:58,2026-03-11,86400,,daily_unique_cleared_each_window,63,snowflakes-2026-03.tar.xz:snowflakes-2026-03/11/2026-03-11-18-33-58-snowflake-stats,144605.0,103069.0,6408.0,35009.0,1113.0,,119030.0,17206.0,53251.0,55336432.0,4684152.0,496984.0,0.0,3454072.0,1603960.0,123104.0,135.0,4406.0,497.0,7.0,19905.0,47934.0
2026-03-12 18:33:58,2026-03-12,86400,,daily_unique_cleared_each_window,63,snowflakes-2026-03.tar.xz:snowflakes-2026-03/12/2026-03-12-18-33-58-snowflake-stats,143450.0,101920.0,6459.0,35051.0,1068.0,,117298.0,16892.0,52896.0,57132080.0,4704392.0,521424.0,0.0,3438832.0,1669416.0,117576.0,540.0,4477.0,518.0,8.0,20448.0,46888.0
2026-03-13 18:33:58,2026-03-13,86400,,daily_unique_cleared_each_window,63,snowflakes-2026-03.tar.xz:snowflakes-2026-03/13/2026-03-13-18-33-58-snowflake-stats,140098.0,98948.0,6349.0,34823.0,1051.0,,114227.0,17094.0,51443.0,56006056.0,4646600.0,587080.0,0.0,3451376.0,1658272.0,124040.0,148.0,4564.0,443.0,9.0,20017.0,45991.0
2026-03-14 18:33:58,2026-03-14,86400,,daily_unique_cleared_each_window,63,snowflakes-2026-03.tar.xz:snowflakes-2026-03/14/2026-03-14-18-33-58-snowflake-stats,130482.0,89989.0,6489.0,34025.0,917.0,,105721.0,16816.0,46913.0,55080896.0,4658120.0,758560.0,0.0,3567984.0,1729072.0,119640.0,462.0,4351.0,397.0,9.0,18827.0,41695.0
2026-03-15 18:33:58,2026-03-15,86400,,daily_unique_cleared_each_window,63,snowflakes-2026-03.tar.xz:snowflakes-2026-03/15/2026-03-15-18-33-58-snowflake-stats,128297.0,88625.0,6384.0,33228.0,913.0,,103998.0,16920.0,45691.0,54261080.0,4910320.0,1058712.0,0.0,3951344.0,1905072.0,112616.0,179.0,4391.0,403.0,14.0,18289.0,41737.0
2026-03-16 18:33:58,2026-03-16,86400,,daily_unique_cleared_each_window,63,snowflakes-2026-03.tar.xz:snowflakes-2026-03/16/2026-03-16-18-33-58-snowflake-stats,139413.0,98852.0,6433.0,34058.0,978.0,,113803.0,17616.0,51154.0,54314064.0,5302840.0,1010784.0,0.0,4178840.0,2018304.0,116480.0,79.0,5050.0,395.0,12.0,18723.0,46453.0
2026-03-17 18:33:58,2026-03-17,86400,,daily_unique_cleared_each_window,63,snowflakes-2026-03.tar.xz:snowflakes-2026-03/17/2026-03-17-18-33-58-snowflake-stats,139888.0,98808.0,6460.0,34519.0,980.0,,113339.0,18460.0,50700.0,53309256.0,5291776.0,1143064.0,0.0,4141544.0,2161112.0,132184.0,69.0,5373.0,450.0,10.0,19174.0,46321.0
2026-03-18 18:33:58,2026-03-18,86400,,daily_unique_cleared_each_window,63,snowflakes-2026-03.tar.xz:snowflakes-2026-03/18/2026-03-18-18-33-58-snowflake-stats,137911.0,96211.0,6483.0,35086.0,1015.0,,111748.0,17528.0,50416.0,48442632.0,5432560.0,1592848.0,0.0,4442224.0,2464200.0,118984.0,76.0,5315.0,428.0,6.0,19381.0,45218.0
2026-03-19 18:33:58,2026-03-19,86400,,daily_unique_cleared_each_window,63,snowflakes-2026-03.tar.xz:snowflakes-2026-03/19/2026-03-19-18-33-58-snowflake-stats,135069.0,93896.0,6471.0,34656.0,922.0,,108647.0,17456.0,50294.0,44699056.0,5485424.0,1711984.0,0.0,4562520.0,2518848.0,116032.0,805.0,5002.0,494.0,13.0,18580.0,44072.0
2026-03-20 18:33:58,2026-03-20,86400,,daily_unique_cleared_each_window,63,snowflakes-2026-03.tar.xz:snowflakes-2026-03/20/2026-03-20-18-33-58-snowflake-stats,133419.0,92228.0,6427.0,34799.0,913.0,,108110.0,16975.0,49099.0,44030136.0,5621960.0,2161888.0,0.0,4898800.0,2767304.0,117752.0,327.0,5273.0,492.0,9.0,18699.0,43421.0
2026-03-21 18:33:58,2026-03-21,86400,,daily_unique_cleared_each_window,63,snowflakes-2026-03.tar.xz:snowflakes-2026-03/21/2026-03-21-18-33-58-snowflake-stats,123463.0,84344.0,6226.0,32985.0,809.0,,100056.0,16117.0,43258.0,43541336.0,5493224.0,2354808.0,0.0,4992336.0,2746096.0,109608.0,180.0,4629.0,476.0,7.0,17799.0,38467.0
2026-03-22 18:33:58,2026-03-22,86400,,daily_unique_cleared_each_window,63,snowflakes-2026-03.tar.xz:snowflakes-2026-03/22/2026-03-22-18-33-58-snowflake-stats,122479.0,84322.0,6235.0,31884.0,824.0,,99677.0,15674.0,44310.0,43314328.0,5589624.0,2317424.0,0.0,5068432.0,2733272.0,105352.0,157.0,4552.0,383.0,6.0,17652.0,38834.0
2026-03-23 18:33:58,2026-03-23,86400,,daily_unique_cleared_each_window,63,snowflakes-2026-03.tar.xz:snowflakes-2026-03/23/2026-03-23-18-33-58-snowflake-stats,134064.0,94741.0,6266.0,33117.0,895.0,,109312.0,16627.0,49993.0,44152456.0,5443016.0,1944152.0,0.0,4695368.0,2587680.0,104128.0,149.0,4756.0,399.0,6.0,18521.0,44547.0
2026-03-24 18:33:58,2026-03-24,86400,,daily_unique_cleared_each_window,63,snowflakes-2026-03.tar.xz:snowflakes-2026-03/24/2026-03-24-18-33-58-snowflake-stats,134062.0,94838.0,6314.0,32873.0,1006.0,,109386.0,16092.0,50127.0,43713248.0,5563440.0,2364240.0,0.0,4994304.0,2825536.0,107848.0,152.0,4933.0,376.0,8.0,19108.0,44325.0
2026-03-25 18:33:58,2026-03-25,86400,,daily_unique_cleared_each_window,63,snowflakes-2026-03.tar.xz:snowflakes-2026-03/25/2026-03-25-18-33-58-snowflake-stats,134533.0,96794.0,6282.0,31373.0,971.0,,110277.0,16071.0,50756.0,46550208.0,5691104.0,1776496.0,0.0,4684304.0,2669872.0,113432.0,133.0,4632.0,416.0,4.0,18494.0,44629.0
2026-03-26 18:33:58,2026-03-26,86400,,daily_unique_cleared_each_window,63,snowflakes-2026-03.tar.xz:snowflakes-2026-03/26/2026-03-26-18-33-58-snowflake-stats,133454.0,96187.0,6258.0,31063.0,895.0,,109382.0,16069.0,49953.0,46770992.0,5652088.0,1786272.0,0.0,4666904.0,2649304.0,122152.0,122.0,4447.0,403.0,6.0,18281.0,44720.0
2026-03-27 18:33:58,2026-03-27,86400,,daily_unique_cleared_each_window,63,snowflakes-2026-03.tar.xz:snowflakes-2026-03/27/2026-03-27-18-33-58-snowflake-stats,130879.0,93701.0,6376.0,30843.0,918.0,,106985.0,15984.0,48747.0,45274896.0,5711256.0,2712448.0,0.0,5288400.0,3024480.0,110824.0,132.0,4555.0,414.0,8.0,18550.0,43589.0
2026-03-28 18:33:58,2026-03-28,86400,,daily_unique_cleared_each_window,63,snowflakes-2026-03.tar.xz:snowflakes-2026-03/28/2026-03-28-18-33-58-snowflake-stats,120902.0,84407.0,6075.0,30409.0,835.0,,98054.0,15280.0,43785.0,44922344.0,5531320.0,2774040.0,0.0,5250592.0,2945504.0,109264.0,134.0,3913.0,402.0,6.0,17669.0,38254.0
2026-03-29 18:33:58,2026-03-29,86400,,daily_unique_cleared_each_window,63,snowflakes-2026-03.tar.xz:snowflakes-2026-03/29/2026-03-29-18-33-58-snowflake-stats,119078.0,83602.0,6111.0,29444.0,746.0,,96741.0,15335.0,42884.0,45219880.0,5458376.0,2676240.0,0.0,5075792.0,2957408.0,101416.0,139.0,3997.0,366.0,7.0,17075.0,38261.0
2026-03-30 18:33:58,2026-03-30,86400,,daily_unique_cleared_each_window,63,snowflakes-2026-03.tar.xz:snowflakes-2026-03/30/2026-03-30-18-33-58-snowflake-stats,129750.0,92241.0,6243.0,31214.0,872.0,,105088.0,16590.0,48276.0,34781528.0,13929624.0,5137392.0,0.0,9731072.0,9228336.0,107608.0,128.0,4294.0,407.0,5.0,18043.0,43077.0
2026-03-31 18:33:58,2026-03-31,86400,,daily_unique_cleared_each_window,63,snowflakes-2026-03.tar.xz:snowflakes-2026-03/31/2026-03-31-18-33-58-snowflake-stats,131069.0,92087.0,6304.0,32607.0,858.0,,106487.0,16340.0,48177.0,33278232.0,14429856.0,6139232.0,0.0,10283600.0,10168008.0,117488.0,127.0,4216.0,395.0,8.0,19121.0,42959.0
2026-04-01 18:33:58,2026-04-01,86400,,daily_unique_cleared_each_window,62,snowflakes-2026-04.tar.xz:snowflakes-2026-04/30/2026-04-29-15-12-47-snowflake-stats,129898.0,91645.0,6359.0,31836.0,882.0,,105151.0,15839.0,48793.0,33206432.0,13820296.0,6185312.0,0.0,10316208.0,9579328.0,110080.0,111.0,4147.0,396.0,9.0,18461.0,42363.0
2026-04-02 18:33:58,2026-04-02,86400,,daily_unique_cleared_each_window,62,snowflakes-2026-04.tar.xz:snowflakes-2026-04/30/2026-04-29-15-12-47-snowflake-stats,128712.0,89275.0,6133.0,33276.0,834.0,,104479.0,15881.0,47536.0,33609648.0,13299880.0,5849104.0,0.0,10179552.0,8860720.0,108712.0,138.0,4061.0,402.0,7.0,19770.0,41173.0
2026-04-03 18:33:58,2026-04-03,86400,,daily_unique_cleared_each_window,62,snowflakes-2026-04.tar.xz:snowflakes-2026-04/30/2026-04-29-15-12-47-snowflake-stats,119229.0,83061.0,6135.0,30165.0,737.0,,96565.0,15024.0,43360.0,35063584.0,12065544.0,5835376.0,0.0,8928416.0,8848104.0,124400.0,133.0,4147.0,418.0,6.0,17839.0,36598.0
2026-04-04 18:33:58,2026-04-04,86400,,daily_unique_cleared_each_window,62,snowflakes-2026-04.tar.xz:snowflakes-2026-04/30/2026-04-29-15-12-47-snowflake-stats,113277.0,77056.0,5984.0,30323.0,724.0,,92222.0,13962.0,39924.0,35182616.0,11947720.0,5664352.0,0.0,9073128.0,8434336.0,104616.0,121.0,3784.0,345.0,2.0,17537.0,34374.0
2026-04-05 18:33:58,2026-04-05,86400,,daily_unique_cleared_each_window,62,snowflakes-2026-04.tar.xz:snowflakes-2026-04/30/2026-04-29-15-12-47-snowflake-stats,109819.0,74092.0,5924.0,29917.0,669.0,,89316.0,13301.0,38519.0,35738152.0,11428136.0,5640952.0,0.0,8913856.0,8049624.0,105608.0,139.0,3552.0,345.0,1.0,17612.0,32457.0
2026-04-06 18:33:58,2026-04-06,86400,,daily_unique_cleared_each_window,62,snowflakes-2026-04.tar.xz:snowflakes-2026-04/30/2026-04-29-15-12-47-snowflake-stats,117361.0,81105.0,6035.0,30293.0,721.0,,94823.0,14773.0,42982.0,37378656.0,10323144.0,5405768.0,0.0,8176168.0,7446256.0,106488.0,133.0,3931.0,409.0,4.0,17022.0,35632.0
2026-04-07 18:33:58,2026-04-07,86400,,daily_unique_cleared_each_window,62,snowflakes-2026-04.tar.xz:snowflakes-2026-04/30/2026-04-29-15-12-47-snowflake-stats,126990.0,89518.0,6039.0,31400.0,820.0,,102944.0,15452.0,47331.0,38018928.0,9719264.0,5472920.0,0.0,7876336.0,7211992.0,103864.0,146.0,4264.0,367.0,4.0,18044.0,40697.0
2026-04-08 18:33:58,2026-04-08,86400,,daily_unique_cleared_each_window,62,snowflakes-2026-04.tar.xz:snowflakes-2026-04/30/2026-04-29-15-12-47-snowflake-stats,128947.0,91587.0,6226.0,31049.0,941.0,,104875.0,15010.0,48406.0,37954840.0,9409384.0,5605000.0,0.0,7975824.0,6946712.0,91856.0,173.0,4250.0,349.0,2.0,18319.0,41988.0
2026-04-09 18:33:58,2026-04-09,86400,,daily_unique_cleared_each_window,62,snowflakes-2026-04.tar.xz:snowflakes-2026-04/30/2026-04-29-15-12-47-snowflake-stats,128439.0,90730.0,6228.0,31602.0,834.0,,104463.0,15496.0,47443.0,39288072.0,9085600.0,4861248.0,0.0,7555640.0,6271376.0,119840.0,130.0,4085.0,346.0,4.0,18804.0,41817.0
2026-04-10 18:33:58,2026-04-10,86400,,daily_unique_cleared_each_window,62,snowflakes-2026-04.tar.xz:snowflakes-2026-04/30/2026-04-29-15-12-47-snowflake-stats,128257.0,90931.0,6276.0,31100.0,847.0,,104201.0,15574.0,47675.0,40322480.0,7899136.0,4680792.0,0.0,6982704.0,5476752.0,120472.0,159.0,4064.0,400.0,3.0,18450.0,41760.0
2026-04-11 18:33:58,2026-04-11,86400,,daily_unique_cleared_each_window,62,snowflakes-2026-04.tar.xz:snowflakes-2026-04/30/2026-04-29-15-12-47-snowflake-stats,117685.0,82295.0,6023.0,29394.0,719.0,,95120.0,14876.0,42172.0,40571896.0,7852416.0,4729448.0,0.0,7178624.0,5283616.0,119632.0,135.0,3547.0,396.0,3.0,17206.0,36763.0
2026-04-12 18:33:58,2026-04-12,86400,,daily_unique_cleared_each_window,62,snowflakes-2026-04.tar.xz:snowflakes-2026-04/30/2026-04-29-15-12-47-snowflake-stats,118936.0,84304.0,6057.0,28710.0,703.0,,96242.0,14930.0,43806.0,40651288.0,7728816.0,4642800.0,0.0,7046704.0,5207528.0,117384.0,179.0,3548.0,366.0,4.0,16761.0,39122.0
2026-04-13 18:33:58,2026-04-13,86400,,daily_unique_cleared_each_window,62,snowflakes-2026-04.tar.xz:snowflakes-2026-04/30/2026-04-29-15-12-47-snowflake-stats,131694.0,95340.0,6181.0,30167.0,849.0,,107078.0,15970.0,49322.0,41248664.0,7485632.0,4016712.0,0.0,6562328.0,4822744.0,117272.0,172.0,3828.0,367.0,4.0,18576.0,45159.0
2026-04-14 18:33:58,2026-04-14,86400,,daily_unique_cleared_each_window,62,snowflakes-2026-04.tar.xz:snowflakes-2026-04/30/2026-04-29-15-12-47-snowflake-stats,132642.0,95434.0,6206.0,30996.0,874.0,,108160.0,15537.0,49967.0,41304344.0,7474632.0,4004656.0,0.0,6635000.0,4727384.0,116912.0,159.0,4026.0,403.0,4.0,18043.0,44793.0
2026-04-15 18:33:58,2026-04-15,86400,,daily_unique_cleared_each_window,62,snowflakes-2026-04.tar.xz:snowflakes-2026-04/30/2026-04-29-15-12-47-snowflake-stats,133959.0,97212.0,6193.0,30423.0,820.0,,108801.0,16222.0,51423.0,41441776.0,7331904.0,3739048.0,0.0,6419336.0,4537680.0,113936.0,220.0,3666.0,394.0,6.0,18080.0,45089.0
2026-04-16 18:33:58,2026-04-16,86400,,daily_unique_cleared_each_window,62,snowflakes-2026-04.tar.xz:snowflakes-2026-04/30/2026-04-29-15-12-47-snowflake-stats,133012.0,95671.0,6250.0,31022.0,770.0,,108222.0,15593.0,50729.0,39556536.0,8155496.0,4143216.0,0.0,6557584.0,5628376.0,112760.0,365.0,4054.0,407.0,,18343.0,44629.0
2026-04-17 18:33:58,2026-04-17,86400,,daily_unique_cleared_each_window,62,snowflakes-2026-04.tar.xz:snowflakes-2026-04/30/2026-04-29-15-12-47-snowflake-stats,127962.0,91453.0,6104.0,30279.0,743.0,,103790.0,15270.0,48251.0,37378104.0,8727712.0,4585576.0,0.0,6598000.0,6605184.0,110104.0,309.0,3851.0,379.0,1.0,17202.0,42432.0
2026-04-18 18:33:58,2026-04-18,86400,,daily_unique_cleared_each_window,62,snowflakes-2026-04.tar.xz:snowflakes-2026-04/30/2026-04-29-15-12-47-snowflake-stats,116817.0,80920.0,6027.0,29934.0,624.0,,94149.0,14785.0,42216.0,37641712.0,8749520.0,3824736.0,0.0,6416288.0,6043072.0,114904.0,226.0,3591.0,313.0,,16639.0,36039.0
2026-04-19 18:33:58,2026-04-19,86400,,daily_unique_cleared_each_window,62,snowflakes-2026-04.tar.xz:snowflakes-2026-04/30/2026-04-29-15-12-47-snowflake-stats,118080.0,82901.0,6118.0,28975.0,690.0,,95628.0,14601.0,43796.0,37808592.0,8634464.0,3947096.0,0.0,6470096.0,5999504.0,111960.0,271.0,3485.0,345.0,,15806.0,38715.0
2026-04-20 18:33:58,2026-04-20,86400,,daily_unique_cleared_each_window,62,snowflakes-2026-04.tar.xz:snowflakes-2026-04/30/2026-04-29-15-12-47-snowflake-stats,129658.0,94398.0,6166.0,28989.0,854.0,,105237.0,15610.0,49639.0,38235456.0,8801520.0,3601872.0,0.0,6479936.0,5815384.0,108080.0,347.0,3833.0,332.0,1.0,16004.0,44932.0
2026-04-21 18:33:58,2026-04-21,86400,,daily_unique_cleared_each_window,62,snowflakes-2026-04.tar.xz:snowflakes-2026-04/30/2026-04-29-15-12-47-snowflake-stats,130557.0,94822.0,6221.0,29540.0,765.0,,106064.0,15368.0,49267.0,38855824.0,8620176.0,3468864.0,0.0,6419616.0,5552592.0,116840.0,229.0,3617.0,345.0,1.0,17094.0,44527.0
2026-04-22 19:32:06,2026-04-22,86400,,daily_unique_cleared_each_window,62,snowflakes-2026-04.tar.xz:snowflakes-2026-04/30/2026-04-29-15-12-47-snowflake-stats,129472.0,94018.0,6189.0,29335.0,725.0,,106216.0,14760.0,48699.0,39262536.0,8176416.0,3182736.0,8.0,5871048.0,5371904.0,116208.0,255.0,3632.0,336.0,1.0,17492.0,44212.0
2026-04-23 19:32:06,2026-04-23,86400,,daily_unique_cleared_each_window,62,snowflakes-2026-04.tar.xz:snowflakes-2026-04/30/2026-04-29-15-12-47-snowflake-stats,127700.0,92691.0,6148.0,28911.0,669.0,,104561.0,14487.0,48211.0,38642496.0,8373016.0,3294784.0,0.0,6054504.0,5485968.0,127336.0,326.0,3546.0,337.0,,16897.0,43727.0
2026-04-24 19:32:06,2026-04-24,86400,,daily_unique_cleared_each_window,62,snowflakes-2026-04.tar.xz:snowflakes-2026-04/30/2026-04-29-15-12-47-snowflake-stats,125844.0,90338.0,6164.0,29384.0,688.0,,102935.0,14381.0,47786.0,38741016.0,8175064.0,3222880.0,0.0,5897544.0,5392944.0,107456.0,292.0,3558.0,309.0,,17238.0,41970.0
2026-04-25 19:32:06,2026-04-25,86400,,daily_unique_cleared_each_window,62,snowflakes-2026-04.tar.xz:snowflakes-2026-04/30/2026-04-29-15-12-47-snowflake-stats,116414.0,81608.0,6057.0,28907.0,561.0,,94541.0,14204.0,41602.0,38577400.0,7994968.0,3444784.0,0.0,5965848.0,5361248.0,112664.0,345.0,3221.0,291.0,,16599.0,36929.0
2026-04-26 19:32:06,2026-04-26,86400,,daily_unique_cleared_each_window,62,snowflakes-2026-04.tar.xz:snowflakes-2026-04/30/2026-04-29-15-12-47-snowflake-stats,115969.0,82238.0,6051.0,27829.0,560.0,,94492.0,13958.0,42727.0,38307872.0,8084824.0,3795360.0,0.0,6258168.0,5508232.0,113792.0,390.0,3180.0,297.0,,15831.0,38344.0
2026-04-27 19:32:06,2026-04-27,86400,,daily_unique_cleared_each_window,62,snowflakes-2026-04.tar.xz:snowflakes-2026-04/30/2026-04-29-15-12-47-snowflake-stats,128799.0,93770.0,6097.0,29020.0,699.0,,105784.0,15210.0,48400.0,39122824.0,7945144.0,3166160.0,0.0,5905152.0,5091024.0,115128.0,428.0,3470.0,310.0,,16914.0,44356.0
2026-04-29 14:47:17,2026-04-29,86400,,daily_unique_cleared_each_window,62,snowflakes-2026-04.tar.xz:snowflakes-2026-04/30/2026-04-29-15-12-47-snowflake-stats,131416.0,94969.0,6142.0,30321.0,735.0,58.0,107352.0,15301.0,49376.0,38986176.0,8000520.0,2914336.0,8.0,5686616.0,5100080.0,128176.0,358.0,3329.0,359.0,1.0,18157.0,44543.0
2026-04-30 14:47:17,2026-04-30,86400,,daily_unique_cleared_each_window,61,snowflakes-2026-05.tar.xz:snowflakes-2026-05/01/2026-04-30-15-15-18-snowflake-stats,129213.0,93766.0,6153.0,29357.0,680.0,39.0,105811.0,14795.0,49094.0,39002336.0,7924208.0,2779768.0,0.0,5593264.0,4989488.0,121224.0,411.0,3426.0,357.0,,17224.0,43739.0
2026-05-01 16:21:40,2026-05-01,86400,,daily_unique_cleared_each_window,60,snowflakes-2026-05.tar.xz:snowflakes-2026-05/02/2026-05-01-17-16-52-snowflake-stats,119706.0,84589.0,6182.0,29073.0,591.0,218.0,97206.0,14375.0,44115.0,39492736.0,7334072.0,3284152.0,0.0,5481736.0,5045568.0,90928.0,432.0,3136.0,327.0,,16833.0,37516.0
2026-05-02 16:21:40,2026-05-02,86400,,daily_unique_cleared_each_window,59,snowflakes-2026-05.tar.xz:snowflakes-2026-05/03/2026-05-02-17-14-30-snowflake-stats,114162.0,79178.0,6117.0,28421.0,559.0,784.0,93116.0,13588.0,41712.0,39154056.0,7292128.0,2965216.0,0.0,5298808.0,4866064.0,92480.0,519.0,2889.0,275.0,1.0,16455.0,35042.0
2026-05-03 16:21:40,2026-05-03,86400,,daily_unique_cleared_each_window,58,snowflakes-2026-05.tar.xz:snowflakes-2026-05/04/2026-05-03-17-14-48-snowflake-stats,117475.0,81909.0,5943.0,29123.0,551.0,972.0,95943.0,13751.0,42521.0,39359584.0,7176040.0,2830600.0,712.0,5203648.0,4711304.0,92400.0,595.0,2885.0,262.0,1.0,16111.0,37261.0
2026-05-04 16:21:40,2026-05-04,86400,,daily_unique_cleared_each_window,57,snowflakes-2026-05.tar.xz:snowflakes-2026-05/05/2026-05-04-17-15-40-snowflake-stats,130511.0,94788.0,6318.0,28881.0,756.0,827.0,106939.0,15092.0,49396.0,39991104.0,7222680.0,2475904.0,0.0,5050024.0,4559736.0,88840.0,553.0,3284.0,307.0,,16903.0,44964.0
2026-05-05 16:21:40,2026-05-05,86400,,daily_unique_cleared_each_window,56,snowflakes-2026-05.tar.xz:snowflakes-2026-05/06/2026-05-05-17-12-13-snowflake-stats,133812.0,96786.0,6372.0,30180.0,723.0,771.0,109318.0,15680.0,49748.0,40123808.0,7280712.0,2386544.0,0.0,5077864.0,4504064.0,85328.0,670.0,3279.0,317.0,,17231.0,45770.0
2026-05-06 16:21:40,2026-05-06,86400,,daily_unique_cleared_each_window,55,snowflakes-2026-05.tar.xz:snowflakes-2026-05/07/2026-05-06-17-17-10-snowflake-stats,136313.0,97849.0,6471.0,31442.0,724.0,880.0,110841.0,15891.0,50783.0,37901296.0,7495688.0,3462088.0,0.0,5821888.0,5045160.0,90728.0,639.0,3455.0,349.0,,18180.0,46678.0
2026-05-07 16:21:40,2026-05-07,86400,,daily_unique_cleared_each_window,54,snowflakes-2026-05.tar.xz:snowflakes-2026-05/08/2026-05-07-17-15-25-snowflake-stats,133460.0,95858.0,6433.0,30648.0,698.0,793.0,108792.0,15449.0,49813.0,38511480.0,7364408.0,2888808.0,0.0,5456720.0,4706528.0,89968.0,723.0,3361.0,343.0,1.0,17132.0,44874.0
2026-05-08 16:21:40,2026-05-08,86400,,daily_unique_cleared_each_window,53,snowflakes-2026-05.tar.xz:snowflakes-2026-05/09/2026-05-08-17-14-50-snowflake-stats,130305.0,92756.0,6430.0,30422.0,654.0,1103.0,105812.0,15396.0,48675.0,38407784.0,7410064.0,2837648.0,0.0,5542688.0,4608808.0,96216.0,719.0,3294.0,350.0,,16369.0,43366.0
2026-05-09 16:21:40,2026-05-09,86400,,daily_unique_cleared_each_window,52,snowflakes-2026-05.tar.xz:snowflakes-2026-05/10/2026-05-09-17-13-38-snowflake-stats,119512.0,82800.0,6333.0,29762.0,568.0,1151.0,97017.0,14327.0,43328.0,38088904.0,7231992.0,3130752.0,0.0,5576408.0,4689832.0,96512.0,778.0,3058.0,360.0,,15898.0,37542.0
2026-05-10 16:21:40,2026-05-10,86400,,daily_unique_cleared_each_window,51,snowflakes-2026-05.tar.xz:snowflakes-2026-05/11/2026-05-10-17-12-21-snowflake-stats,117592.0,81288.0,6278.0,29071.0,551.0,1456.0,95260.0,14108.0,42861.0,38549304.0,7114448.0,2868144.0,0.0,5388472.0,4506016.0,88104.0,868.0,3088.0,369.0,,15468.0,36815.0
2026-05-11 16:21:40,2026-05-11,86400,,daily_unique_cleared_each_window,50,snowflakes-2026-05.tar.xz:snowflakes-2026-05/12/2026-05-11-17-13-23-snowflake-stats,131516.0,93950.0,6446.0,30056.0,658.0,1516.0,108246.0,14952.0,48705.0,39183448.0,7175016.0,2624016.0,0.0,5260496.0,4445744.0,92800.0,1379.0,3155.0,360.0,,16612.0,43981.0
2026-05-12 16:21:40,2026-05-12,86400,,daily_unique_cleared_each_window,49,snowflakes-2026-05.tar.xz:snowflakes-2026-05/13/2026-05-12-17-13-53-snowflake-stats,135032.0,96483.0,6516.0,31221.0,672.0,1331.0,110582.0,15573.0,49658.0,39511216.0,7225896.0,2453544.0,0.0,5046136.0,4540464.0,92840.0,1430.0,3408.0,325.0,,17231.0,44513.0
2026-05-13 16:21:40,2026-05-13,86400,,daily_unique_cleared_each_window,48,snowflakes-2026-05.tar.xz:snowflakes-2026-05/14/2026-05-13-17-17-03-snowflake-stats,135390.0,97231.0,6493.0,30811.0,680.0,1387.0,111234.0,15264.0,51645.0,39806040.0,7349920.0,2000248.0,0.0,4883688.0,4356008.0,110480.0,1288.0,3238.0,333.0,1.0,17501.0,44941.0
2026-05-14 16:21:40,2026-05-14,86400,,daily_unique_cleared_each_window,47,snowflakes-2026-05.tar.xz:snowflakes-2026-05/15/2026-05-14-17-17-08-snowflake-stats,129721.0,92014.0,6293.0,30438.0,577.0,1478.0,106099.0,14724.0,49361.0,38193320.0,7375448.0,2028376.0,0.0,4943680.0,4313304.0,146848.0,1100.0,3407.0,383.0,2.0,17404.0,41134.0
2026-05-15 16:21:40,2026-05-15,86400,,daily_unique_cleared_each_window,46,snowflakes-2026-05.tar.xz:snowflakes-2026-05/16/2026-05-15-17-17-07-snowflake-stats,127979.0,91242.0,6382.0,29495.0,588.0,1293.0,104467.0,15047.0,47415.0,37540440.0,6868728.0,1698208.0,0.0,4515800.0,3914536.0,136600.0,1008.0,3333.0,353.0,3.0,16916.0,40614.0
2026-05-16 16:21:40,2026-05-16,86400,,daily_unique_cleared_each_window,45,snowflakes-2026-05.tar.xz:snowflakes-2026-05/17/2026-05-16-17-11-45-snowflake-stats,121197.0,84674.0,6279.0,29310.0,515.0,1403.0,98909.0,14731.0,43364.0,37822368.0,6601720.0,1600656.0,0.0,4366072.0,3717520.0,118792.0,1236.0,3031.0,305.0,1.0,16518.0,37534.0
2026-05-17 16:21:40,2026-05-17,86400,,daily_unique_cleared_each_window,44,snowflakes-2026-05.tar.xz:snowflakes-2026-05/18/2026-05-17-17-14-23-snowflake-stats,119119.0,83427.0,6377.0,28400.0,499.0,1391.0,97840.0,13974.0,42547.0,38098744.0,6531128.0,1604912.0,0.0,4358008.0,3649856.0,128184.0,1160.0,2969.0,310.0,1.0,15830.0,37866.0
2026-05-18 16:21:40,2026-05-18,86400,,daily_unique_cleared_each_window,43,snowflakes-2026-05.tar.xz:snowflakes-2026-05/19/2026-05-18-17-11-15-snowflake-stats,130931.0,94727.0,6311.0,28982.0,685.0,1415.0,107467.0,15193.0,48925.0,38714376.0,6577288.0,1487616.0,0.0,4344840.0,3596440.0,123616.0,1167.0,3241.0,344.0,,16568.0,44065.0
2026-05-19 16:21:40,2026-05-19,86400,,daily_unique_cleared_each_window,42,snowflakes-2026-05.tar.xz:snowflakes-2026-05/20/2026-05-19-17-16-42-snowflake-stats,134384.0,97504.0,6398.0,29600.0,594.0,1415.0,110697.0,15383.0,49309.0,39246072.0,6399944.0,1384848.0,0.0,4213632.0,3447032.0,124136.0,1335.0,3360.0,321.0,2.0,17471.0,44679.0
2026-05-20 16:21:40,2026-05-20,86400,,daily_unique_cleared_each_window,41,snowflakes-2026-05.tar.xz:snowflakes-2026-05/21/2026-05-20-17-11-38-snowflake-stats,134644.0,97574.0,6470.0,29846.0,581.0,1340.0,110912.0,15094.0,49991.0,39374408.0,6316360.0,1326560.0,0.0,4161584.0,3359560.0,121776.0,1517.0,3187.0,350.0,2.0,17123.0,44190.0
2026-05-21 16:21:40,2026-05-21,86400,,daily_unique_cleared_each_window,40,snowflakes-2026-05.tar.xz:snowflakes-2026-05/22/2026-05-21-17-30-02-snowflake-stats,132794.0,94914.0,6407.0,30541.0,615.0,1551.0,109573.0,15058.0,48767.0,38781488.0,6264944.0,1492128.0,0.0,4205960.0,3435960.0,115160.0,1424.0,3382.0,344.0,2.0,17042.0,43238.0
2026-05-22 16:21:40,2026-05-22,86400,,daily_unique_cleared_each_window,39,snowflakes-2026-05.tar.xz:snowflakes-2026-05/23/2026-05-22-17-16-21-snowflake-stats,129852.0,92597.0,6468.0,29926.0,579.0,1492.0,107137.0,14506.0,47936.0,39023376.0,6247576.0,1392632.0,0.0,4165536.0,3361176.0,113504.0,1374.0,3423.0,363.0,1.0,17258.0,41742.0
2026-05-23 16:21:40,2026-05-23,86400,,daily_unique_cleared_each_window,38,snowflakes-2026-05.tar.xz:snowflakes-2026-05/24/2026-05-23-17-11-16-snowflake-stats,117890.0,81712.0,6305.0,29184.0,447.0,1399.0,96959.0,13392.0,42022.0,38958168.0,6170600.0,1442168.0,0.0,4137776.0,3367712.0,107280.0,1429.0,3051.0,308.0,1.0,16043.0,35425.0
2026-05-24 16:21:40,2026-05-24,86400,,daily_unique_cleared_each_window,37,snowflakes-2026-05.tar.xz:snowflakes-2026-05/25/2026-05-24-17-15-18-snowflake-stats,113127.0,77762.0,6279.0,28295.0,380.0,1500.0,93207.0,12821.0,40100.0,38702872.0,6093808.0,1607744.0,0.0,4230768.0,3364400.0,106384.0,1427.0,3121.0,287.0,,15974.0,33051.0
2026-05-25 16:21:40,2026-05-25,86400,,daily_unique_cleared_each_window,36,snowflakes-2026-05.tar.xz:snowflakes-2026-05/26/2026-05-25-17-14-33-snowflake-stats,121689.0,85112.0,6324.0,29367.0,413.0,1623.0,100130.0,13942.0,43770.0,38350888.0,6246336.0,1527744.0,0.0,4268936.0,3391448.0,113704.0,1516.0,3479.0,280.0,3.0,16549.0,36006.0
2026-05-26 16:21:40,2026-05-26,86400,,daily_unique_cleared_each_window,35,snowflakes-2026-05.tar.xz:snowflakes-2026-05/27/2026-05-26-17-12-02-snowflake-stats,133279.0,93109.0,6443.0,32920.0,501.0,1529.0,109828.0,14630.0,49108.0,38193904.0,6672904.0,1699264.0,0.0,4421520.0,3838640.0,112008.0,4543.0,3506.0,302.0,1.0,17664.0,41453.0
2026-05-27 16:21:40,2026-05-27,86400,,daily_unique_cleared_each_window,34,snowflakes-2026-05.tar.xz:snowflakes-2026-05/28/2026-05-27-17-13-38-snowflake-stats,183909.0,92430.0,6700.0,83995.0,600.0,1700.0,150727.0,15920.0,65719.0,29286552.0,12887912.0,6495224.0,1433440.0,10087600.0,10618536.0,110440.0,47052.0,3561.0,359.0,1.0,19878.0,45479.0
2026-05-28 16:21:40,2026-05-28,86400,,daily_unique_cleared_each_window,33,snowflakes-2026-05.tar.xz:snowflakes-2026-05/29/2026-05-28-17-15-09-snowflake-stats,178671.0,90948.0,6584.0,80507.0,532.0,1603.0,147378.0,15255.0,62818.0,27609720.0,14546920.0,7208256.0,2409344.0,11090880.0,12967048.0,106592.0,44951.0,3506.0,479.0,1.0,18812.0,44017.0
2026-05-29 16:21:40,2026-05-29,86400,,daily_unique_cleared_each_window,32,snowflakes-2026-05.tar.xz:snowflakes-2026-05/30/2026-05-29-17-17-16-snowflake-stats,172529.0,89421.0,6532.0,75811.0,534.0,1691.0,141617.0,15321.0,60626.0,26366240.0,13756176.0,7059768.0,3525992.0,11239600.0,12992808.0,109520.0,40143.0,3456.0,485.0,2.0,19141.0,42805.0
2026-05-30 16:21:40,2026-05-30,86400,,daily_unique_cleared_each_window,31,snowflakes-2026-05.tar.xz:snowflakes-2026-05/31/2026-05-30-17-13-52-snowflake-stats,163893.0,80544.0,6476.0,75966.0,471.0,1767.0,134290.0,15030.0,55208.0,25668672.0,13153624.0,6656200.0,5239072.0,11547440.0,13387680.0,113776.0,40735.0,3240.0,481.0,3.0,18798.0,38121.0
2026-05-31 16:21:40,2026-05-31,86400,,daily_unique_cleared_each_window,30,snowflakes-2026-06.tar.xz:snowflakes-2026-06/01/2026-05-31-17-16-02-snowflake-stats,160335.0,80455.0,6508.0,72689.0,492.0,1427.0,131217.0,14463.0,54306.0,26391904.0,12729016.0,6534104.0,4127728.0,10796856.0,12477112.0,116872.0,38893.0,3088.0,436.0,,18132.0,38856.0
2026-06-01 16:21:40,2026-06-01,86400,,daily_unique_cleared_each_window,29,snowflakes-2026-06.tar.xz:snowflakes-2026-06/02/2026-06-01-17-14-45-snowflake-stats,171197.0,91801.0,6661.0,71717.0,598.0,1815.0,140773.0,15191.0,59555.0,26743960.0,12462888.0,6651240.0,4175480.0,10663776.0,12522792.0,103040.0,36843.0,3512.0,405.0,2.0,19585.0,44408.0
2026-06-02 16:21:40,2026-06-02,86400,,daily_unique_cleared_each_window,28,snowflakes-2026-06.tar.xz:snowflakes-2026-06/03/2026-06-02-20-04-08-snowflake-stats,173339.0,92536.0,6642.0,72963.0,596.0,1998.0,142464.0,15503.0,59939.0,27139984.0,12177792.0,6427272.0,4405048.0,10324072.0,12580856.0,105184.0,36480.0,3602.0,316.0,2.0,20208.0,44811.0
2026-06-03 16:21:40,2026-06-03,86400,,daily_unique_cleared_each_window,27,snowflakes-2026-06.tar.xz:snowflakes-2026-06/04/2026-06-03-17-13-14-snowflake-stats,170570.0,92433.0,6572.0,70303.0,555.0,2036.0,140784.0,14652.0,59065.0,27120016.0,12078968.0,6419624.0,3148728.0,9631008.0,11897424.0,118880.0,35649.0,3457.0,413.0,2.0,18928.0,44294.0
2026-06-04 16:21:40,2026-06-04,86400,,daily_unique_cleared_each_window,26,snowflakes-2026-06.tar.xz:snowflakes-2026-06/05/2026-06-04-17-12-34-snowflake-stats,163969.0,90298.0,6527.0,65984.0,549.0,1909.0,134522.0,14797.0,56509.0,30930488.0,11024536.0,6518656.0,5256.0,7931280.0,9502112.0,115048.0,31281.0,3478.0,514.0,1.0,19265.0,42705.0
2026-06-05 16:21:40,2026-06-05,86400,,daily_unique_cleared_each_window,25,snowflakes-2026-06.tar.xz:snowflakes-2026-06/06/2026-06-05-17-15-58-snowflake-stats,160637.0,88728.0,6533.0,64237.0,553.0,1841.0,131866.0,14768.0,55039.0,34641272.0,10554560.0,6181416.0,672.0,7563992.0,9059424.0,113240.0,29392.0,3392.0,510.0,3.0,18890.0,42686.0
2026-06-06 16:21:40,2026-06-06,86400,,daily_unique_cleared_each_window,24,snowflakes-2026-06.tar.xz:snowflakes-2026-06/07/2026-06-06-17-17-54-snowflake-stats,154243.0,81234.0,6482.0,65641.0,482.0,1691.0,126154.0,14914.0,50092.0,34430360.0,10591904.0,6211760.0,1712.0,7732720.0,8965008.0,107648.0,31074.0,3190.0,462.0,2.0,18429.0,37255.0
2026-06-07 16:21:40,2026-06-07,86400,,daily_unique_cleared_each_window,23,snowflakes-2026-06.tar.xz:snowflakes-2026-06/08/2026-06-07-17-17-42-snowflake-stats,151653.0,80244.0,6396.0,63809.0,479.0,2043.0,125353.0,14532.0,48682.0,35272200.0,10054984.0,6050408.0,0.0,7545016.0,8442704.0,117672.0,31121.0,3165.0,457.0,1.0,18130.0,37852.0
2026-06-08 16:21:40,2026-06-08,86400,,daily_unique_cleared_each_window,22,snowflakes-2026-06.tar.xz:snowflakes-2026-06/09/2026-06-08-17-14-02-snowflake-stats,162804.0,90946.0,6467.0,64299.0,605.0,1882.0,134009.0,15569.0,54900.0,35273312.0,10093656.0,6213296.0,0.0,7735424.0,8452904.0,118632.0,30335.0,3539.0,450.0,1.0,19323.0,43710.0
2026-06-09 16:21:40,2026-06-09,86400,,daily_unique_cleared_each_window,21,snowflakes-2026-06.tar.xz:snowflakes-2026-06/10/2026-06-09-17-13-47-snowflake-stats,164144.0,93029.0,6546.0,63076.0,635.0,2157.0,134991.0,15627.0,55554.0,36166200.0,9664960.0,5819144.0,520.0,7441768.0,7926592.0,116264.0,29320.0,3566.0,456.0,2.0,19933.0,44236.0
2026-06-10 16:21:40,2026-06-10,86400,,daily_unique_cleared_each_window,20,snowflakes-2026-06.tar.xz:snowflakes-2026-06/11/2026-06-10-17-15-53-snowflake-stats,168086.0,96518.0,6567.0,63703.0,602.0,1883.0,138752.0,15799.0,58151.0,36124328.0,9558856.0,5372336.0,1160.0,7119296.0,7696056.0,116992.0,30226.0,3475.0,477.0,2.0,20653.0,45473.0
2026-06-11 16:21:40,2026-06-11,86400,,daily_unique_cleared_each_window,19,snowflakes-2026-06.tar.xz:snowflakes-2026-06/12/2026-06-11-17-13-58-snowflake-stats,164694.0,95227.0,6650.0,61767.0,546.0,1623.0,136412.0,15596.0,57170.0,37023232.0,9253760.0,3682992.0,0.0,6344384.0,6488440.0,103936.0,29429.0,3571.0,479.0,1.0,19437.0,44970.0
2026-06-12 16:21:40,2026-06-12,86400,,daily_unique_cleared_each_window,18,snowflakes-2026-06.tar.xz:snowflakes-2026-06/13/2026-06-12-17-11-44-snowflake-stats,162792.0,94689.0,6230.0,60740.0,537.0,1761.0,135043.0,15683.0,55075.0,36678368.0,8959096.0,2760136.0,0.0,5863240.0,5746920.0,109072.0,27784.0,3099.0,473.0,2.0,20002.0,45109.0
2026-06-13 16:21:40,2026-06-13,86400,,daily_unique_cleared_each_window,17,snowflakes-2026-06.tar.xz:snowflakes-2026-06/14/2026-06-13-17-18-19-snowflake-stats,156312.0,87331.0,6140.0,62038.0,469.0,1546.0,130282.0,15196.0,49450.0,36386208.0,8779152.0,2585240.0,0.0,5817808.0,5442384.0,104208.0,29961.0,3043.0,454.0,3.0,19551.0,39939.0
2026-06-14 16:21:40,2026-06-14,86400,,daily_unique_cleared_each_window,16,snowflakes-2026-06.tar.xz:snowflakes-2026-06/15/2026-06-14-17-18-06-snowflake-stats,154413.0,85893.0,6005.0,61650.0,466.0,1479.0,129014.0,14509.0,49065.0,36587144.0,8476800.0,2341288.0,0.0,5535800.0,5185864.0,96424.0,30125.0,2892.0,438.0,,18595.0,39549.0
2026-06-15 16:21:40,2026-06-15,86400,,daily_unique_cleared_each_window,15,snowflakes-2026-06.tar.xz:snowflakes-2026-06/16/2026-06-15-17-15-27-snowflake-stats,165727.0,96612.0,6108.0,62024.0,536.0,1642.0,139086.0,15490.0,54510.0,36620136.0,8748176.0,2300776.0,0.0,5712560.0,5229616.0,106784.0,30732.0,3315.0,465.0,,18565.0,45336.0
2026-06-16 16:21:40,2026-06-16,86400,,daily_unique_cleared_each_window,14,snowflakes-2026-06.tar.xz:snowflakes-2026-06/17/2026-06-16-17-13-46-snowflake-stats,169142.0,99606.0,6330.0,62114.0,537.0,1625.0,141152.0,16533.0,56408.0,37165280.0,8498904.0,2095760.0,0.0,5501480.0,4989984.0,103200.0,29992.0,3475.0,533.0,2.0,20199.0,46798.0
2026-06-17 16:21:40,2026-06-17,86400,,daily_unique_cleared_each_window,13,snowflakes-2026-06.tar.xz:snowflakes-2026-06/18/2026-06-17-17-11-22-snowflake-stats,173557.0,105060.0,6125.0,61194.0,548.0,1693.0,145362.0,17592.0,60256.0,39625840.0,8657096.0,1763520.0,0.0,5434264.0,4870408.0,115944.0,28674.0,3387.0,531.0,3.0,21460.0,49357.0
2026-06-18 16:21:40,2026-06-18,86400,,daily_unique_cleared_each_window,12,snowflakes-2026-06.tar.xz:snowflakes-2026-06/19/2026-06-18-17-18-25-snowflake-stats,168916.0,102731.0,6102.0,58933.0,517.0,1686.0,142091.0,15877.0,55202.0,39642408.0,8504760.0,1687096.0,0.0,5286864.0,4796992.0,108000.0,27517.0,3333.0,482.0,2.0,20950.0,47487.0
2026-06-19 16:21:40,2026-06-19,86400,,daily_unique_cleared_each_window,11,snowflakes-2026-06.tar.xz:snowflakes-2026-06/20/2026-06-19-17-11-42-snowflake-stats,163219.0,98730.0,6193.0,57217.0,511.0,1665.0,136787.0,16013.0,53126.0,39253120.0,8284176.0,1704696.0,0.0,5138848.0,4748056.0,101976.0,26175.0,3328.0,322.0,1.0,19260.0,46411.0
2026-06-20 16:21:40,2026-06-20,86400,,daily_unique_cleared_each_window,10,snowflakes-2026-06.tar.xz:snowflakes-2026-06/21/2026-06-20-17-18-29-snowflake-stats,156207.0,88985.0,6099.0,59970.0,476.0,1619.0,130174.0,15870.0,48664.0,38766920.0,8010312.0,1726968.0,0.0,5062944.0,4559720.0,114624.0,28547.0,3125.0,352.0,1.0,18975.0,41599.0
2026-06-21 16:21:40,2026-06-21,86400,,daily_unique_cleared_each_window,9,snowflakes-2026-06.tar.xz:snowflakes-2026-06/22/2026-06-21-17-20-12-snowflake-stats,153886.0,88691.0,5986.0,58232.0,402.0,1417.0,129564.0,14860.0,47011.0,38688032.0,7872920.0,1729536.0,0.0,5074128.0,4419488.0,108848.0,28776.0,3066.0,355.0,,18750.0,40481.0
2026-06-22 16:21:40,2026-06-22,86400,,daily_unique_cleared_each_window,8,snowflakes-2026-06.tar.xz:snowflakes-2026-06/23/2026-06-22-17-13-12-snowflake-stats,166431.0,100058.0,6030.0,59304.0,486.0,1491.0,140041.0,16156.0,53264.0,39625392.0,7927056.0,1657888.0,0.0,5085008.0,4386032.0,113904.0,28323.0,3342.0,378.0,1.0,19288.0,46709.0
2026-06-23 16:21:40,2026-06-23,86400,,daily_unique_cleared_each_window,7,snowflakes-2026-06.tar.xz:snowflakes-2026-06/24/2026-06-23-17-11-15-snowflake-stats,166015.0,99738.0,6036.0,59029.0,502.0,1627.0,139799.0,15659.0,54237.0,39863568.0,7966232.0,1617512.0,0.0,5078568.0,4394240.0,110944.0,27491.0,3293.0,349.0,2.0,20131.0,45836.0
2026-06-24 16:21:40,2026-06-24,86400,,daily_unique_cleared_each_window,6,snowflakes-2026-06.tar.xz:snowflakes-2026-06/25/2026-06-24-17-11-06-snowflake-stats,162133.0,98547.0,5963.0,56370.0,502.0,1483.0,136231.0,15696.0,53448.0,39769168.0,7687592.0,1504192.0,0.0,4891424.0,4183280.0,117088.0,25025.0,3498.0,377.0,,18757.0,46048.0
2026-06-25 21:17:59,2026-06-25,86400,,daily_unique_cleared_each_window,5,snowflakes-2026-06.tar.xz:snowflakes-2026-06/26/2026-06-25-22-16-50-snowflake-stats,158334.0,96565.0,5987.0,54183.0,490.0,1565.0,132319.0,15727.0,52160.0,39440384.0,7660160.0,1447048.0,0.0,4877864.0,4122016.0,107328.0,23694.0,3446.0,434.0,2.0,19578.0,44011.0
2026-06-26 21:17:59,2026-06-26,86400,,daily_unique_cleared_each_window,4,snowflakes-2026-06.tar.xz:snowflakes-2026-06/27/2026-06-26-22-12-13-snowflake-stats,157107.0,94068.0,6002.0,55424.0,421.0,1514.0,131038.0,15677.0,51194.0,38876624.0,8089000.0,1602592.0,3464.0,5223688.0,4353456.0,117912.0,24610.0,3377.0,391.0,2.0,20420.0,41941.0
2026-06-27 21:17:59,2026-06-27,86400,,daily_unique_cleared_each_window,3,snowflakes-2026-06.tar.xz:snowflakes-2026-06/28/2026-06-27-22-14-33-snowflake-stats,148974.0,84873.0,5987.0,56587.0,363.0,1364.0,124831.0,14726.0,46779.0,38468288.0,7670224.0,1574944.0,0.0,5039720.0,4099648.0,105816.0,26790.0,2962.0,357.0,1.0,19452.0,37567.0
2026-06-28 21:17:59,2026-06-28,86400,,daily_unique_cleared_each_window,2,snowflakes-2026-06.tar.xz:snowflakes-2026-06/29/2026-06-28-22-13-44-snowflake-stats,151596.0,88103.0,5927.0,55883.0,426.0,1377.0,126943.0,14846.0,47882.0,38724912.0,7599672.0,1581456.0,0.0,5013480.0,4067816.0,99832.0,26819.0,3010.0,522.0,2.0,19325.0,39615.0
2026-06-29 21:17:59,2026-06-29,86400,,daily_unique_cleared_each_window,1,snowflakes-2026-06.tar.xz:snowflakes-2026-06/30/2026-06-29-22-14-11-snowflake-stats,160876.0,96482.0,6000.0,56660.0,493.0,1362.0,135410.0,15107.0,53672.0,39453840.0,7685280.0,1470672.0,0.0,5024624.0,4029944.0,101384.0,26610.0,3177.0,381.0,2.0,20699.0,44448.0
2026-07-30 21:17:59,2026-07-30,86400,,daily_unique_cleared_each_window,1,snowflakes-2026-07.tar.xz:snowflakes-2026-07/31/2026-07-30-22-16-39-snowflake-stats,145502.0,89270.0,6005.0,34990.0,424.0,1281.0,118283.0,18582.0,47825.0,34727240.0,7553736.0,1246544.0,0.0,5439064.0,3241256.0,119960.0,26838.0,2809.0,340.0,2.0,18488.0,38295.0
2026-08-30 21:17:59,2026-08-30,86400,,daily_unique_cleared_each_window,1,snowflakes-2026-08.tar.xz:snowflakes-2026-08/31/2026-08-30-22-15-52-snowflake-stats,138099.0,81846.0,5736.0,29939.0,313.0,2767.0,104246.0,26137.0,45078.0,31828832.0,6228696.0,1074672.0,104.0,4527064.0,2506624.0,269776.0,27072.0,2404.0,328.0,,15881.0,36326.0
2026-09-28 20:18:16,2026-09-28,86400,,daily_unique_cleared_each_window,1,snowflakes-2026-09.tar.xz:snowflakes-2026-09/29/2026-09-28-20-18-45-snowflake-stats,150366.0,91341.0,6003.0,28724.0,311.0,2635.0,114415.0,28579.0,49403.0,33898208.0,6873312.0,1061848.0,312.0,5183992.0,2630048.0,121432.0,30382.0,2935.0,255.0,,17345.0,41438.0
2026-09-29 20:18:16,2026-09-29,86400,,daily_unique_cleared_each_window,1,snowflakes-2026-09.tar.xz:snowflakes-2026-09/30/2026-09-29-20-19-02-snowflake-stats,149731.0,91374.0,6069.0,27947.0,322.0,2850.0,113477.0,28115.0,50035.0,33088656.0,7111904.0,1111000.0,320.0,5433048.0,2669024.0,121144.0,29141.0,2901.0,275.0,,17746.0,40750.0
2026-09-30 20:18:16,2026-09-30,86400,,daily_unique_cleared_each_window,2,snowflakes-2026-10.tar.xz:snowflakes-2026-10/01/2026-09-30-21-13-50-snowflake-stats,149678.0,92257.0,6051.0,27484.0,349.0,2862.0,113459.0,28123.0,50854.0,31941040.0,6768000.0,934192.0,408.0,5035656.0,2548056.0,118896.0,28272.0,2823.0,281.0,1.0,17660.0,41588.0
2026-10-01 20:18:16,2026-10-01,86400,,daily_unique_cleared_each_window,2,snowflakes-2026-10.tar.xz:snowflakes-2026-10/02/2026-10-01-21-17-32-snowflake-stats,147759.0,91805.0,6329.0,26455.0,328.0,2839.0,112455.0,27128.0,50671.0,30943896.0,6719568.0,957368.0,728.0,4988712.0,2570736.0,118208.0,26213.0,2805.0,299.0,,17713.0,40933.0
2026-10-02 20:18:16,2026-10-02,86400,,daily_unique_cleared_each_window,2,snowflakes-2026-10.tar.xz:snowflakes-2026-10/03/2026-10-02-21-14-46-snowflake-stats,142419.0,88127.0,6258.0,25704.0,303.0,2756.0,109133.0,25968.0,47985.0,30853888.0,6634552.0,970632.0,176.0,5004208.0,2489336.0,111824.0,26013.0,2776.0,251.0,,17572.0,38786.0
2026-10-03 20:18:16,2026-10-03,86400,,daily_unique_cleared_each_window,1,recent/2026-10-03-21-16-48-snowflake-stats,137719.0,81878.0,6443.0,26856.0,280.0,2653.0,104770.0,25456.0,44413.0,31187856.0,6570488.0,996400.0,0.0,5014552.0,2440496.0,111840.0,26653.0,2584.0,241.0,,17177.0,35787.0
